[Proxy] 使用代理: http://172.27.128.1:10809
🚀 AI资讯服务器 v2.0 运行在端口 5000
📱 健康检查: http://localhost:5000/health
🔌 WebSocket: ws://localhost:5000
📅 定时更新: 每日8:00 + 每30分钟增量
🧹 数据清理: 每日2:00
🔄 初始化系统...
SQLite数据库连接成功: /home/tian/clawdbot/work/Ainews/server/data/ainews.db
❌ 初始化失败: Error: SQLITE_ERROR: incomplete input
--> in Database#run('\n' +
  '\n' +
  '      -- 清理30天前的请求日志\n' +
  '      CREATE TRIGGER IF NOT EXISTS cleanup_old_logs\n' +
  '      AFTER INSERT ON request_logs\n' +
  '      BEGIN\n' +
  "        DELETE FROM request_logs WHERE request_time < datetime('now', '-30 days')", [], [Function (anonymous)])
    at /home/tian/clawdbot/work/Ainews/server/services/DatabaseService.js:132:15
    at new Promise (<anonymous>)
    at DatabaseService.run (/home/tian/clawdbot/work/Ainews/server/services/DatabaseService.js:131:12)
    at DatabaseService.runMultiple (/home/tian/clawdbot/work/Ainews/server/services/DatabaseService.js:124:20) {
  errno: 1,
  code: 'SQLITE_ERROR',
  __augmented: true
}
📅 调度初始化恢复，2分钟后重试...
SQLite数据库连接成功: /home/tian/clawdbot/work/Ainews/server/data/ainews.db
获取统计信息失败: Error: SQLITE_ERROR: incomplete input
--> in Database#run('\n' +
  '\n' +
  '      -- 清理30天前的请求日志\n' +
  '      CREATE TRIGGER IF NOT EXISTS cleanup_old_logs\n' +
  '      AFTER INSERT ON request_logs\n' +
  '      BEGIN\n' +
  "        DELETE FROM request_logs WHERE request_time < datetime('now', '-30 days')", [], [Function (anonymous)])
    at /home/tian/clawdbot/work/Ainews/server/services/DatabaseService.js:132:15
    at new Promise (<anonymous>)
    at DatabaseService.run (/home/tian/clawdbot/work/Ainews/server/services/DatabaseService.js:131:12)
    at DatabaseService.runMultiple (/home/tian/clawdbot/work/Ainews/server/services/DatabaseService.js:124:20) {
  errno: 1,
  code: 'SQLITE_ERROR',
  __augmented: true
}
SQLite数据库连接成功: /home/tian/clawdbot/work/Ainews/server/data/ainews.db
SQLite数据库连接成功: /home/tian/clawdbot/work/Ainews/server/data/ainews.db
获取新闻失败: Error: SQLITE_ERROR: incomplete input
--> in Database#run('\n' +
  '\n' +
  '      -- 清理30天前的请求日志\n' +
  '      CREATE TRIGGER IF NOT EXISTS cleanup_old_logs\n' +
  '      AFTER INSERT ON request_logs\n' +
  '      BEGIN\n' +
  "        DELETE FROM request_logs WHERE request_time < datetime('now', '-30 days')", [], [Function (anonymous)])
    at /home/tian/clawdbot/work/Ainews/server/services/DatabaseService.js:132:15
    at new Promise (<anonymous>)
    at DatabaseService.run (/home/tian/clawdbot/work/Ainews/server/services/DatabaseService.js:131:12)
    at DatabaseService.runMultiple (/home/tian/clawdbot/work/Ainews/server/services/DatabaseService.js:124:20) {
  errno: 1,
  code: 'SQLITE_ERROR',
  __augmented: true
}
SQLite数据库连接成功: /home/tian/clawdbot/work/Ainews/server/data/ainews.db
获取分类失败: Error: SQLITE_ERROR: incomplete input
--> in Database#run('\n' +
  '\n' +
  '      -- 清理30天前的请求日志\n' +
  '      CREATE TRIGGER IF NOT EXISTS cleanup_old_logs\n' +
  '      AFTER INSERT ON request_logs\n' +
  '      BEGIN\n' +
  "        DELETE FROM request_logs WHERE request_time < datetime('now', '-30 days')", [], [Function (anonymous)])
    at /home/tian/clawdbot/work/Ainews/server/services/DatabaseService.js:132:15
    at new Promise (<anonymous>)
    at DatabaseService.run (/home/tian/clawdbot/work/Ainews/server/services/DatabaseService.js:131:12)
    at DatabaseService.runMultiple (/home/tian/clawdbot/work/Ainews/server/services/DatabaseService.js:124:20) {
  errno: 1,
  code: 'SQLITE_ERROR',
  __augmented: true
}
SQLite数据库连接成功: /home/tian/clawdbot/work/Ainews/server/data/ainews.db
SQLite数据库连接成功: /home/tian/clawdbot/work/Ainews/server/data/ainews.db
获取分类失败: Error: SQLITE_ERROR: incomplete input
--> in Database#run('\n' +
  '\n' +
  '      -- 清理30天前的请求日志\n' +
  '      CREATE TRIGGER IF NOT EXISTS cleanup_old_logs\n' +
  '      AFTER INSERT ON request_logs\n' +
  '      BEGIN\n' +
  "        DELETE FROM request_logs WHERE request_time < datetime('now', '-30 days')", [], [Function (anonymous)])
    at /home/tian/clawdbot/work/Ainews/server/services/DatabaseService.js:132:15
    at new Promise (<anonymous>)
    at DatabaseService.run (/home/tian/clawdbot/work/Ainews/server/services/DatabaseService.js:131:12)
    at DatabaseService.runMultiple (/home/tian/clawdbot/work/Ainews/server/services/DatabaseService.js:124:20) {
  errno: 1,
  code: 'SQLITE_ERROR',
  __augmented: true
}
SQLite数据库连接成功: /home/tian/clawdbot/work/Ainews/server/data/ainews.db
获取新闻失败: Error: SQLITE_ERROR: incomplete input
--> in Database#run('\n' +
  '\n' +
  '      -- 清理30天前的请求日志\n' +
  '      CREATE TRIGGER IF NOT EXISTS cleanup_old_logs\n' +
  '      AFTER INSERT ON request_logs\n' +
  '      BEGIN\n' +
  "        DELETE FROM request_logs WHERE request_time < datetime('now', '-30 days')", [], [Function (anonymous)])
    at /home/tian/clawdbot/work/Ainews/server/services/DatabaseService.js:132:15
    at new Promise (<anonymous>)
    at DatabaseService.run (/home/tian/clawdbot/work/Ainews/server/services/DatabaseService.js:131:12)
    at DatabaseService.runMultiple (/home/tian/clawdbot/work/Ainews/server/services/DatabaseService.js:124:20) {
  errno: 1,
  code: 'SQLITE_ERROR',
  __augmented: true
}
SQLite数据库连接成功: /home/tian/clawdbot/work/Ainews/server/data/ainews.db
SQLite数据库连接成功: /home/tian/clawdbot/work/Ainews/server/data/ainews.db
获取分类失败: Error: SQLITE_ERROR: incomplete input
--> in Database#run('\n' +
  '\n' +
  '      -- 清理30天前的请求日志\n' +
  '      CREATE TRIGGER IF NOT EXISTS cleanup_old_logs\n' +
  '      AFTER INSERT ON request_logs\n' +
  '      BEGIN\n' +
  "        DELETE FROM request_logs WHERE request_time < datetime('now', '-30 days')", [], [Function (anonymous)])
    at /home/tian/clawdbot/work/Ainews/server/services/DatabaseService.js:132:15
    at new Promise (<anonymous>)
    at DatabaseService.run (/home/tian/clawdbot/work/Ainews/server/services/DatabaseService.js:131:12)
    at DatabaseService.runMultiple (/home/tian/clawdbot/work/Ainews/server/services/DatabaseService.js:124:20) {
  errno: 1,
  code: 'SQLITE_ERROR',
  __augmented: true
}
开始更新新闻...
SQLite数据库连接成功: /home/tian/clawdbot/work/Ainews/server/data/ainews.db
更新新闻时发生严重错误: Error: SQLITE_ERROR: incomplete input
--> in Database#run('\n' +
  '\n' +
  '      -- 清理30天前的请求日志\n' +
  '      CREATE TRIGGER IF NOT EXISTS cleanup_old_logs\n' +
  '      AFTER INSERT ON request_logs\n' +
  '      BEGIN\n' +
  "        DELETE FROM request_logs WHERE request_time < datetime('now', '-30 days')", [], [Function (anonymous)])
    at /home/tian/clawdbot/work/Ainews/server/services/DatabaseService.js:132:15
    at new Promise (<anonymous>)
    at DatabaseService.run (/home/tian/clawdbot/work/Ainews/server/services/DatabaseService.js:131:12)
    at DatabaseService.runMultiple (/home/tian/clawdbot/work/Ainews/server/services/DatabaseService.js:124:20) {
  errno: 1,
  code: 'SQLITE_ERROR',
  __augmented: true
}
调度自动恢复，5分钟后重试...
❌ 恢复初始化失败: Error: SQLITE_ERROR: incomplete input
--> in Database#run('\n' +
  '\n' +
  '      -- 清理30天前的请求日志\n' +
  '      CREATE TRIGGER IF NOT EXISTS cleanup_old_logs\n' +
  '      AFTER INSERT ON request_logs\n' +
  '      BEGIN\n' +
  "        DELETE FROM request_logs WHERE request_time < datetime('now', '-30 days')", [], [Function (anonymous)])
    at /home/tian/clawdbot/work/Ainews/server/services/DatabaseService.js:132:15
    at new Promise (<anonymous>)
    at DatabaseService.run (/home/tian/clawdbot/work/Ainews/server/services/DatabaseService.js:131:12)
    at DatabaseService.runMultiple (/home/tian/clawdbot/work/Ainews/server/services/DatabaseService.js:124:20) {
  errno: 1,
  code: 'SQLITE_ERROR',
  __augmented: true
}
📅 调度初始化恢复，2分钟后重试...
SQLite数据库连接成功: /home/tian/clawdbot/work/Ainews/server/data/ainews.db
SQLite数据库连接成功: /home/tian/clawdbot/work/Ainews/server/data/ainews.db
获取分类失败: Error: SQLITE_ERROR: incomplete input
--> in Database#run('\n' +
  '\n' +
  '      -- 清理30天前的请求日志\n' +
  '      CREATE TRIGGER IF NOT EXISTS cleanup_old_logs\n' +
  '      AFTER INSERT ON request_logs\n' +
  '      BEGIN\n' +
  "        DELETE FROM request_logs WHERE request_time < datetime('now', '-30 days')", [], [Function (anonymous)])
    at /home/tian/clawdbot/work/Ainews/server/services/DatabaseService.js:132:15
    at new Promise (<anonymous>)
    at DatabaseService.run (/home/tian/clawdbot/work/Ainews/server/services/DatabaseService.js:131:12)
    at DatabaseService.runMultiple (/home/tian/clawdbot/work/Ainews/server/services/DatabaseService.js:124:20) {
  errno: 1,
  code: 'SQLITE_ERROR',
  __augmented: true
}
SQLite数据库连接成功: /home/tian/clawdbot/work/Ainews/server/data/ainews.db
SQLite数据库连接成功: /home/tian/clawdbot/work/Ainews/server/data/ainews.db
获取分类失败: Error: SQLITE_ERROR: incomplete input
--> in Database#run('\n' +
  '\n' +
  '      -- 清理30天前的请求日志\n' +
  '      CREATE TRIGGER IF NOT EXISTS cleanup_old_logs\n' +
  '      AFTER INSERT ON request_logs\n' +
  '      BEGIN\n' +
  "        DELETE FROM request_logs WHERE request_time < datetime('now', '-30 days')", [], [Function (anonymous)])
    at /home/tian/clawdbot/work/Ainews/server/services/DatabaseService.js:132:15
    at new Promise (<anonymous>)
    at DatabaseService.run (/home/tian/clawdbot/work/Ainews/server/services/DatabaseService.js:131:12)
    at DatabaseService.runMultiple (/home/tian/clawdbot/work/Ainews/server/services/DatabaseService.js:124:20) {
  errno: 1,
  code: 'SQLITE_ERROR',
  __augmented: true
}
开始更新新闻...
SQLite数据库连接成功: /home/tian/clawdbot/work/Ainews/server/data/ainews.db
更新新闻时发生严重错误: Error: SQLITE_ERROR: incomplete input
--> in Database#run('\n' +
  '\n' +
  '      -- 清理30天前的请求日志\n' +
  '      CREATE TRIGGER IF NOT EXISTS cleanup_old_logs\n' +
  '      AFTER INSERT ON request_logs\n' +
  '      BEGIN\n' +
  "        DELETE FROM request_logs WHERE request_time < datetime('now', '-30 days')", [], [Function (anonymous)])
    at /home/tian/clawdbot/work/Ainews/server/services/DatabaseService.js:132:15
    at new Promise (<anonymous>)
    at DatabaseService.run (/home/tian/clawdbot/work/Ainews/server/services/DatabaseService.js:131:12)
    at DatabaseService.runMultiple (/home/tian/clawdbot/work/Ainews/server/services/DatabaseService.js:124:20) {
  errno: 1,
  code: 'SQLITE_ERROR',
  __augmented: true
}
调度自动恢复，5分钟后重试...
❌ 恢复初始化失败: Error: SQLITE_ERROR: incomplete input
--> in Database#run('\n' +
  '\n' +
  '      -- 清理30天前的请求日志\n' +
  '      CREATE TRIGGER IF NOT EXISTS cleanup_old_logs\n' +
  '      AFTER INSERT ON request_logs\n' +
  '      BEGIN\n' +
  "        DELETE FROM request_logs WHERE request_time < datetime('now', '-30 days')", [], [Function (anonymous)])
    at /home/tian/clawdbot/work/Ainews/server/services/DatabaseService.js:132:15
    at new Promise (<anonymous>)
    at DatabaseService.run (/home/tian/clawdbot/work/Ainews/server/services/DatabaseService.js:131:12)
    at DatabaseService.runMultiple (/home/tian/clawdbot/work/Ainews/server/services/DatabaseService.js:124:20) {
  errno: 1,
  code: 'SQLITE_ERROR',
  __augmented: true
}
📅 调度初始化恢复，2分钟后重试...
SQLite数据库连接成功: /home/tian/clawdbot/work/Ainews/server/data/ainews.db
SQLite数据库连接成功: /home/tian/clawdbot/work/Ainews/server/data/ainews.db
获取分类失败: Error: SQLITE_ERROR: incomplete input
--> in Database#run('\n' +
  '\n' +
  '      -- 清理30天前的请求日志\n' +
  '      CREATE TRIGGER IF NOT EXISTS cleanup_old_logs\n' +
  '      AFTER INSERT ON request_logs\n' +
  '      BEGIN\n' +
  "        DELETE FROM request_logs WHERE request_time < datetime('now', '-30 days')", [], [Function (anonymous)])
    at /home/tian/clawdbot/work/Ainews/server/services/DatabaseService.js:132:15
    at new Promise (<anonymous>)
    at DatabaseService.run (/home/tian/clawdbot/work/Ainews/server/services/DatabaseService.js:131:12)
    at DatabaseService.runMultiple (/home/tian/clawdbot/work/Ainews/server/services/DatabaseService.js:124:20) {
  errno: 1,
  code: 'SQLITE_ERROR',
  __augmented: true
}
SQLite数据库连接成功: /home/tian/clawdbot/work/Ainews/server/data/ainews.db
SQLite数据库连接成功: /home/tian/clawdbot/work/Ainews/server/data/ainews.db
获取分类失败: Error: SQLITE_ERROR: incomplete input
--> in Database#run('\n' +
  '\n' +
  '      -- 清理30天前的请求日志\n' +
  '      CREATE TRIGGER IF NOT EXISTS cleanup_old_logs\n' +
  '      AFTER INSERT ON request_logs\n' +
  '      BEGIN\n' +
  "        DELETE FROM request_logs WHERE request_time < datetime('now', '-30 days')", [], [Function (anonymous)])
    at /home/tian/clawdbot/work/Ainews/server/services/DatabaseService.js:132:15
    at new Promise (<anonymous>)
    at DatabaseService.run (/home/tian/clawdbot/work/Ainews/server/services/DatabaseService.js:131:12)
    at DatabaseService.runMultiple (/home/tian/clawdbot/work/Ainews/server/services/DatabaseService.js:124:20) {
  errno: 1,
  code: 'SQLITE_ERROR',
  __augmented: true
}
开始更新新闻...
SQLite数据库连接成功: /home/tian/clawdbot/work/Ainews/server/data/ainews.db
更新新闻时发生严重错误: Error: SQLITE_ERROR: incomplete input
--> in Database#run('\n' +
  '\n' +
  '      -- 清理30天前的请求日志\n' +
  '      CREATE TRIGGER IF NOT EXISTS cleanup_old_logs\n' +
  '      AFTER INSERT ON request_logs\n' +
  '      BEGIN\n' +
  "        DELETE FROM request_logs WHERE request_time < datetime('now', '-30 days')", [], [Function (anonymous)])
    at /home/tian/clawdbot/work/Ainews/server/services/DatabaseService.js:132:15
    at new Promise (<anonymous>)
    at DatabaseService.run (/home/tian/clawdbot/work/Ainews/server/services/DatabaseService.js:131:12)
    at DatabaseService.runMultiple (/home/tian/clawdbot/work/Ainews/server/services/DatabaseService.js:124:20) {
  errno: 1,
  code: 'SQLITE_ERROR',
  __augmented: true
}
调度自动恢复，5分钟后重试...
❌ 恢复初始化失败: Error: SQLITE_ERROR: incomplete input
--> in Database#run('\n' +
  '\n' +
  '      -- 清理30天前的请求日志\n' +
  '      CREATE TRIGGER IF NOT EXISTS cleanup_old_logs\n' +
  '      AFTER INSERT ON request_logs\n' +
  '      BEGIN\n' +
  "        DELETE FROM request_logs WHERE request_time < datetime('now', '-30 days')", [], [Function (anonymous)])
    at /home/tian/clawdbot/work/Ainews/server/services/DatabaseService.js:132:15
    at new Promise (<anonymous>)
    at DatabaseService.run (/home/tian/clawdbot/work/Ainews/server/services/DatabaseService.js:131:12)
    at DatabaseService.runMultiple (/home/tian/clawdbot/work/Ainews/server/services/DatabaseService.js:124:20) {
  errno: 1,
  code: 'SQLITE_ERROR',
  __augmented: true
}
📅 调度初始化恢复，2分钟后重试...
SQLite数据库连接成功: /home/tian/clawdbot/work/Ainews/server/data/ainews.db
SQLite数据库连接成功: /home/tian/clawdbot/work/Ainews/server/data/ainews.db
获取分类失败: Error: SQLITE_ERROR: incomplete input
--> in Database#run('\n' +
  '\n' +
  '      -- 清理30天前的请求日志\n' +
  '      CREATE TRIGGER IF NOT EXISTS cleanup_old_logs\n' +
  '      AFTER INSERT ON request_logs\n' +
  '      BEGIN\n' +
  "        DELETE FROM request_logs WHERE request_time < datetime('now', '-30 days')", [], [Function (anonymous)])
    at /home/tian/clawdbot/work/Ainews/server/services/DatabaseService.js:132:15
    at new Promise (<anonymous>)
    at DatabaseService.run (/home/tian/clawdbot/work/Ainews/server/services/DatabaseService.js:131:12)
    at DatabaseService.runMultiple (/home/tian/clawdbot/work/Ainews/server/services/DatabaseService.js:124:20) {
  errno: 1,
  code: 'SQLITE_ERROR',
  __augmented: true
}
执行自动恢复...
开始更新新闻...
SQLite数据库连接成功: /home/tian/clawdbot/work/Ainews/server/data/ainews.db
更新新闻时发生严重错误: Error: SQLITE_ERROR: incomplete input
--> in Database#run('\n' +
  '\n' +
  '      -- 清理30天前的请求日志\n' +
  '      CREATE TRIGGER IF NOT EXISTS cleanup_old_logs\n' +
  '      AFTER INSERT ON request_logs\n' +
  '      BEGIN\n' +
  "        DELETE FROM request_logs WHERE request_time < datetime('now', '-30 days')", [], [Function (anonymous)])
    at /home/tian/clawdbot/work/Ainews/server/services/DatabaseService.js:132:15
    at new Promise (<anonymous>)
    at DatabaseService.run (/home/tian/clawdbot/work/Ainews/server/services/DatabaseService.js:131:12)
    at DatabaseService.runMultiple (/home/tian/clawdbot/work/Ainews/server/services/DatabaseService.js:124:20) {
  errno: 1,
  code: 'SQLITE_ERROR',
  __augmented: true
}
调度自动恢复，5分钟后重试...
自动恢复失败: Error: SQLITE_ERROR: incomplete input
--> in Database#run('\n' +
  '\n' +
  '      -- 清理30天前的请求日志\n' +
  '      CREATE TRIGGER IF NOT EXISTS cleanup_old_logs\n' +
  '      AFTER INSERT ON request_logs\n' +
  '      BEGIN\n' +
  "        DELETE FROM request_logs WHERE request_time < datetime('now', '-30 days')", [], [Function (anonymous)])
    at /home/tian/clawdbot/work/Ainews/server/services/DatabaseService.js:132:15
    at new Promise (<anonymous>)
    at DatabaseService.run (/home/tian/clawdbot/work/Ainews/server/services/DatabaseService.js:131:12)
    at DatabaseService.runMultiple (/home/tian/clawdbot/work/Ainews/server/services/DatabaseService.js:124:20) {
  errno: 1,
  code: 'SQLITE_ERROR',
  __augmented: true
}
开始更新新闻...
SQLite数据库连接成功: /home/tian/clawdbot/work/Ainews/server/data/ainews.db
更新新闻时发生严重错误: Error: SQLITE_ERROR: incomplete input
--> in Database#run('\n' +
  '\n' +
  '      -- 清理30天前的请求日志\n' +
  '      CREATE TRIGGER IF NOT EXISTS cleanup_old_logs\n' +
  '      AFTER INSERT ON request_logs\n' +
  '      BEGIN\n' +
  "        DELETE FROM request_logs WHERE request_time < datetime('now', '-30 days')", [], [Function (anonymous)])
    at /home/tian/clawdbot/work/Ainews/server/services/DatabaseService.js:132:15
    at new Promise (<anonymous>)
    at DatabaseService.run (/home/tian/clawdbot/work/Ainews/server/services/DatabaseService.js:131:12)
    at DatabaseService.runMultiple (/home/tian/clawdbot/work/Ainews/server/services/DatabaseService.js:124:20) {
  errno: 1,
  code: 'SQLITE_ERROR',
  __augmented: true
}
调度自动恢复，5分钟后重试...
❌ 恢复初始化失败: Error: SQLITE_ERROR: incomplete input
--> in Database#run('\n' +
  '\n' +
  '      -- 清理30天前的请求日志\n' +
  '      CREATE TRIGGER IF NOT EXISTS cleanup_old_logs\n' +
  '      AFTER INSERT ON request_logs\n' +
  '      BEGIN\n' +
  "        DELETE FROM request_logs WHERE request_time < datetime('now', '-30 days')", [], [Function (anonymous)])
    at /home/tian/clawdbot/work/Ainews/server/services/DatabaseService.js:132:15
    at new Promise (<anonymous>)
    at DatabaseService.run (/home/tian/clawdbot/work/Ainews/server/services/DatabaseService.js:131:12)
    at DatabaseService.runMultiple (/home/tian/clawdbot/work/Ainews/server/services/DatabaseService.js:124:20) {
  errno: 1,
  code: 'SQLITE_ERROR',
  __augmented: true
}
📅 调度初始化恢复，2分钟后重试...
SQLite数据库连接成功: /home/tian/clawdbot/work/Ainews/server/data/ainews.db
SQLite数据库连接成功: /home/tian/clawdbot/work/Ainews/server/data/ainews.db
获取分类失败: Error: SQLITE_ERROR: incomplete input
--> in Database#run('\n' +
  '\n' +
  '      -- 清理30天前的请求日志\n' +
  '      CREATE TRIGGER IF NOT EXISTS cleanup_old_logs\n' +
  '      AFTER INSERT ON request_logs\n' +
  '      BEGIN\n' +
  "        DELETE FROM request_logs WHERE request_time < datetime('now', '-30 days')", [], [Function (anonymous)])
    at /home/tian/clawdbot/work/Ainews/server/services/DatabaseService.js:132:15
    at new Promise (<anonymous>)
    at DatabaseService.run (/home/tian/clawdbot/work/Ainews/server/services/DatabaseService.js:131:12)
    at DatabaseService.runMultiple (/home/tian/clawdbot/work/Ainews/server/services/DatabaseService.js:124:20) {
  errno: 1,
  code: 'SQLITE_ERROR',
  __augmented: true
}
执行自动恢复...
开始更新新闻...
SQLite数据库连接成功: /home/tian/clawdbot/work/Ainews/server/data/ainews.db
更新新闻时发生严重错误: Error: SQLITE_ERROR: incomplete input
--> in Database#run('\n' +
  '\n' +
  '      -- 清理30天前的请求日志\n' +
  '      CREATE TRIGGER IF NOT EXISTS cleanup_old_logs\n' +
  '      AFTER INSERT ON request_logs\n' +
  '      BEGIN\n' +
  "        DELETE FROM request_logs WHERE request_time < datetime('now', '-30 days')", [], [Function (anonymous)])
    at /home/tian/clawdbot/work/Ainews/server/services/DatabaseService.js:132:15
    at new Promise (<anonymous>)
    at DatabaseService.run (/home/tian/clawdbot/work/Ainews/server/services/DatabaseService.js:131:12)
    at DatabaseService.runMultiple (/home/tian/clawdbot/work/Ainews/server/services/DatabaseService.js:124:20) {
  errno: 1,
  code: 'SQLITE_ERROR',
  __augmented: true
}
调度自动恢复，5分钟后重试...
自动恢复失败: Error: SQLITE_ERROR: incomplete input
--> in Database#run('\n' +
  '\n' +
  '      -- 清理30天前的请求日志\n' +
  '      CREATE TRIGGER IF NOT EXISTS cleanup_old_logs\n' +
  '      AFTER INSERT ON request_logs\n' +
  '      BEGIN\n' +
  "        DELETE FROM request_logs WHERE request_time < datetime('now', '-30 days')", [], [Function (anonymous)])
    at /home/tian/clawdbot/work/Ainews/server/services/DatabaseService.js:132:15
    at new Promise (<anonymous>)
    at DatabaseService.run (/home/tian/clawdbot/work/Ainews/server/services/DatabaseService.js:131:12)
    at DatabaseService.runMultiple (/home/tian/clawdbot/work/Ainews/server/services/DatabaseService.js:124:20) {
  errno: 1,
  code: 'SQLITE_ERROR',
  __augmented: true
}
SQLite数据库连接成功: /home/tian/clawdbot/work/Ainews/server/data/ainews.db
SQLite数据库连接成功: /home/tian/clawdbot/work/Ainews/server/data/ainews.db
获取分类失败: Error: SQLITE_ERROR: incomplete input
--> in Database#run('\n' +
  '\n' +
  '      -- 清理30天前的请求日志\n' +
  '      CREATE TRIGGER IF NOT EXISTS cleanup_old_logs\n' +
  '      AFTER INSERT ON request_logs\n' +
  '      BEGIN\n' +
  "        DELETE FROM request_logs WHERE request_time < datetime('now', '-30 days')", [], [Function (anonymous)])
    at /home/tian/clawdbot/work/Ainews/server/services/DatabaseService.js:132:15
    at new Promise (<anonymous>)
    at DatabaseService.run (/home/tian/clawdbot/work/Ainews/server/services/DatabaseService.js:131:12)
    at DatabaseService.runMultiple (/home/tian/clawdbot/work/Ainews/server/services/DatabaseService.js:124:20) {
  errno: 1,
  code: 'SQLITE_ERROR',
  __augmented: true
}
开始更新新闻...
SQLite数据库连接成功: /home/tian/clawdbot/work/Ainews/server/data/ainews.db
更新新闻时发生严重错误: Error: SQLITE_ERROR: incomplete input
--> in Database#run('\n' +
  '\n' +
  '      -- 清理30天前的请求日志\n' +
  '      CREATE TRIGGER IF NOT EXISTS cleanup_old_logs\n' +
  '      AFTER INSERT ON request_logs\n' +
  '      BEGIN\n' +
  "        DELETE FROM request_logs WHERE request_time < datetime('now', '-30 days')", [], [Function (anonymous)])
    at /home/tian/clawdbot/work/Ainews/server/services/DatabaseService.js:132:15
    at new Promise (<anonymous>)
    at DatabaseService.run (/home/tian/clawdbot/work/Ainews/server/services/DatabaseService.js:131:12)
    at DatabaseService.runMultiple (/home/tian/clawdbot/work/Ainews/server/services/DatabaseService.js:124:20) {
  errno: 1,
  code: 'SQLITE_ERROR',
  __augmented: true
}
调度自动恢复，5分钟后重试...
❌ 恢复初始化失败: Error: SQLITE_ERROR: incomplete input
--> in Database#run('\n' +
  '\n' +
  '      -- 清理30天前的请求日志\n' +
  '      CREATE TRIGGER IF NOT EXISTS cleanup_old_logs\n' +
  '      AFTER INSERT ON request_logs\n' +
  '      BEGIN\n' +
  "        DELETE FROM request_logs WHERE request_time < datetime('now', '-30 days')", [], [Function (anonymous)])
    at /home/tian/clawdbot/work/Ainews/server/services/DatabaseService.js:132:15
    at new Promise (<anonymous>)
    at DatabaseService.run (/home/tian/clawdbot/work/Ainews/server/services/DatabaseService.js:131:12)
    at DatabaseService.runMultiple (/home/tian/clawdbot/work/Ainews/server/services/DatabaseService.js:124:20) {
  errno: 1,
  code: 'SQLITE_ERROR',
  __augmented: true
}
📅 调度初始化恢复，2分钟后重试...
SQLite数据库连接成功: /home/tian/clawdbot/work/Ainews/server/data/ainews.db
SQLite数据库连接成功: /home/tian/clawdbot/work/Ainews/server/data/ainews.db
获取分类失败: Error: SQLITE_ERROR: incomplete input
--> in Database#run('\n' +
  '\n' +
  '      -- 清理30天前的请求日志\n' +
  '      CREATE TRIGGER IF NOT EXISTS cleanup_old_logs\n' +
  '      AFTER INSERT ON request_logs\n' +
  '      BEGIN\n' +
  "        DELETE FROM request_logs WHERE request_time < datetime('now', '-30 days')", [], [Function (anonymous)])
    at /home/tian/clawdbot/work/Ainews/server/services/DatabaseService.js:132:15
    at new Promise (<anonymous>)
    at DatabaseService.run (/home/tian/clawdbot/work/Ainews/server/services/DatabaseService.js:131:12)
    at DatabaseService.runMultiple (/home/tian/clawdbot/work/Ainews/server/services/DatabaseService.js:124:20) {
  errno: 1,
  code: 'SQLITE_ERROR',
  __augmented: true
}
SQLite数据库连接成功: /home/tian/clawdbot/work/Ainews/server/data/ainews.db
SQLite数据库连接成功: /home/tian/clawdbot/work/Ainews/server/data/ainews.db
获取分类失败: Error: SQLITE_ERROR: incomplete input
--> in Database#run('\n' +
  '\n' +
  '      -- 清理30天前的请求日志\n' +
  '      CREATE TRIGGER IF NOT EXISTS cleanup_old_logs\n' +
  '      AFTER INSERT ON request_logs\n' +
  '      BEGIN\n' +
  "        DELETE FROM request_logs WHERE request_time < datetime('now', '-30 days')", [], [Function (anonymous)])
    at /home/tian/clawdbot/work/Ainews/server/services/DatabaseService.js:132:15
    at new Promise (<anonymous>)
    at DatabaseService.run (/home/tian/clawdbot/work/Ainews/server/services/DatabaseService.js:131:12)
    at DatabaseService.runMultiple (/home/tian/clawdbot/work/Ainews/server/services/DatabaseService.js:124:20) {
  errno: 1,
  code: 'SQLITE_ERROR',
  __augmented: true
}
SQLite数据库连接成功: /home/tian/clawdbot/work/Ainews/server/data/ainews.db
SQLite数据库连接成功: /home/tian/clawdbot/work/Ainews/server/data/ainews.db
SQLite数据库连接成功: /home/tian/clawdbot/work/Ainews/server/data/ainews.db
获取新闻失败: Error: SQLITE_ERROR: incomplete input
--> in Database#run('\n' +
  '\n' +
  '      -- 清理30天前的请求日志\n' +
  '      CREATE TRIGGER IF NOT EXISTS cleanup_old_logs\n' +
  '      AFTER INSERT ON request_logs\n' +
  '      BEGIN\n' +
  "        DELETE FROM request_logs WHERE request_time < datetime('now', '-30 days')", [], [Function (anonymous)])
    at /home/tian/clawdbot/work/Ainews/server/services/DatabaseService.js:132:15
    at new Promise (<anonymous>)
    at DatabaseService.run (/home/tian/clawdbot/work/Ainews/server/services/DatabaseService.js:131:12)
    at DatabaseService.runMultiple (/home/tian/clawdbot/work/Ainews/server/services/DatabaseService.js:124:20) {
  errno: 1,
  code: 'SQLITE_ERROR',
  __augmented: true
}
获取分类失败: Error: SQLITE_ERROR: incomplete input
--> in Database#run('\n' +
  '\n' +
  '      -- 清理30天前的请求日志\n' +
  '      CREATE TRIGGER IF NOT EXISTS cleanup_old_logs\n' +
  '      AFTER INSERT ON request_logs\n' +
  '      BEGIN\n' +
  "        DELETE FROM request_logs WHERE request_time < datetime('now', '-30 days')", [], [Function (anonymous)])
    at /home/tian/clawdbot/work/Ainews/server/services/DatabaseService.js:132:15
    at new Promise (<anonymous>)
    at DatabaseService.run (/home/tian/clawdbot/work/Ainews/server/services/DatabaseService.js:131:12)
    at DatabaseService.runMultiple (/home/tian/clawdbot/work/Ainews/server/services/DatabaseService.js:124:20) {
  errno: 1,
  code: 'SQLITE_ERROR',
  __augmented: true
}
SQLite数据库连接成功: /home/tian/clawdbot/work/Ainews/server/data/ainews.db
SQLite数据库连接成功: /home/tian/clawdbot/work/Ainews/server/data/ainews.db
获取分类失败: Error: SQLITE_ERROR: incomplete input
--> in Database#run('\n' +
  '\n' +
  '      -- 清理30天前的请求日志\n' +
  '      CREATE TRIGGER IF NOT EXISTS cleanup_old_logs\n' +
  '      AFTER INSERT ON request_logs\n' +
  '      BEGIN\n' +
  "        DELETE FROM request_logs WHERE request_time < datetime('now', '-30 days')", [], [Function (anonymous)])
    at /home/tian/clawdbot/work/Ainews/server/services/DatabaseService.js:132:15
    at new Promise (<anonymous>)
    at DatabaseService.run (/home/tian/clawdbot/work/Ainews/server/services/DatabaseService.js:131:12)
    at DatabaseService.runMultiple (/home/tian/clawdbot/work/Ainews/server/services/DatabaseService.js:124:20) {
  errno: 1,
  code: 'SQLITE_ERROR',
  __augmented: true
}
SQLite数据库连接成功: /home/tian/clawdbot/work/Ainews/server/data/ainews.db
获取新闻失败: Error: SQLITE_ERROR: incomplete input
--> in Database#run('\n' +
  '\n' +
  '      -- 清理30天前的请求日志\n' +
  '      CREATE TRIGGER IF NOT EXISTS cleanup_old_logs\n' +
  '      AFTER INSERT ON request_logs\n' +
  '      BEGIN\n' +
  "        DELETE FROM request_logs WHERE request_time < datetime('now', '-30 days')", [], [Function (anonymous)])
    at /home/tian/clawdbot/work/Ainews/server/services/DatabaseService.js:132:15
    at new Promise (<anonymous>)
    at DatabaseService.run (/home/tian/clawdbot/work/Ainews/server/services/DatabaseService.js:131:12)
    at DatabaseService.runMultiple (/home/tian/clawdbot/work/Ainews/server/services/DatabaseService.js:124:20) {
  errno: 1,
  code: 'SQLITE_ERROR',
  __augmented: true
}
执行自动恢复...
开始更新新闻...
SQLite数据库连接成功: /home/tian/clawdbot/work/Ainews/server/data/ainews.db
更新新闻时发生严重错误: Error: SQLITE_ERROR: incomplete input
--> in Database#run('\n' +
  '\n' +
  '      -- 清理30天前的请求日志\n' +
  '      CREATE TRIGGER IF NOT EXISTS cleanup_old_logs\n' +
  '      AFTER INSERT ON request_logs\n' +
  '      BEGIN\n' +
  "        DELETE FROM request_logs WHERE request_time < datetime('now', '-30 days')", [], [Function (anonymous)])
    at /home/tian/clawdbot/work/Ainews/server/services/DatabaseService.js:132:15
    at new Promise (<anonymous>)
    at DatabaseService.run (/home/tian/clawdbot/work/Ainews/server/services/DatabaseService.js:131:12)
    at DatabaseService.runMultiple (/home/tian/clawdbot/work/Ainews/server/services/DatabaseService.js:124:20) {
  errno: 1,
  code: 'SQLITE_ERROR',
  __augmented: true
}
调度自动恢复，5分钟后重试...
自动恢复失败: Error: SQLITE_ERROR: incomplete input
--> in Database#run('\n' +
  '\n' +
  '      -- 清理30天前的请求日志\n' +
  '      CREATE TRIGGER IF NOT EXISTS cleanup_old_logs\n' +
  '      AFTER INSERT ON request_logs\n' +
  '      BEGIN\n' +
  "        DELETE FROM request_logs WHERE request_time < datetime('now', '-30 days')", [], [Function (anonymous)])
    at /home/tian/clawdbot/work/Ainews/server/services/DatabaseService.js:132:15
    at new Promise (<anonymous>)
    at DatabaseService.run (/home/tian/clawdbot/work/Ainews/server/services/DatabaseService.js:131:12)
    at DatabaseService.runMultiple (/home/tian/clawdbot/work/Ainews/server/services/DatabaseService.js:124:20) {
  errno: 1,
  code: 'SQLITE_ERROR',
  __augmented: true
}
SQLite数据库连接成功: /home/tian/clawdbot/work/Ainews/server/data/ainews.db
获取统计信息失败: Error: SQLITE_ERROR: incomplete input
--> in Database#run('\n' +
  '\n' +
  '      -- 清理30天前的请求日志\n' +
  '      CREATE TRIGGER IF NOT EXISTS cleanup_old_logs\n' +
  '      AFTER INSERT ON request_logs\n' +
  '      BEGIN\n' +
  "        DELETE FROM request_logs WHERE request_time < datetime('now', '-30 days')", [], [Function (anonymous)])
    at /home/tian/clawdbot/work/Ainews/server/services/DatabaseService.js:132:15
    at new Promise (<anonymous>)
    at DatabaseService.run (/home/tian/clawdbot/work/Ainews/server/services/DatabaseService.js:131:12)
    at DatabaseService.runMultiple (/home/tian/clawdbot/work/Ainews/server/services/DatabaseService.js:124:20) {
  errno: 1,
  code: 'SQLITE_ERROR',
  __augmented: true
}
SQLite数据库连接成功: /home/tian/clawdbot/work/Ainews/server/data/ainews.db
获取统计信息失败: Error: SQLITE_ERROR: incomplete input
--> in Database#run('\n' +
  '\n' +
  '      -- 清理30天前的请求日志\n' +
  '      CREATE TRIGGER IF NOT EXISTS cleanup_old_logs\n' +
  '      AFTER INSERT ON request_logs\n' +
  '      BEGIN\n' +
  "        DELETE FROM request_logs WHERE request_time < datetime('now', '-30 days')", [], [Function (anonymous)])
    at /home/tian/clawdbot/work/Ainews/server/services/DatabaseService.js:132:15
    at new Promise (<anonymous>)
    at DatabaseService.run (/home/tian/clawdbot/work/Ainews/server/services/DatabaseService.js:131:12)
    at DatabaseService.runMultiple (/home/tian/clawdbot/work/Ainews/server/services/DatabaseService.js:124:20) {
  errno: 1,
  code: 'SQLITE_ERROR',
  __augmented: true
}
SQLite数据库连接成功: /home/tian/clawdbot/work/Ainews/server/data/ainews.db
SQLite数据库连接成功: /home/tian/clawdbot/work/Ainews/server/data/ainews.db
获取分类失败: Error: SQLITE_ERROR: incomplete input
--> in Database#run('\n' +
  '\n' +
  '      -- 清理30天前的请求日志\n' +
  '      CREATE TRIGGER IF NOT EXISTS cleanup_old_logs\n' +
  '      AFTER INSERT ON request_logs\n' +
  '      BEGIN\n' +
  "        DELETE FROM request_logs WHERE request_time < datetime('now', '-30 days')", [], [Function (anonymous)])
    at /home/tian/clawdbot/work/Ainews/server/services/DatabaseService.js:132:15
    at new Promise (<anonymous>)
    at DatabaseService.run (/home/tian/clawdbot/work/Ainews/server/services/DatabaseService.js:131:12)
    at DatabaseService.runMultiple (/home/tian/clawdbot/work/Ainews/server/services/DatabaseService.js:124:20) {
  errno: 1,
  code: 'SQLITE_ERROR',
  __augmented: true
}
执行自动恢复...
开始更新新闻...
SQLite数据库连接成功: /home/tian/clawdbot/work/Ainews/server/data/ainews.db
更新新闻时发生严重错误: Error: SQLITE_ERROR: incomplete input
--> in Database#run('\n' +
  '\n' +
  '      -- 清理30天前的请求日志\n' +
  '      CREATE TRIGGER IF NOT EXISTS cleanup_old_logs\n' +
  '      AFTER INSERT ON request_logs\n' +
  '      BEGIN\n' +
  "        DELETE FROM request_logs WHERE request_time < datetime('now', '-30 days')", [], [Function (anonymous)])
    at /home/tian/clawdbot/work/Ainews/server/services/DatabaseService.js:132:15
    at new Promise (<anonymous>)
    at DatabaseService.run (/home/tian/clawdbot/work/Ainews/server/services/DatabaseService.js:131:12)
    at DatabaseService.runMultiple (/home/tian/clawdbot/work/Ainews/server/services/DatabaseService.js:124:20) {
  errno: 1,
  code: 'SQLITE_ERROR',
  __augmented: true
}
调度自动恢复，5分钟后重试...
自动恢复失败: Error: SQLITE_ERROR: incomplete input
--> in Database#run('\n' +
  '\n' +
  '      -- 清理30天前的请求日志\n' +
  '      CREATE TRIGGER IF NOT EXISTS cleanup_old_logs\n' +
  '      AFTER INSERT ON request_logs\n' +
  '      BEGIN\n' +
  "        DELETE FROM request_logs WHERE request_time < datetime('now', '-30 days')", [], [Function (anonymous)])
    at /home/tian/clawdbot/work/Ainews/server/services/DatabaseService.js:132:15
    at new Promise (<anonymous>)
    at DatabaseService.run (/home/tian/clawdbot/work/Ainews/server/services/DatabaseService.js:131:12)
    at DatabaseService.runMultiple (/home/tian/clawdbot/work/Ainews/server/services/DatabaseService.js:124:20) {
  errno: 1,
  code: 'SQLITE_ERROR',
  __augmented: true
}
开始更新新闻...
SQLite数据库连接成功: /home/tian/clawdbot/work/Ainews/server/data/ainews.db
更新新闻时发生严重错误: Error: SQLITE_ERROR: incomplete input
--> in Database#run('\n' +
  '\n' +
  '      -- 清理30天前的请求日志\n' +
  '      CREATE TRIGGER IF NOT EXISTS cleanup_old_logs\n' +
  '      AFTER INSERT ON request_logs\n' +
  '      BEGIN\n' +
  "        DELETE FROM request_logs WHERE request_time < datetime('now', '-30 days')", [], [Function (anonymous)])
    at /home/tian/clawdbot/work/Ainews/server/services/DatabaseService.js:132:15
    at new Promise (<anonymous>)
    at DatabaseService.run (/home/tian/clawdbot/work/Ainews/server/services/DatabaseService.js:131:12)
    at DatabaseService.runMultiple (/home/tian/clawdbot/work/Ainews/server/services/DatabaseService.js:124:20) {
  errno: 1,
  code: 'SQLITE_ERROR',
  __augmented: true
}
调度自动恢复，5分钟后重试...
❌ 恢复初始化失败: Error: SQLITE_ERROR: incomplete input
--> in Database#run('\n' +
  '\n' +
  '      -- 清理30天前的请求日志\n' +
  '      CREATE TRIGGER IF NOT EXISTS cleanup_old_logs\n' +
  '      AFTER INSERT ON request_logs\n' +
  '      BEGIN\n' +
  "        DELETE FROM request_logs WHERE request_time < datetime('now', '-30 days')", [], [Function (anonymous)])
    at /home/tian/clawdbot/work/Ainews/server/services/DatabaseService.js:132:15
    at new Promise (<anonymous>)
    at DatabaseService.run (/home/tian/clawdbot/work/Ainews/server/services/DatabaseService.js:131:12)
    at DatabaseService.runMultiple (/home/tian/clawdbot/work/Ainews/server/services/DatabaseService.js:124:20) {
  errno: 1,
  code: 'SQLITE_ERROR',
  __augmented: true
}
📅 调度初始化恢复，2分钟后重试...
SQLite数据库连接成功: /home/tian/clawdbot/work/Ainews/server/data/ainews.db
SQLite数据库连接成功: /home/tian/clawdbot/work/Ainews/server/data/ainews.db
获取分类失败: Error: SQLITE_ERROR: incomplete input
--> in Database#run('\n' +
  '\n' +
  '      -- 清理30天前的请求日志\n' +
  '      CREATE TRIGGER IF NOT EXISTS cleanup_old_logs\n' +
  '      AFTER INSERT ON request_logs\n' +
  '      BEGIN\n' +
  "        DELETE FROM request_logs WHERE request_time < datetime('now', '-30 days')", [], [Function (anonymous)])
    at /home/tian/clawdbot/work/Ainews/server/services/DatabaseService.js:132:15
    at new Promise (<anonymous>)
    at DatabaseService.run (/home/tian/clawdbot/work/Ainews/server/services/DatabaseService.js:131:12)
    at DatabaseService.runMultiple (/home/tian/clawdbot/work/Ainews/server/services/DatabaseService.js:124:20) {
  errno: 1,
  code: 'SQLITE_ERROR',
  __augmented: true
}
执行自动恢复...
开始更新新闻...
SQLite数据库连接成功: /home/tian/clawdbot/work/Ainews/server/data/ainews.db
更新新闻时发生严重错误: Error: SQLITE_ERROR: incomplete input
--> in Database#run('\n' +
  '\n' +
  '      -- 清理30天前的请求日志\n' +
  '      CREATE TRIGGER IF NOT EXISTS cleanup_old_logs\n' +
  '      AFTER INSERT ON request_logs\n' +
  '      BEGIN\n' +
  "        DELETE FROM request_logs WHERE request_time < datetime('now', '-30 days')", [], [Function (anonymous)])
    at /home/tian/clawdbot/work/Ainews/server/services/DatabaseService.js:132:15
    at new Promise (<anonymous>)
    at DatabaseService.run (/home/tian/clawdbot/work/Ainews/server/services/DatabaseService.js:131:12)
    at DatabaseService.runMultiple (/home/tian/clawdbot/work/Ainews/server/services/DatabaseService.js:124:20) {
  errno: 1,
  code: 'SQLITE_ERROR',
  __augmented: true
}
调度自动恢复，5分钟后重试...
自动恢复失败: Error: SQLITE_ERROR: incomplete input
--> in Database#run('\n' +
  '\n' +
  '      -- 清理30天前的请求日志\n' +
  '      CREATE TRIGGER IF NOT EXISTS cleanup_old_logs\n' +
  '      AFTER INSERT ON request_logs\n' +
  '      BEGIN\n' +
  "        DELETE FROM request_logs WHERE request_time < datetime('now', '-30 days')", [], [Function (anonymous)])
    at /home/tian/clawdbot/work/Ainews/server/services/DatabaseService.js:132:15
    at new Promise (<anonymous>)
    at DatabaseService.run (/home/tian/clawdbot/work/Ainews/server/services/DatabaseService.js:131:12)
    at DatabaseService.runMultiple (/home/tian/clawdbot/work/Ainews/server/services/DatabaseService.js:124:20) {
  errno: 1,
  code: 'SQLITE_ERROR',
  __augmented: true
}
执行自动恢复...
开始更新新闻...
SQLite数据库连接成功: /home/tian/clawdbot/work/Ainews/server/data/ainews.db
更新新闻时发生严重错误: Error: SQLITE_ERROR: incomplete input
--> in Database#run('\n' +
  '\n' +
  '      -- 清理30天前的请求日志\n' +
  '      CREATE TRIGGER IF NOT EXISTS cleanup_old_logs\n' +
  '      AFTER INSERT ON request_logs\n' +
  '      BEGIN\n' +
  "        DELETE FROM request_logs WHERE request_time < datetime('now', '-30 days')", [], [Function (anonymous)])
    at /home/tian/clawdbot/work/Ainews/server/services/DatabaseService.js:132:15
    at new Promise (<anonymous>)
    at DatabaseService.run (/home/tian/clawdbot/work/Ainews/server/services/DatabaseService.js:131:12)
    at DatabaseService.runMultiple (/home/tian/clawdbot/work/Ainews/server/services/DatabaseService.js:124:20) {
  errno: 1,
  code: 'SQLITE_ERROR',
  __augmented: true
}
调度自动恢复，5分钟后重试...
自动恢复失败: Error: SQLITE_ERROR: incomplete input
--> in Database#run('\n' +
  '\n' +
  '      -- 清理30天前的请求日志\n' +
  '      CREATE TRIGGER IF NOT EXISTS cleanup_old_logs\n' +
  '      AFTER INSERT ON request_logs\n' +
  '      BEGIN\n' +
  "        DELETE FROM request_logs WHERE request_time < datetime('now', '-30 days')", [], [Function (anonymous)])
    at /home/tian/clawdbot/work/Ainews/server/services/DatabaseService.js:132:15
    at new Promise (<anonymous>)
    at DatabaseService.run (/home/tian/clawdbot/work/Ainews/server/services/DatabaseService.js:131:12)
    at DatabaseService.runMultiple (/home/tian/clawdbot/work/Ainews/server/services/DatabaseService.js:124:20) {
  errno: 1,
  code: 'SQLITE_ERROR',
  __augmented: true
}
开始更新新闻...
SQLite数据库连接成功: /home/tian/clawdbot/work/Ainews/server/data/ainews.db
更新新闻时发生严重错误: Error: SQLITE_ERROR: incomplete input
--> in Database#run('\n' +
  '\n' +
  '      -- 清理30天前的请求日志\n' +
  '      CREATE TRIGGER IF NOT EXISTS cleanup_old_logs\n' +
  '      AFTER INSERT ON request_logs\n' +
  '      BEGIN\n' +
  "        DELETE FROM request_logs WHERE request_time < datetime('now', '-30 days')", [], [Function (anonymous)])
    at /home/tian/clawdbot/work/Ainews/server/services/DatabaseService.js:132:15
    at new Promise (<anonymous>)
    at DatabaseService.run (/home/tian/clawdbot/work/Ainews/server/services/DatabaseService.js:131:12)
    at DatabaseService.runMultiple (/home/tian/clawdbot/work/Ainews/server/services/DatabaseService.js:124:20) {
  errno: 1,
  code: 'SQLITE_ERROR',
  __augmented: true
}
调度自动恢复，5分钟后重试...
❌ 恢复初始化失败: Error: SQLITE_ERROR: incomplete input
--> in Database#run('\n' +
  '\n' +
  '      -- 清理30天前的请求日志\n' +
  '      CREATE TRIGGER IF NOT EXISTS cleanup_old_logs\n' +
  '      AFTER INSERT ON request_logs\n' +
  '      BEGIN\n' +
  "        DELETE FROM request_logs WHERE request_time < datetime('now', '-30 days')", [], [Function (anonymous)])
    at /home/tian/clawdbot/work/Ainews/server/services/DatabaseService.js:132:15
    at new Promise (<anonymous>)
    at DatabaseService.run (/home/tian/clawdbot/work/Ainews/server/services/DatabaseService.js:131:12)
    at DatabaseService.runMultiple (/home/tian/clawdbot/work/Ainews/server/services/DatabaseService.js:124:20) {
  errno: 1,
  code: 'SQLITE_ERROR',
  __augmented: true
}
📅 调度初始化恢复，2分钟后重试...
执行自动恢复...
开始更新新闻...
SQLite数据库连接成功: /home/tian/clawdbot/work/Ainews/server/data/ainews.db
更新新闻时发生严重错误: Error: SQLITE_ERROR: incomplete input
--> in Database#run('\n' +
  '\n' +
  '      -- 清理30天前的请求日志\n' +
  '      CREATE TRIGGER IF NOT EXISTS cleanup_old_logs\n' +
  '      AFTER INSERT ON request_logs\n' +
  '      BEGIN\n' +
  "        DELETE FROM request_logs WHERE request_time < datetime('now', '-30 days')", [], [Function (anonymous)])
    at /home/tian/clawdbot/work/Ainews/server/services/DatabaseService.js:132:15
    at new Promise (<anonymous>)
    at DatabaseService.run (/home/tian/clawdbot/work/Ainews/server/services/DatabaseService.js:131:12)
    at DatabaseService.runMultiple (/home/tian/clawdbot/work/Ainews/server/services/DatabaseService.js:124:20) {
  errno: 1,
  code: 'SQLITE_ERROR',
  __augmented: true
}
调度自动恢复，5分钟后重试...
自动恢复失败: Error: SQLITE_ERROR: incomplete input
--> in Database#run('\n' +
  '\n' +
  '      -- 清理30天前的请求日志\n' +
  '      CREATE TRIGGER IF NOT EXISTS cleanup_old_logs\n' +
  '      AFTER INSERT ON request_logs\n' +
  '      BEGIN\n' +
  "        DELETE FROM request_logs WHERE request_time < datetime('now', '-30 days')", [], [Function (anonymous)])
    at /home/tian/clawdbot/work/Ainews/server/services/DatabaseService.js:132:15
    at new Promise (<anonymous>)
    at DatabaseService.run (/home/tian/clawdbot/work/Ainews/server/services/DatabaseService.js:131:12)
    at DatabaseService.runMultiple (/home/tian/clawdbot/work/Ainews/server/services/DatabaseService.js:124:20) {
  errno: 1,
  code: 'SQLITE_ERROR',
  __augmented: true
}
执行自动恢复...
开始更新新闻...
SQLite数据库连接成功: /home/tian/clawdbot/work/Ainews/server/data/ainews.db
更新新闻时发生严重错误: Error: SQLITE_ERROR: incomplete input
--> in Database#run('\n' +
  '\n' +
  '      -- 清理30天前的请求日志\n' +
  '      CREATE TRIGGER IF NOT EXISTS cleanup_old_logs\n' +
  '      AFTER INSERT ON request_logs\n' +
  '      BEGIN\n' +
  "        DELETE FROM request_logs WHERE request_time < datetime('now', '-30 days')", [], [Function (anonymous)])
    at /home/tian/clawdbot/work/Ainews/server/services/DatabaseService.js:132:15
    at new Promise (<anonymous>)
    at DatabaseService.run (/home/tian/clawdbot/work/Ainews/server/services/DatabaseService.js:131:12)
    at DatabaseService.runMultiple (/home/tian/clawdbot/work/Ainews/server/services/DatabaseService.js:124:20) {
  errno: 1,
  code: 'SQLITE_ERROR',
  __augmented: true
}
调度自动恢复，5分钟后重试...
自动恢复失败: Error: SQLITE_ERROR: incomplete input
--> in Database#run('\n' +
  '\n' +
  '      -- 清理30天前的请求日志\n' +
  '      CREATE TRIGGER IF NOT EXISTS cleanup_old_logs\n' +
  '      AFTER INSERT ON request_logs\n' +
  '      BEGIN\n' +
  "        DELETE FROM request_logs WHERE request_time < datetime('now', '-30 days')", [], [Function (anonymous)])
    at /home/tian/clawdbot/work/Ainews/server/services/DatabaseService.js:132:15
    at new Promise (<anonymous>)
    at DatabaseService.run (/home/tian/clawdbot/work/Ainews/server/services/DatabaseService.js:131:12)
    at DatabaseService.runMultiple (/home/tian/clawdbot/work/Ainews/server/services/DatabaseService.js:124:20) {
  errno: 1,
  code: 'SQLITE_ERROR',
  __augmented: true
}
开始更新新闻...
SQLite数据库连接成功: /home/tian/clawdbot/work/Ainews/server/data/ainews.db
更新新闻时发生严重错误: Error: SQLITE_ERROR: incomplete input
--> in Database#run('\n' +
  '\n' +
  '      -- 清理30天前的请求日志\n' +
  '      CREATE TRIGGER IF NOT EXISTS cleanup_old_logs\n' +
  '      AFTER INSERT ON request_logs\n' +
  '      BEGIN\n' +
  "        DELETE FROM request_logs WHERE request_time < datetime('now', '-30 days')", [], [Function (anonymous)])
    at /home/tian/clawdbot/work/Ainews/server/services/DatabaseService.js:132:15
    at new Promise (<anonymous>)
    at DatabaseService.run (/home/tian/clawdbot/work/Ainews/server/services/DatabaseService.js:131:12)
    at DatabaseService.runMultiple (/home/tian/clawdbot/work/Ainews/server/services/DatabaseService.js:124:20) {
  errno: 1,
  code: 'SQLITE_ERROR',
  __augmented: true
}
调度自动恢复，5分钟后重试...
❌ 恢复初始化失败: Error: SQLITE_ERROR: incomplete input
--> in Database#run('\n' +
  '\n' +
  '      -- 清理30天前的请求日志\n' +
  '      CREATE TRIGGER IF NOT EXISTS cleanup_old_logs\n' +
  '      AFTER INSERT ON request_logs\n' +
  '      BEGIN\n' +
  "        DELETE FROM request_logs WHERE request_time < datetime('now', '-30 days')", [], [Function (anonymous)])
    at /home/tian/clawdbot/work/Ainews/server/services/DatabaseService.js:132:15
    at new Promise (<anonymous>)
    at DatabaseService.run (/home/tian/clawdbot/work/Ainews/server/services/DatabaseService.js:131:12)
    at DatabaseService.runMultiple (/home/tian/clawdbot/work/Ainews/server/services/DatabaseService.js:124:20) {
  errno: 1,
  code: 'SQLITE_ERROR',
  __augmented: true
}
📅 调度初始化恢复，2分钟后重试...
🔄 执行增量更新...
开始更新新闻...
SQLite数据库连接成功: /home/tian/clawdbot/work/Ainews/server/data/ainews.db
更新新闻时发生严重错误: Error: SQLITE_ERROR: incomplete input
--> in Database#run('\n' +
  '\n' +
  '      -- 清理30天前的请求日志\n' +
  '      CREATE TRIGGER IF NOT EXISTS cleanup_old_logs\n' +
  '      AFTER INSERT ON request_logs\n' +
  '      BEGIN\n' +
  "        DELETE FROM request_logs WHERE request_time < datetime('now', '-30 days')", [], [Function (anonymous)])
    at /home/tian/clawdbot/work/Ainews/server/services/DatabaseService.js:132:15
    at new Promise (<anonymous>)
    at DatabaseService.run (/home/tian/clawdbot/work/Ainews/server/services/DatabaseService.js:131:12)
    at DatabaseService.runMultiple (/home/tian/clawdbot/work/Ainews/server/services/DatabaseService.js:124:20) {
  errno: 1,
  code: 'SQLITE_ERROR',
  __augmented: true
}
调度自动恢复，5分钟后重试...
❌ 增量更新失败: Error: SQLITE_ERROR: incomplete input
--> in Database#run('\n' +
  '\n' +
  '      -- 清理30天前的请求日志\n' +
  '      CREATE TRIGGER IF NOT EXISTS cleanup_old_logs\n' +
  '      AFTER INSERT ON request_logs\n' +
  '      BEGIN\n' +
  "        DELETE FROM request_logs WHERE request_time < datetime('now', '-30 days')", [], [Function (anonymous)])
    at /home/tian/clawdbot/work/Ainews/server/services/DatabaseService.js:132:15
    at new Promise (<anonymous>)
    at DatabaseService.run (/home/tian/clawdbot/work/Ainews/server/services/DatabaseService.js:131:12)
    at DatabaseService.runMultiple (/home/tian/clawdbot/work/Ainews/server/services/DatabaseService.js:124:20) {
  errno: 1,
  code: 'SQLITE_ERROR',
  __augmented: true
}
执行自动恢复...
开始更新新闻...
SQLite数据库连接成功: /home/tian/clawdbot/work/Ainews/server/data/ainews.db
更新新闻时发生严重错误: Error: SQLITE_ERROR: incomplete input
--> in Database#run('\n' +
  '\n' +
  '      -- 清理30天前的请求日志\n' +
  '      CREATE TRIGGER IF NOT EXISTS cleanup_old_logs\n' +
  '      AFTER INSERT ON request_logs\n' +
  '      BEGIN\n' +
  "        DELETE FROM request_logs WHERE request_time < datetime('now', '-30 days')", [], [Function (anonymous)])
    at /home/tian/clawdbot/work/Ainews/server/services/DatabaseService.js:132:15
    at new Promise (<anonymous>)
    at DatabaseService.run (/home/tian/clawdbot/work/Ainews/server/services/DatabaseService.js:131:12)
    at DatabaseService.runMultiple (/home/tian/clawdbot/work/Ainews/server/services/DatabaseService.js:124:20) {
  errno: 1,
  code: 'SQLITE_ERROR',
  __augmented: true
}
调度自动恢复，5分钟后重试...
自动恢复失败: Error: SQLITE_ERROR: incomplete input
--> in Database#run('\n' +
  '\n' +
  '      -- 清理30天前的请求日志\n' +
  '      CREATE TRIGGER IF NOT EXISTS cleanup_old_logs\n' +
  '      AFTER INSERT ON request_logs\n' +
  '      BEGIN\n' +
  "        DELETE FROM request_logs WHERE request_time < datetime('now', '-30 days')", [], [Function (anonymous)])
    at /home/tian/clawdbot/work/Ainews/server/services/DatabaseService.js:132:15
    at new Promise (<anonymous>)
    at DatabaseService.run (/home/tian/clawdbot/work/Ainews/server/services/DatabaseService.js:131:12)
    at DatabaseService.runMultiple (/home/tian/clawdbot/work/Ainews/server/services/DatabaseService.js:124:20) {
  errno: 1,
  code: 'SQLITE_ERROR',
  __augmented: true
}
执行自动恢复...
开始更新新闻...
SQLite数据库连接成功: /home/tian/clawdbot/work/Ainews/server/data/ainews.db
更新新闻时发生严重错误: Error: SQLITE_ERROR: incomplete input
--> in Database#run('\n' +
  '\n' +
  '      -- 清理30天前的请求日志\n' +
  '      CREATE TRIGGER IF NOT EXISTS cleanup_old_logs\n' +
  '      AFTER INSERT ON request_logs\n' +
  '      BEGIN\n' +
  "        DELETE FROM request_logs WHERE request_time < datetime('now', '-30 days')", [], [Function (anonymous)])
    at /home/tian/clawdbot/work/Ainews/server/services/DatabaseService.js:132:15
    at new Promise (<anonymous>)
    at DatabaseService.run (/home/tian/clawdbot/work/Ainews/server/services/DatabaseService.js:131:12)
    at DatabaseService.runMultiple (/home/tian/clawdbot/work/Ainews/server/services/DatabaseService.js:124:20) {
  errno: 1,
  code: 'SQLITE_ERROR',
  __augmented: true
}
调度自动恢复，5分钟后重试...
自动恢复失败: Error: SQLITE_ERROR: incomplete input
--> in Database#run('\n' +
  '\n' +
  '      -- 清理30天前的请求日志\n' +
  '      CREATE TRIGGER IF NOT EXISTS cleanup_old_logs\n' +
  '      AFTER INSERT ON request_logs\n' +
  '      BEGIN\n' +
  "        DELETE FROM request_logs WHERE request_time < datetime('now', '-30 days')", [], [Function (anonymous)])
    at /home/tian/clawdbot/work/Ainews/server/services/DatabaseService.js:132:15
    at new Promise (<anonymous>)
    at DatabaseService.run (/home/tian/clawdbot/work/Ainews/server/services/DatabaseService.js:131:12)
    at DatabaseService.runMultiple (/home/tian/clawdbot/work/Ainews/server/services/DatabaseService.js:124:20) {
  errno: 1,
  code: 'SQLITE_ERROR',
  __augmented: true
}
执行自动恢复...
开始更新新闻...
SQLite数据库连接成功: /home/tian/clawdbot/work/Ainews/server/data/ainews.db
更新新闻时发生严重错误: Error: SQLITE_ERROR: incomplete input
--> in Database#run('\n' +
  '\n' +
  '      -- 清理30天前的请求日志\n' +
  '      CREATE TRIGGER IF NOT EXISTS cleanup_old_logs\n' +
  '      AFTER INSERT ON request_logs\n' +
  '      BEGIN\n' +
  "        DELETE FROM request_logs WHERE request_time < datetime('now', '-30 days')", [], [Function (anonymous)])
    at /home/tian/clawdbot/work/Ainews/server/services/DatabaseService.js:132:15
    at new Promise (<anonymous>)
    at DatabaseService.run (/home/tian/clawdbot/work/Ainews/server/services/DatabaseService.js:131:12)
    at DatabaseService.runMultiple (/home/tian/clawdbot/work/Ainews/server/services/DatabaseService.js:124:20) {
  errno: 1,
  code: 'SQLITE_ERROR',
  __augmented: true
}
调度自动恢复，5分钟后重试...
自动恢复失败: Error: SQLITE_ERROR: incomplete input
--> in Database#run('\n' +
  '\n' +
  '      -- 清理30天前的请求日志\n' +
  '      CREATE TRIGGER IF NOT EXISTS cleanup_old_logs\n' +
  '      AFTER INSERT ON request_logs\n' +
  '      BEGIN\n' +
  "        DELETE FROM request_logs WHERE request_time < datetime('now', '-30 days')", [], [Function (anonymous)])
    at /home/tian/clawdbot/work/Ainews/server/services/DatabaseService.js:132:15
    at new Promise (<anonymous>)
    at DatabaseService.run (/home/tian/clawdbot/work/Ainews/server/services/DatabaseService.js:131:12)
    at DatabaseService.runMultiple (/home/tian/clawdbot/work/Ainews/server/services/DatabaseService.js:124:20) {
  errno: 1,
  code: 'SQLITE_ERROR',
  __augmented: true
}
开始更新新闻...
SQLite数据库连接成功: /home/tian/clawdbot/work/Ainews/server/data/ainews.db
更新新闻时发生严重错误: Error: SQLITE_ERROR: incomplete input
--> in Database#run('\n' +
  '\n' +
  '      -- 清理30天前的请求日志\n' +
  '      CREATE TRIGGER IF NOT EXISTS cleanup_old_logs\n' +
  '      AFTER INSERT ON request_logs\n' +
  '      BEGIN\n' +
  "        DELETE FROM request_logs WHERE request_time < datetime('now', '-30 days')", [], [Function (anonymous)])
    at /home/tian/clawdbot/work/Ainews/server/services/DatabaseService.js:132:15
    at new Promise (<anonymous>)
    at DatabaseService.run (/home/tian/clawdbot/work/Ainews/server/services/DatabaseService.js:131:12)
    at DatabaseService.runMultiple (/home/tian/clawdbot/work/Ainews/server/services/DatabaseService.js:124:20) {
  errno: 1,
  code: 'SQLITE_ERROR',
  __augmented: true
}
调度自动恢复，5分钟后重试...
❌ 恢复初始化失败: Error: SQLITE_ERROR: incomplete input
--> in Database#run('\n' +
  '\n' +
  '      -- 清理30天前的请求日志\n' +
  '      CREATE TRIGGER IF NOT EXISTS cleanup_old_logs\n' +
  '      AFTER INSERT ON request_logs\n' +
  '      BEGIN\n' +
  "        DELETE FROM request_logs WHERE request_time < datetime('now', '-30 days')", [], [Function (anonymous)])
    at /home/tian/clawdbot/work/Ainews/server/services/DatabaseService.js:132:15
    at new Promise (<anonymous>)
    at DatabaseService.run (/home/tian/clawdbot/work/Ainews/server/services/DatabaseService.js:131:12)
    at DatabaseService.runMultiple (/home/tian/clawdbot/work/Ainews/server/services/DatabaseService.js:124:20) {
  errno: 1,
  code: 'SQLITE_ERROR',
  __augmented: true
}
📅 调度初始化恢复，2分钟后重试...
执行自动恢复...
开始更新新闻...
SQLite数据库连接成功: /home/tian/clawdbot/work/Ainews/server/data/ainews.db
更新新闻时发生严重错误: Error: SQLITE_ERROR: incomplete input
--> in Database#run('\n' +
  '\n' +
  '      -- 清理30天前的请求日志\n' +
  '      CREATE TRIGGER IF NOT EXISTS cleanup_old_logs\n' +
  '      AFTER INSERT ON request_logs\n' +
  '      BEGIN\n' +
  "        DELETE FROM request_logs WHERE request_time < datetime('now', '-30 days')", [], [Function (anonymous)])
    at /home/tian/clawdbot/work/Ainews/server/services/DatabaseService.js:132:15
    at new Promise (<anonymous>)
    at DatabaseService.run (/home/tian/clawdbot/work/Ainews/server/services/DatabaseService.js:131:12)
    at DatabaseService.runMultiple (/home/tian/clawdbot/work/Ainews/server/services/DatabaseService.js:124:20) {
  errno: 1,
  code: 'SQLITE_ERROR',
  __augmented: true
}
调度自动恢复，5分钟后重试...
自动恢复失败: Error: SQLITE_ERROR: incomplete input
--> in Database#run('\n' +
  '\n' +
  '      -- 清理30天前的请求日志\n' +
  '      CREATE TRIGGER IF NOT EXISTS cleanup_old_logs\n' +
  '      AFTER INSERT ON request_logs\n' +
  '      BEGIN\n' +
  "        DELETE FROM request_logs WHERE request_time < datetime('now', '-30 days')", [], [Function (anonymous)])
    at /home/tian/clawdbot/work/Ainews/server/services/DatabaseService.js:132:15
    at new Promise (<anonymous>)
    at DatabaseService.run (/home/tian/clawdbot/work/Ainews/server/services/DatabaseService.js:131:12)
    at DatabaseService.runMultiple (/home/tian/clawdbot/work/Ainews/server/services/DatabaseService.js:124:20) {
  errno: 1,
  code: 'SQLITE_ERROR',
  __augmented: true
}
执行自动恢复...
开始更新新闻...
SQLite数据库连接成功: /home/tian/clawdbot/work/Ainews/server/data/ainews.db
更新新闻时发生严重错误: Error: SQLITE_ERROR: incomplete input
--> in Database#run('\n' +
  '\n' +
  '      -- 清理30天前的请求日志\n' +
  '      CREATE TRIGGER IF NOT EXISTS cleanup_old_logs\n' +
  '      AFTER INSERT ON request_logs\n' +
  '      BEGIN\n' +
  "        DELETE FROM request_logs WHERE request_time < datetime('now', '-30 days')", [], [Function (anonymous)])
    at /home/tian/clawdbot/work/Ainews/server/services/DatabaseService.js:132:15
    at new Promise (<anonymous>)
    at DatabaseService.run (/home/tian/clawdbot/work/Ainews/server/services/DatabaseService.js:131:12)
    at DatabaseService.runMultiple (/home/tian/clawdbot/work/Ainews/server/services/DatabaseService.js:124:20) {
  errno: 1,
  code: 'SQLITE_ERROR',
  __augmented: true
}
调度自动恢复，5分钟后重试...
自动恢复失败: Error: SQLITE_ERROR: incomplete input
--> in Database#run('\n' +
  '\n' +
  '      -- 清理30天前的请求日志\n' +
  '      CREATE TRIGGER IF NOT EXISTS cleanup_old_logs\n' +
  '      AFTER INSERT ON request_logs\n' +
  '      BEGIN\n' +
  "        DELETE FROM request_logs WHERE request_time < datetime('now', '-30 days')", [], [Function (anonymous)])
    at /home/tian/clawdbot/work/Ainews/server/services/DatabaseService.js:132:15
    at new Promise (<anonymous>)
    at DatabaseService.run (/home/tian/clawdbot/work/Ainews/server/services/DatabaseService.js:131:12)
    at DatabaseService.runMultiple (/home/tian/clawdbot/work/Ainews/server/services/DatabaseService.js:124:20) {
  errno: 1,
  code: 'SQLITE_ERROR',
  __augmented: true
}
执行自动恢复...
开始更新新闻...
SQLite数据库连接成功: /home/tian/clawdbot/work/Ainews/server/data/ainews.db
更新新闻时发生严重错误: Error: SQLITE_ERROR: incomplete input
--> in Database#run('\n' +
  '\n' +
  '      -- 清理30天前的请求日志\n' +
  '      CREATE TRIGGER IF NOT EXISTS cleanup_old_logs\n' +
  '      AFTER INSERT ON request_logs\n' +
  '      BEGIN\n' +
  "        DELETE FROM request_logs WHERE request_time < datetime('now', '-30 days')", [], [Function (anonymous)])
    at /home/tian/clawdbot/work/Ainews/server/services/DatabaseService.js:132:15
    at new Promise (<anonymous>)
    at DatabaseService.run (/home/tian/clawdbot/work/Ainews/server/services/DatabaseService.js:131:12)
    at DatabaseService.runMultiple (/home/tian/clawdbot/work/Ainews/server/services/DatabaseService.js:124:20) {
  errno: 1,
  code: 'SQLITE_ERROR',
  __augmented: true
}
调度自动恢复，5分钟后重试...
自动恢复失败: Error: SQLITE_ERROR: incomplete input
--> in Database#run('\n' +
  '\n' +
  '      -- 清理30天前的请求日志\n' +
  '      CREATE TRIGGER IF NOT EXISTS cleanup_old_logs\n' +
  '      AFTER INSERT ON request_logs\n' +
  '      BEGIN\n' +
  "        DELETE FROM request_logs WHERE request_time < datetime('now', '-30 days')", [], [Function (anonymous)])
    at /home/tian/clawdbot/work/Ainews/server/services/DatabaseService.js:132:15
    at new Promise (<anonymous>)
    at DatabaseService.run (/home/tian/clawdbot/work/Ainews/server/services/DatabaseService.js:131:12)
    at DatabaseService.runMultiple (/home/tian/clawdbot/work/Ainews/server/services/DatabaseService.js:124:20) {
  errno: 1,
  code: 'SQLITE_ERROR',
  __augmented: true
}
开始更新新闻...
SQLite数据库连接成功: /home/tian/clawdbot/work/Ainews/server/data/ainews.db
更新新闻时发生严重错误: Error: SQLITE_ERROR: incomplete input
--> in Database#run('\n' +
  '\n' +
  '      -- 清理30天前的请求日志\n' +
  '      CREATE TRIGGER IF NOT EXISTS cleanup_old_logs\n' +
  '      AFTER INSERT ON request_logs\n' +
  '      BEGIN\n' +
  "        DELETE FROM request_logs WHERE request_time < datetime('now', '-30 days')", [], [Function (anonymous)])
    at /home/tian/clawdbot/work/Ainews/server/services/DatabaseService.js:132:15
    at new Promise (<anonymous>)
    at DatabaseService.run (/home/tian/clawdbot/work/Ainews/server/services/DatabaseService.js:131:12)
    at DatabaseService.runMultiple (/home/tian/clawdbot/work/Ainews/server/services/DatabaseService.js:124:20) {
  errno: 1,
  code: 'SQLITE_ERROR',
  __augmented: true
}
调度自动恢复，5分钟后重试...
❌ 恢复初始化失败: Error: SQLITE_ERROR: incomplete input
--> in Database#run('\n' +
  '\n' +
  '      -- 清理30天前的请求日志\n' +
  '      CREATE TRIGGER IF NOT EXISTS cleanup_old_logs\n' +
  '      AFTER INSERT ON request_logs\n' +
  '      BEGIN\n' +
  "        DELETE FROM request_logs WHERE request_time < datetime('now', '-30 days')", [], [Function (anonymous)])
    at /home/tian/clawdbot/work/Ainews/server/services/DatabaseService.js:132:15
    at new Promise (<anonymous>)
    at DatabaseService.run (/home/tian/clawdbot/work/Ainews/server/services/DatabaseService.js:131:12)
    at DatabaseService.runMultiple (/home/tian/clawdbot/work/Ainews/server/services/DatabaseService.js:124:20) {
  errno: 1,
  code: 'SQLITE_ERROR',
  __augmented: true
}
📅 调度初始化恢复，2分钟后重试...
执行自动恢复...
开始更新新闻...
SQLite数据库连接成功: /home/tian/clawdbot/work/Ainews/server/data/ainews.db
更新新闻时发生严重错误: Error: SQLITE_ERROR: incomplete input
--> in Database#run('\n' +
  '\n' +
  '      -- 清理30天前的请求日志\n' +
  '      CREATE TRIGGER IF NOT EXISTS cleanup_old_logs\n' +
  '      AFTER INSERT ON request_logs\n' +
  '      BEGIN\n' +
  "        DELETE FROM request_logs WHERE request_time < datetime('now', '-30 days')", [], [Function (anonymous)])
    at /home/tian/clawdbot/work/Ainews/server/services/DatabaseService.js:132:15
    at new Promise (<anonymous>)
    at DatabaseService.run (/home/tian/clawdbot/work/Ainews/server/services/DatabaseService.js:131:12)
    at DatabaseService.runMultiple (/home/tian/clawdbot/work/Ainews/server/services/DatabaseService.js:124:20) {
  errno: 1,
  code: 'SQLITE_ERROR',
  __augmented: true
}
调度自动恢复，5分钟后重试...
自动恢复失败: Error: SQLITE_ERROR: incomplete input
--> in Database#run('\n' +
  '\n' +
  '      -- 清理30天前的请求日志\n' +
  '      CREATE TRIGGER IF NOT EXISTS cleanup_old_logs\n' +
  '      AFTER INSERT ON request_logs\n' +
  '      BEGIN\n' +
  "        DELETE FROM request_logs WHERE request_time < datetime('now', '-30 days')", [], [Function (anonymous)])
    at /home/tian/clawdbot/work/Ainews/server/services/DatabaseService.js:132:15
    at new Promise (<anonymous>)
    at DatabaseService.run (/home/tian/clawdbot/work/Ainews/server/services/DatabaseService.js:131:12)
    at DatabaseService.runMultiple (/home/tian/clawdbot/work/Ainews/server/services/DatabaseService.js:124:20) {
  errno: 1,
  code: 'SQLITE_ERROR',
  __augmented: true
}
执行自动恢复...
开始更新新闻...
SQLite数据库连接成功: /home/tian/clawdbot/work/Ainews/server/data/ainews.db
更新新闻时发生严重错误: Error: SQLITE_ERROR: incomplete input
--> in Database#run('\n' +
  '\n' +
  '      -- 清理30天前的请求日志\n' +
  '      CREATE TRIGGER IF NOT EXISTS cleanup_old_logs\n' +
  '      AFTER INSERT ON request_logs\n' +
  '      BEGIN\n' +
  "        DELETE FROM request_logs WHERE request_time < datetime('now', '-30 days')", [], [Function (anonymous)])
    at /home/tian/clawdbot/work/Ainews/server/services/DatabaseService.js:132:15
    at new Promise (<anonymous>)
    at DatabaseService.run (/home/tian/clawdbot/work/Ainews/server/services/DatabaseService.js:131:12)
    at DatabaseService.runMultiple (/home/tian/clawdbot/work/Ainews/server/services/DatabaseService.js:124:20) {
  errno: 1,
  code: 'SQLITE_ERROR',
  __augmented: true
}
调度自动恢复，5分钟后重试...
自动恢复失败: Error: SQLITE_ERROR: incomplete input
--> in Database#run('\n' +
  '\n' +
  '      -- 清理30天前的请求日志\n' +
  '      CREATE TRIGGER IF NOT EXISTS cleanup_old_logs\n' +
  '      AFTER INSERT ON request_logs\n' +
  '      BEGIN\n' +
  "        DELETE FROM request_logs WHERE request_time < datetime('now', '-30 days')", [], [Function (anonymous)])
    at /home/tian/clawdbot/work/Ainews/server/services/DatabaseService.js:132:15
    at new Promise (<anonymous>)
    at DatabaseService.run (/home/tian/clawdbot/work/Ainews/server/services/DatabaseService.js:131:12)
    at DatabaseService.runMultiple (/home/tian/clawdbot/work/Ainews/server/services/DatabaseService.js:124:20) {
  errno: 1,
  code: 'SQLITE_ERROR',
  __augmented: true
}
执行自动恢复...
开始更新新闻...
SQLite数据库连接成功: /home/tian/clawdbot/work/Ainews/server/data/ainews.db
更新新闻时发生严重错误: Error: SQLITE_ERROR: incomplete input
--> in Database#run('\n' +
  '\n' +
  '      -- 清理30天前的请求日志\n' +
  '      CREATE TRIGGER IF NOT EXISTS cleanup_old_logs\n' +
  '      AFTER INSERT ON request_logs\n' +
  '      BEGIN\n' +
  "        DELETE FROM request_logs WHERE request_time < datetime('now', '-30 days')", [], [Function (anonymous)])
    at /home/tian/clawdbot/work/Ainews/server/services/DatabaseService.js:132:15
    at new Promise (<anonymous>)
    at DatabaseService.run (/home/tian/clawdbot/work/Ainews/server/services/DatabaseService.js:131:12)
    at DatabaseService.runMultiple (/home/tian/clawdbot/work/Ainews/server/services/DatabaseService.js:124:20) {
  errno: 1,
  code: 'SQLITE_ERROR',
  __augmented: true
}
调度自动恢复，5分钟后重试...
自动恢复失败: Error: SQLITE_ERROR: incomplete input
--> in Database#run('\n' +
  '\n' +
  '      -- 清理30天前的请求日志\n' +
  '      CREATE TRIGGER IF NOT EXISTS cleanup_old_logs\n' +
  '      AFTER INSERT ON request_logs\n' +
  '      BEGIN\n' +
  "        DELETE FROM request_logs WHERE request_time < datetime('now', '-30 days')", [], [Function (anonymous)])
    at /home/tian/clawdbot/work/Ainews/server/services/DatabaseService.js:132:15
    at new Promise (<anonymous>)
    at DatabaseService.run (/home/tian/clawdbot/work/Ainews/server/services/DatabaseService.js:131:12)
    at DatabaseService.runMultiple (/home/tian/clawdbot/work/Ainews/server/services/DatabaseService.js:124:20) {
  errno: 1,
  code: 'SQLITE_ERROR',
  __augmented: true
}
执行自动恢复...
开始更新新闻...
SQLite数据库连接成功: /home/tian/clawdbot/work/Ainews/server/data/ainews.db
更新新闻时发生严重错误: Error: SQLITE_ERROR: incomplete input
--> in Database#run('\n' +
  '\n' +
  '      -- 清理30天前的请求日志\n' +
  '      CREATE TRIGGER IF NOT EXISTS cleanup_old_logs\n' +
  '      AFTER INSERT ON request_logs\n' +
  '      BEGIN\n' +
  "        DELETE FROM request_logs WHERE request_time < datetime('now', '-30 days')", [], [Function (anonymous)])
    at /home/tian/clawdbot/work/Ainews/server/services/DatabaseService.js:132:15
    at new Promise (<anonymous>)
    at DatabaseService.run (/home/tian/clawdbot/work/Ainews/server/services/DatabaseService.js:131:12)
    at DatabaseService.runMultiple (/home/tian/clawdbot/work/Ainews/server/services/DatabaseService.js:124:20) {
  errno: 1,
  code: 'SQLITE_ERROR',
  __augmented: true
}
调度自动恢复，5分钟后重试...
自动恢复失败: Error: SQLITE_ERROR: incomplete input
--> in Database#run('\n' +
  '\n' +
  '      -- 清理30天前的请求日志\n' +
  '      CREATE TRIGGER IF NOT EXISTS cleanup_old_logs\n' +
  '      AFTER INSERT ON request_logs\n' +
  '      BEGIN\n' +
  "        DELETE FROM request_logs WHERE request_time < datetime('now', '-30 days')", [], [Function (anonymous)])
    at /home/tian/clawdbot/work/Ainews/server/services/DatabaseService.js:132:15
    at new Promise (<anonymous>)
    at DatabaseService.run (/home/tian/clawdbot/work/Ainews/server/services/DatabaseService.js:131:12)
    at DatabaseService.runMultiple (/home/tian/clawdbot/work/Ainews/server/services/DatabaseService.js:124:20) {
  errno: 1,
  code: 'SQLITE_ERROR',
  __augmented: true
}
执行自动恢复...
开始更新新闻...
SQLite数据库连接成功: /home/tian/clawdbot/work/Ainews/server/data/ainews.db
更新新闻时发生严重错误: Error: SQLITE_ERROR: incomplete input
--> in Database#run('\n' +
  '\n' +
  '      -- 清理30天前的请求日志\n' +
  '      CREATE TRIGGER IF NOT EXISTS cleanup_old_logs\n' +
  '      AFTER INSERT ON request_logs\n' +
  '      BEGIN\n' +
  "        DELETE FROM request_logs WHERE request_time < datetime('now', '-30 days')", [], [Function (anonymous)])
    at /home/tian/clawdbot/work/Ainews/server/services/DatabaseService.js:132:15
    at new Promise (<anonymous>)
    at DatabaseService.run (/home/tian/clawdbot/work/Ainews/server/services/DatabaseService.js:131:12)
    at DatabaseService.runMultiple (/home/tian/clawdbot/work/Ainews/server/services/DatabaseService.js:124:20) {
  errno: 1,
  code: 'SQLITE_ERROR',
  __augmented: true
}
调度自动恢复，5分钟后重试...
自动恢复失败: Error: SQLITE_ERROR: incomplete input
--> in Database#run('\n' +
  '\n' +
  '      -- 清理30天前的请求日志\n' +
  '      CREATE TRIGGER IF NOT EXISTS cleanup_old_logs\n' +
  '      AFTER INSERT ON request_logs\n' +
  '      BEGIN\n' +
  "        DELETE FROM request_logs WHERE request_time < datetime('now', '-30 days')", [], [Function (anonymous)])
    at /home/tian/clawdbot/work/Ainews/server/services/DatabaseService.js:132:15
    at new Promise (<anonymous>)
    at DatabaseService.run (/home/tian/clawdbot/work/Ainews/server/services/DatabaseService.js:131:12)
    at DatabaseService.runMultiple (/home/tian/clawdbot/work/Ainews/server/services/DatabaseService.js:124:20) {
  errno: 1,
  code: 'SQLITE_ERROR',
  __augmented: true
}
开始更新新闻...
SQLite数据库连接成功: /home/tian/clawdbot/work/Ainews/server/data/ainews.db
更新新闻时发生严重错误: Error: SQLITE_ERROR: incomplete input
--> in Database#run('\n' +
  '\n' +
  '      -- 清理30天前的请求日志\n' +
  '      CREATE TRIGGER IF NOT EXISTS cleanup_old_logs\n' +
  '      AFTER INSERT ON request_logs\n' +
  '      BEGIN\n' +
  "        DELETE FROM request_logs WHERE request_time < datetime('now', '-30 days')", [], [Function (anonymous)])
    at /home/tian/clawdbot/work/Ainews/server/services/DatabaseService.js:132:15
    at new Promise (<anonymous>)
    at DatabaseService.run (/home/tian/clawdbot/work/Ainews/server/services/DatabaseService.js:131:12)
    at DatabaseService.runMultiple (/home/tian/clawdbot/work/Ainews/server/services/DatabaseService.js:124:20) {
  errno: 1,
  code: 'SQLITE_ERROR',
  __augmented: true
}
调度自动恢复，5分钟后重试...
❌ 恢复初始化失败: Error: SQLITE_ERROR: incomplete input
--> in Database#run('\n' +
  '\n' +
  '      -- 清理30天前的请求日志\n' +
  '      CREATE TRIGGER IF NOT EXISTS cleanup_old_logs\n' +
  '      AFTER INSERT ON request_logs\n' +
  '      BEGIN\n' +
  "        DELETE FROM request_logs WHERE request_time < datetime('now', '-30 days')", [], [Function (anonymous)])
    at /home/tian/clawdbot/work/Ainews/server/services/DatabaseService.js:132:15
    at new Promise (<anonymous>)
    at DatabaseService.run (/home/tian/clawdbot/work/Ainews/server/services/DatabaseService.js:131:12)
    at DatabaseService.runMultiple (/home/tian/clawdbot/work/Ainews/server/services/DatabaseService.js:124:20) {
  errno: 1,
  code: 'SQLITE_ERROR',
  __augmented: true
}
📅 调度初始化恢复，2分钟后重试...
执行自动恢复...
开始更新新闻...
SQLite数据库连接成功: /home/tian/clawdbot/work/Ainews/server/data/ainews.db
更新新闻时发生严重错误: Error: SQLITE_ERROR: incomplete input
--> in Database#run('\n' +
  '\n' +
  '      -- 清理30天前的请求日志\n' +
  '      CREATE TRIGGER IF NOT EXISTS cleanup_old_logs\n' +
  '      AFTER INSERT ON request_logs\n' +
  '      BEGIN\n' +
  "        DELETE FROM request_logs WHERE request_time < datetime('now', '-30 days')", [], [Function (anonymous)])
    at /home/tian/clawdbot/work/Ainews/server/services/DatabaseService.js:132:15
    at new Promise (<anonymous>)
    at DatabaseService.run (/home/tian/clawdbot/work/Ainews/server/services/DatabaseService.js:131:12)
    at DatabaseService.runMultiple (/home/tian/clawdbot/work/Ainews/server/services/DatabaseService.js:124:20) {
  errno: 1,
  code: 'SQLITE_ERROR',
  __augmented: true
}
调度自动恢复，5分钟后重试...
自动恢复失败: Error: SQLITE_ERROR: incomplete input
--> in Database#run('\n' +
  '\n' +
  '      -- 清理30天前的请求日志\n' +
  '      CREATE TRIGGER IF NOT EXISTS cleanup_old_logs\n' +
  '      AFTER INSERT ON request_logs\n' +
  '      BEGIN\n' +
  "        DELETE FROM request_logs WHERE request_time < datetime('now', '-30 days')", [], [Function (anonymous)])
    at /home/tian/clawdbot/work/Ainews/server/services/DatabaseService.js:132:15
    at new Promise (<anonymous>)
    at DatabaseService.run (/home/tian/clawdbot/work/Ainews/server/services/DatabaseService.js:131:12)
    at DatabaseService.runMultiple (/home/tian/clawdbot/work/Ainews/server/services/DatabaseService.js:124:20) {
  errno: 1,
  code: 'SQLITE_ERROR',
  __augmented: true
}
执行自动恢复...
开始更新新闻...
SQLite数据库连接成功: /home/tian/clawdbot/work/Ainews/server/data/ainews.db
更新新闻时发生严重错误: Error: SQLITE_ERROR: incomplete input
--> in Database#run('\n' +
  '\n' +
  '      -- 清理30天前的请求日志\n' +
  '      CREATE TRIGGER IF NOT EXISTS cleanup_old_logs\n' +
  '      AFTER INSERT ON request_logs\n' +
  '      BEGIN\n' +
  "        DELETE FROM request_logs WHERE request_time < datetime('now', '-30 days')", [], [Function (anonymous)])
    at /home/tian/clawdbot/work/Ainews/server/services/DatabaseService.js:132:15
    at new Promise (<anonymous>)
    at DatabaseService.run (/home/tian/clawdbot/work/Ainews/server/services/DatabaseService.js:131:12)
    at DatabaseService.runMultiple (/home/tian/clawdbot/work/Ainews/server/services/DatabaseService.js:124:20) {
  errno: 1,
  code: 'SQLITE_ERROR',
  __augmented: true
}
调度自动恢复，5分钟后重试...
自动恢复失败: Error: SQLITE_ERROR: incomplete input
--> in Database#run('\n' +
  '\n' +
  '      -- 清理30天前的请求日志\n' +
  '      CREATE TRIGGER IF NOT EXISTS cleanup_old_logs\n' +
  '      AFTER INSERT ON request_logs\n' +
  '      BEGIN\n' +
  "        DELETE FROM request_logs WHERE request_time < datetime('now', '-30 days')", [], [Function (anonymous)])
    at /home/tian/clawdbot/work/Ainews/server/services/DatabaseService.js:132:15
    at new Promise (<anonymous>)
    at DatabaseService.run (/home/tian/clawdbot/work/Ainews/server/services/DatabaseService.js:131:12)
    at DatabaseService.runMultiple (/home/tian/clawdbot/work/Ainews/server/services/DatabaseService.js:124:20) {
  errno: 1,
  code: 'SQLITE_ERROR',
  __augmented: true
}
执行自动恢复...
开始更新新闻...
SQLite数据库连接成功: /home/tian/clawdbot/work/Ainews/server/data/ainews.db
更新新闻时发生严重错误: Error: SQLITE_ERROR: incomplete input
--> in Database#run('\n' +
  '\n' +
  '      -- 清理30天前的请求日志\n' +
  '      CREATE TRIGGER IF NOT EXISTS cleanup_old_logs\n' +
  '      AFTER INSERT ON request_logs\n' +
  '      BEGIN\n' +
  "        DELETE FROM request_logs WHERE request_time < datetime('now', '-30 days')", [], [Function (anonymous)])
    at /home/tian/clawdbot/work/Ainews/server/services/DatabaseService.js:132:15
    at new Promise (<anonymous>)
    at DatabaseService.run (/home/tian/clawdbot/work/Ainews/server/services/DatabaseService.js:131:12)
    at DatabaseService.runMultiple (/home/tian/clawdbot/work/Ainews/server/services/DatabaseService.js:124:20) {
  errno: 1,
  code: 'SQLITE_ERROR',
  __augmented: true
}
调度自动恢复，5分钟后重试...
自动恢复失败: Error: SQLITE_ERROR: incomplete input
--> in Database#run('\n' +
  '\n' +
  '      -- 清理30天前的请求日志\n' +
  '      CREATE TRIGGER IF NOT EXISTS cleanup_old_logs\n' +
  '      AFTER INSERT ON request_logs\n' +
  '      BEGIN\n' +
  "        DELETE FROM request_logs WHERE request_time < datetime('now', '-30 days')", [], [Function (anonymous)])
    at /home/tian/clawdbot/work/Ainews/server/services/DatabaseService.js:132:15
    at new Promise (<anonymous>)
    at DatabaseService.run (/home/tian/clawdbot/work/Ainews/server/services/DatabaseService.js:131:12)
    at DatabaseService.runMultiple (/home/tian/clawdbot/work/Ainews/server/services/DatabaseService.js:124:20) {
  errno: 1,
  code: 'SQLITE_ERROR',
  __augmented: true
}
执行自动恢复...
开始更新新闻...
SQLite数据库连接成功: /home/tian/clawdbot/work/Ainews/server/data/ainews.db
更新新闻时发生严重错误: Error: SQLITE_ERROR: incomplete input
--> in Database#run('\n' +
  '\n' +
  '      -- 清理30天前的请求日志\n' +
  '      CREATE TRIGGER IF NOT EXISTS cleanup_old_logs\n' +
  '      AFTER INSERT ON request_logs\n' +
  '      BEGIN\n' +
  "        DELETE FROM request_logs WHERE request_time < datetime('now', '-30 days')", [], [Function (anonymous)])
    at /home/tian/clawdbot/work/Ainews/server/services/DatabaseService.js:132:15
    at new Promise (<anonymous>)
    at DatabaseService.run (/home/tian/clawdbot/work/Ainews/server/services/DatabaseService.js:131:12)
    at DatabaseService.runMultiple (/home/tian/clawdbot/work/Ainews/server/services/DatabaseService.js:124:20) {
  errno: 1,
  code: 'SQLITE_ERROR',
  __augmented: true
}
调度自动恢复，5分钟后重试...
自动恢复失败: Error: SQLITE_ERROR: incomplete input
--> in Database#run('\n' +
  '\n' +
  '      -- 清理30天前的请求日志\n' +
  '      CREATE TRIGGER IF NOT EXISTS cleanup_old_logs\n' +
  '      AFTER INSERT ON request_logs\n' +
  '      BEGIN\n' +
  "        DELETE FROM request_logs WHERE request_time < datetime('now', '-30 days')", [], [Function (anonymous)])
    at /home/tian/clawdbot/work/Ainews/server/services/DatabaseService.js:132:15
    at new Promise (<anonymous>)
    at DatabaseService.run (/home/tian/clawdbot/work/Ainews/server/services/DatabaseService.js:131:12)
    at DatabaseService.runMultiple (/home/tian/clawdbot/work/Ainews/server/services/DatabaseService.js:124:20) {
  errno: 1,
  code: 'SQLITE_ERROR',
  __augmented: true
}
开始更新新闻...
SQLite数据库连接成功: /home/tian/clawdbot/work/Ainews/server/data/ainews.db
更新新闻时发生严重错误: Error: SQLITE_ERROR: incomplete input
--> in Database#run('\n' +
  '\n' +
  '      -- 清理30天前的请求日志\n' +
  '      CREATE TRIGGER IF NOT EXISTS cleanup_old_logs\n' +
  '      AFTER INSERT ON request_logs\n' +
  '      BEGIN\n' +
  "        DELETE FROM request_logs WHERE request_time < datetime('now', '-30 days')", [], [Function (anonymous)])
    at /home/tian/clawdbot/work/Ainews/server/services/DatabaseService.js:132:15
    at new Promise (<anonymous>)
    at DatabaseService.run (/home/tian/clawdbot/work/Ainews/server/services/DatabaseService.js:131:12)
    at DatabaseService.runMultiple (/home/tian/clawdbot/work/Ainews/server/services/DatabaseService.js:124:20) {
  errno: 1,
  code: 'SQLITE_ERROR',
  __augmented: true
}
调度自动恢复，5分钟后重试...
❌ 恢复初始化失败: Error: SQLITE_ERROR: incomplete input
--> in Database#run('\n' +
  '\n' +
  '      -- 清理30天前的请求日志\n' +
  '      CREATE TRIGGER IF NOT EXISTS cleanup_old_logs\n' +
  '      AFTER INSERT ON request_logs\n' +
  '      BEGIN\n' +
  "        DELETE FROM request_logs WHERE request_time < datetime('now', '-30 days')", [], [Function (anonymous)])
    at /home/tian/clawdbot/work/Ainews/server/services/DatabaseService.js:132:15
    at new Promise (<anonymous>)
    at DatabaseService.run (/home/tian/clawdbot/work/Ainews/server/services/DatabaseService.js:131:12)
    at DatabaseService.runMultiple (/home/tian/clawdbot/work/Ainews/server/services/DatabaseService.js:124:20) {
  errno: 1,
  code: 'SQLITE_ERROR',
  __augmented: true
}
📅 调度初始化恢复，2分钟后重试...
执行自动恢复...
开始更新新闻...
SQLite数据库连接成功: /home/tian/clawdbot/work/Ainews/server/data/ainews.db
更新新闻时发生严重错误: Error: SQLITE_ERROR: incomplete input
--> in Database#run('\n' +
  '\n' +
  '      -- 清理30天前的请求日志\n' +
  '      CREATE TRIGGER IF NOT EXISTS cleanup_old_logs\n' +
  '      AFTER INSERT ON request_logs\n' +
  '      BEGIN\n' +
  "        DELETE FROM request_logs WHERE request_time < datetime('now', '-30 days')", [], [Function (anonymous)])
    at /home/tian/clawdbot/work/Ainews/server/services/DatabaseService.js:132:15
    at new Promise (<anonymous>)
    at DatabaseService.run (/home/tian/clawdbot/work/Ainews/server/services/DatabaseService.js:131:12)
    at DatabaseService.runMultiple (/home/tian/clawdbot/work/Ainews/server/services/DatabaseService.js:124:20) {
  errno: 1,
  code: 'SQLITE_ERROR',
  __augmented: true
}
调度自动恢复，5分钟后重试...
自动恢复失败: Error: SQLITE_ERROR: incomplete input
--> in Database#run('\n' +
  '\n' +
  '      -- 清理30天前的请求日志\n' +
  '      CREATE TRIGGER IF NOT EXISTS cleanup_old_logs\n' +
  '      AFTER INSERT ON request_logs\n' +
  '      BEGIN\n' +
  "        DELETE FROM request_logs WHERE request_time < datetime('now', '-30 days')", [], [Function (anonymous)])
    at /home/tian/clawdbot/work/Ainews/server/services/DatabaseService.js:132:15
    at new Promise (<anonymous>)
    at DatabaseService.run (/home/tian/clawdbot/work/Ainews/server/services/DatabaseService.js:131:12)
    at DatabaseService.runMultiple (/home/tian/clawdbot/work/Ainews/server/services/DatabaseService.js:124:20) {
  errno: 1,
  code: 'SQLITE_ERROR',
  __augmented: true
}
执行自动恢复...
开始更新新闻...
SQLite数据库连接成功: /home/tian/clawdbot/work/Ainews/server/data/ainews.db
更新新闻时发生严重错误: Error: SQLITE_ERROR: incomplete input
--> in Database#run('\n' +
  '\n' +
  '      -- 清理30天前的请求日志\n' +
  '      CREATE TRIGGER IF NOT EXISTS cleanup_old_logs\n' +
  '      AFTER INSERT ON request_logs\n' +
  '      BEGIN\n' +
  "        DELETE FROM request_logs WHERE request_time < datetime('now', '-30 days')", [], [Function (anonymous)])
    at /home/tian/clawdbot/work/Ainews/server/services/DatabaseService.js:132:15
    at new Promise (<anonymous>)
    at DatabaseService.run (/home/tian/clawdbot/work/Ainews/server/services/DatabaseService.js:131:12)
    at DatabaseService.runMultiple (/home/tian/clawdbot/work/Ainews/server/services/DatabaseService.js:124:20) {
  errno: 1,
  code: 'SQLITE_ERROR',
  __augmented: true
}
调度自动恢复，5分钟后重试...
自动恢复失败: Error: SQLITE_ERROR: incomplete input
--> in Database#run('\n' +
  '\n' +
  '      -- 清理30天前的请求日志\n' +
  '      CREATE TRIGGER IF NOT EXISTS cleanup_old_logs\n' +
  '      AFTER INSERT ON request_logs\n' +
  '      BEGIN\n' +
  "        DELETE FROM request_logs WHERE request_time < datetime('now', '-30 days')", [], [Function (anonymous)])
    at /home/tian/clawdbot/work/Ainews/server/services/DatabaseService.js:132:15
    at new Promise (<anonymous>)
    at DatabaseService.run (/home/tian/clawdbot/work/Ainews/server/services/DatabaseService.js:131:12)
    at DatabaseService.runMultiple (/home/tian/clawdbot/work/Ainews/server/services/DatabaseService.js:124:20) {
  errno: 1,
  code: 'SQLITE_ERROR',
  __augmented: true
}
执行自动恢复...
开始更新新闻...
SQLite数据库连接成功: /home/tian/clawdbot/work/Ainews/server/data/ainews.db
更新新闻时发生严重错误: Error: SQLITE_ERROR: incomplete input
--> in Database#run('\n' +
  '\n' +
  '      -- 清理30天前的请求日志\n' +
  '      CREATE TRIGGER IF NOT EXISTS cleanup_old_logs\n' +
  '      AFTER INSERT ON request_logs\n' +
  '      BEGIN\n' +
  "        DELETE FROM request_logs WHERE request_time < datetime('now', '-30 days')", [], [Function (anonymous)])
    at /home/tian/clawdbot/work/Ainews/server/services/DatabaseService.js:132:15
    at new Promise (<anonymous>)
    at DatabaseService.run (/home/tian/clawdbot/work/Ainews/server/services/DatabaseService.js:131:12)
    at DatabaseService.runMultiple (/home/tian/clawdbot/work/Ainews/server/services/DatabaseService.js:124:20) {
  errno: 1,
  code: 'SQLITE_ERROR',
  __augmented: true
}
调度自动恢复，5分钟后重试...
自动恢复失败: Error: SQLITE_ERROR: incomplete input
--> in Database#run('\n' +
  '\n' +
  '      -- 清理30天前的请求日志\n' +
  '      CREATE TRIGGER IF NOT EXISTS cleanup_old_logs\n' +
  '      AFTER INSERT ON request_logs\n' +
  '      BEGIN\n' +
  "        DELETE FROM request_logs WHERE request_time < datetime('now', '-30 days')", [], [Function (anonymous)])
    at /home/tian/clawdbot/work/Ainews/server/services/DatabaseService.js:132:15
    at new Promise (<anonymous>)
    at DatabaseService.run (/home/tian/clawdbot/work/Ainews/server/services/DatabaseService.js:131:12)
    at DatabaseService.runMultiple (/home/tian/clawdbot/work/Ainews/server/services/DatabaseService.js:124:20) {
  errno: 1,
  code: 'SQLITE_ERROR',
  __augmented: true
}
执行自动恢复...
开始更新新闻...
SQLite数据库连接成功: /home/tian/clawdbot/work/Ainews/server/data/ainews.db
更新新闻时发生严重错误: Error: SQLITE_ERROR: incomplete input
--> in Database#run('\n' +
  '\n' +
  '      -- 清理30天前的请求日志\n' +
  '      CREATE TRIGGER IF NOT EXISTS cleanup_old_logs\n' +
  '      AFTER INSERT ON request_logs\n' +
  '      BEGIN\n' +
  "        DELETE FROM request_logs WHERE request_time < datetime('now', '-30 days')", [], [Function (anonymous)])
    at /home/tian/clawdbot/work/Ainews/server/services/DatabaseService.js:132:15
    at new Promise (<anonymous>)
    at DatabaseService.run (/home/tian/clawdbot/work/Ainews/server/services/DatabaseService.js:131:12)
    at DatabaseService.runMultiple (/home/tian/clawdbot/work/Ainews/server/services/DatabaseService.js:124:20) {
  errno: 1,
  code: 'SQLITE_ERROR',
  __augmented: true
}
调度自动恢复，5分钟后重试...
自动恢复失败: Error: SQLITE_ERROR: incomplete input
--> in Database#run('\n' +
  '\n' +
  '      -- 清理30天前的请求日志\n' +
  '      CREATE TRIGGER IF NOT EXISTS cleanup_old_logs\n' +
  '      AFTER INSERT ON request_logs\n' +
  '      BEGIN\n' +
  "        DELETE FROM request_logs WHERE request_time < datetime('now', '-30 days')", [], [Function (anonymous)])
    at /home/tian/clawdbot/work/Ainews/server/services/DatabaseService.js:132:15
    at new Promise (<anonymous>)
    at DatabaseService.run (/home/tian/clawdbot/work/Ainews/server/services/DatabaseService.js:131:12)
    at DatabaseService.runMultiple (/home/tian/clawdbot/work/Ainews/server/services/DatabaseService.js:124:20) {
  errno: 1,
  code: 'SQLITE_ERROR',
  __augmented: true
}
开始更新新闻...
SQLite数据库连接成功: /home/tian/clawdbot/work/Ainews/server/data/ainews.db
更新新闻时发生严重错误: Error: SQLITE_ERROR: incomplete input
--> in Database#run('\n' +
  '\n' +
  '      -- 清理30天前的请求日志\n' +
  '      CREATE TRIGGER IF NOT EXISTS cleanup_old_logs\n' +
  '      AFTER INSERT ON request_logs\n' +
  '      BEGIN\n' +
  "        DELETE FROM request_logs WHERE request_time < datetime('now', '-30 days')", [], [Function (anonymous)])
    at /home/tian/clawdbot/work/Ainews/server/services/DatabaseService.js:132:15
    at new Promise (<anonymous>)
    at DatabaseService.run (/home/tian/clawdbot/work/Ainews/server/services/DatabaseService.js:131:12)
    at DatabaseService.runMultiple (/home/tian/clawdbot/work/Ainews/server/services/DatabaseService.js:124:20) {
  errno: 1,
  code: 'SQLITE_ERROR',
  __augmented: true
}
调度自动恢复，5分钟后重试...
❌ 恢复初始化失败: Error: SQLITE_ERROR: incomplete input
--> in Database#run('\n' +
  '\n' +
  '      -- 清理30天前的请求日志\n' +
  '      CREATE TRIGGER IF NOT EXISTS cleanup_old_logs\n' +
  '      AFTER INSERT ON request_logs\n' +
  '      BEGIN\n' +
  "        DELETE FROM request_logs WHERE request_time < datetime('now', '-30 days')", [], [Function (anonymous)])
    at /home/tian/clawdbot/work/Ainews/server/services/DatabaseService.js:132:15
    at new Promise (<anonymous>)
    at DatabaseService.run (/home/tian/clawdbot/work/Ainews/server/services/DatabaseService.js:131:12)
    at DatabaseService.runMultiple (/home/tian/clawdbot/work/Ainews/server/services/DatabaseService.js:124:20) {
  errno: 1,
  code: 'SQLITE_ERROR',
  __augmented: true
}
📅 调度初始化恢复，2分钟后重试...
执行自动恢复...
开始更新新闻...
SQLite数据库连接成功: /home/tian/clawdbot/work/Ainews/server/data/ainews.db
更新新闻时发生严重错误: Error: SQLITE_ERROR: incomplete input
--> in Database#run('\n' +
  '\n' +
  '      -- 清理30天前的请求日志\n' +
  '      CREATE TRIGGER IF NOT EXISTS cleanup_old_logs\n' +
  '      AFTER INSERT ON request_logs\n' +
  '      BEGIN\n' +
  "        DELETE FROM request_logs WHERE request_time < datetime('now', '-30 days')", [], [Function (anonymous)])
    at /home/tian/clawdbot/work/Ainews/server/services/DatabaseService.js:132:15
    at new Promise (<anonymous>)
    at DatabaseService.run (/home/tian/clawdbot/work/Ainews/server/services/DatabaseService.js:131:12)
    at DatabaseService.runMultiple (/home/tian/clawdbot/work/Ainews/server/services/DatabaseService.js:124:20) {
  errno: 1,
  code: 'SQLITE_ERROR',
  __augmented: true
}
调度自动恢复，5分钟后重试...
自动恢复失败: Error: SQLITE_ERROR: incomplete input
--> in Database#run('\n' +
  '\n' +
  '      -- 清理30天前的请求日志\n' +
  '      CREATE TRIGGER IF NOT EXISTS cleanup_old_logs\n' +
  '      AFTER INSERT ON request_logs\n' +
  '      BEGIN\n' +
  "        DELETE FROM request_logs WHERE request_time < datetime('now', '-30 days')", [], [Function (anonymous)])
    at /home/tian/clawdbot/work/Ainews/server/services/DatabaseService.js:132:15
    at new Promise (<anonymous>)
    at DatabaseService.run (/home/tian/clawdbot/work/Ainews/server/services/DatabaseService.js:131:12)
    at DatabaseService.runMultiple (/home/tian/clawdbot/work/Ainews/server/services/DatabaseService.js:124:20) {
  errno: 1,
  code: 'SQLITE_ERROR',
  __augmented: true
}
执行自动恢复...
开始更新新闻...
SQLite数据库连接成功: /home/tian/clawdbot/work/Ainews/server/data/ainews.db
更新新闻时发生严重错误: Error: SQLITE_ERROR: incomplete input
--> in Database#run('\n' +
  '\n' +
  '      -- 清理30天前的请求日志\n' +
  '      CREATE TRIGGER IF NOT EXISTS cleanup_old_logs\n' +
  '      AFTER INSERT ON request_logs\n' +
  '      BEGIN\n' +
  "        DELETE FROM request_logs WHERE request_time < datetime('now', '-30 days')", [], [Function (anonymous)])
    at /home/tian/clawdbot/work/Ainews/server/services/DatabaseService.js:132:15
    at new Promise (<anonymous>)
    at DatabaseService.run (/home/tian/clawdbot/work/Ainews/server/services/DatabaseService.js:131:12)
    at DatabaseService.runMultiple (/home/tian/clawdbot/work/Ainews/server/services/DatabaseService.js:124:20) {
  errno: 1,
  code: 'SQLITE_ERROR',
  __augmented: true
}
调度自动恢复，5分钟后重试...
自动恢复失败: Error: SQLITE_ERROR: incomplete input
--> in Database#run('\n' +
  '\n' +
  '      -- 清理30天前的请求日志\n' +
  '      CREATE TRIGGER IF NOT EXISTS cleanup_old_logs\n' +
  '      AFTER INSERT ON request_logs\n' +
  '      BEGIN\n' +
  "        DELETE FROM request_logs WHERE request_time < datetime('now', '-30 days')", [], [Function (anonymous)])
    at /home/tian/clawdbot/work/Ainews/server/services/DatabaseService.js:132:15
    at new Promise (<anonymous>)
    at DatabaseService.run (/home/tian/clawdbot/work/Ainews/server/services/DatabaseService.js:131:12)
    at DatabaseService.runMultiple (/home/tian/clawdbot/work/Ainews/server/services/DatabaseService.js:124:20) {
  errno: 1,
  code: 'SQLITE_ERROR',
  __augmented: true
}
执行自动恢复...
开始更新新闻...
SQLite数据库连接成功: /home/tian/clawdbot/work/Ainews/server/data/ainews.db
更新新闻时发生严重错误: Error: SQLITE_ERROR: incomplete input
--> in Database#run('\n' +
  '\n' +
  '      -- 清理30天前的请求日志\n' +
  '      CREATE TRIGGER IF NOT EXISTS cleanup_old_logs\n' +
  '      AFTER INSERT ON request_logs\n' +
  '      BEGIN\n' +
  "        DELETE FROM request_logs WHERE request_time < datetime('now', '-30 days')", [], [Function (anonymous)])
    at /home/tian/clawdbot/work/Ainews/server/services/DatabaseService.js:132:15
    at new Promise (<anonymous>)
    at DatabaseService.run (/home/tian/clawdbot/work/Ainews/server/services/DatabaseService.js:131:12)
    at DatabaseService.runMultiple (/home/tian/clawdbot/work/Ainews/server/services/DatabaseService.js:124:20) {
  errno: 1,
  code: 'SQLITE_ERROR',
  __augmented: true
}
调度自动恢复，5分钟后重试...
自动恢复失败: Error: SQLITE_ERROR: incomplete input
--> in Database#run('\n' +
  '\n' +
  '      -- 清理30天前的请求日志\n' +
  '      CREATE TRIGGER IF NOT EXISTS cleanup_old_logs\n' +
  '      AFTER INSERT ON request_logs\n' +
  '      BEGIN\n' +
  "        DELETE FROM request_logs WHERE request_time < datetime('now', '-30 days')", [], [Function (anonymous)])
    at /home/tian/clawdbot/work/Ainews/server/services/DatabaseService.js:132:15
    at new Promise (<anonymous>)
    at DatabaseService.run (/home/tian/clawdbot/work/Ainews/server/services/DatabaseService.js:131:12)
    at DatabaseService.runMultiple (/home/tian/clawdbot/work/Ainews/server/services/DatabaseService.js:124:20) {
  errno: 1,
  code: 'SQLITE_ERROR',
  __augmented: true
}
执行自动恢复...
开始更新新闻...
SQLite数据库连接成功: /home/tian/clawdbot/work/Ainews/server/data/ainews.db
更新新闻时发生严重错误: Error: SQLITE_ERROR: incomplete input
--> in Database#run('\n' +
  '\n' +
  '      -- 清理30天前的请求日志\n' +
  '      CREATE TRIGGER IF NOT EXISTS cleanup_old_logs\n' +
  '      AFTER INSERT ON request_logs\n' +
  '      BEGIN\n' +
  "        DELETE FROM request_logs WHERE request_time < datetime('now', '-30 days')", [], [Function (anonymous)])
    at /home/tian/clawdbot/work/Ainews/server/services/DatabaseService.js:132:15
    at new Promise (<anonymous>)
    at DatabaseService.run (/home/tian/clawdbot/work/Ainews/server/services/DatabaseService.js:131:12)
    at DatabaseService.runMultiple (/home/tian/clawdbot/work/Ainews/server/services/DatabaseService.js:124:20) {
  errno: 1,
  code: 'SQLITE_ERROR',
  __augmented: true
}
调度自动恢复，5分钟后重试...
自动恢复失败: Error: SQLITE_ERROR: incomplete input
--> in Database#run('\n' +
  '\n' +
  '      -- 清理30天前的请求日志\n' +
  '      CREATE TRIGGER IF NOT EXISTS cleanup_old_logs\n' +
  '      AFTER INSERT ON request_logs\n' +
  '      BEGIN\n' +
  "        DELETE FROM request_logs WHERE request_time < datetime('now', '-30 days')", [], [Function (anonymous)])
    at /home/tian/clawdbot/work/Ainews/server/services/DatabaseService.js:132:15
    at new Promise (<anonymous>)
    at DatabaseService.run (/home/tian/clawdbot/work/Ainews/server/services/DatabaseService.js:131:12)
    at DatabaseService.runMultiple (/home/tian/clawdbot/work/Ainews/server/services/DatabaseService.js:124:20) {
  errno: 1,
  code: 'SQLITE_ERROR',
  __augmented: true
}
执行自动恢复...
开始更新新闻...
SQLite数据库连接成功: /home/tian/clawdbot/work/Ainews/server/data/ainews.db
更新新闻时发生严重错误: Error: SQLITE_ERROR: incomplete input
--> in Database#run('\n' +
  '\n' +
  '      -- 清理30天前的请求日志\n' +
  '      CREATE TRIGGER IF NOT EXISTS cleanup_old_logs\n' +
  '      AFTER INSERT ON request_logs\n' +
  '      BEGIN\n' +
  "        DELETE FROM request_logs WHERE request_time < datetime('now', '-30 days')", [], [Function (anonymous)])
    at /home/tian/clawdbot/work/Ainews/server/services/DatabaseService.js:132:15
    at new Promise (<anonymous>)
    at DatabaseService.run (/home/tian/clawdbot/work/Ainews/server/services/DatabaseService.js:131:12)
    at DatabaseService.runMultiple (/home/tian/clawdbot/work/Ainews/server/services/DatabaseService.js:124:20) {
  errno: 1,
  code: 'SQLITE_ERROR',
  __augmented: true
}
调度自动恢复，5分钟后重试...
自动恢复失败: Error: SQLITE_ERROR: incomplete input
--> in Database#run('\n' +
  '\n' +
  '      -- 清理30天前的请求日志\n' +
  '      CREATE TRIGGER IF NOT EXISTS cleanup_old_logs\n' +
  '      AFTER INSERT ON request_logs\n' +
  '      BEGIN\n' +
  "        DELETE FROM request_logs WHERE request_time < datetime('now', '-30 days')", [], [Function (anonymous)])
    at /home/tian/clawdbot/work/Ainews/server/services/DatabaseService.js:132:15
    at new Promise (<anonymous>)
    at DatabaseService.run (/home/tian/clawdbot/work/Ainews/server/services/DatabaseService.js:131:12)
    at DatabaseService.runMultiple (/home/tian/clawdbot/work/Ainews/server/services/DatabaseService.js:124:20) {
  errno: 1,
  code: 'SQLITE_ERROR',
  __augmented: true
}
执行自动恢复...
开始更新新闻...
SQLite数据库连接成功: /home/tian/clawdbot/work/Ainews/server/data/ainews.db
更新新闻时发生严重错误: Error: SQLITE_ERROR: incomplete input
--> in Database#run('\n' +
  '\n' +
  '      -- 清理30天前的请求日志\n' +
  '      CREATE TRIGGER IF NOT EXISTS cleanup_old_logs\n' +
  '      AFTER INSERT ON request_logs\n' +
  '      BEGIN\n' +
  "        DELETE FROM request_logs WHERE request_time < datetime('now', '-30 days')", [], [Function (anonymous)])
    at /home/tian/clawdbot/work/Ainews/server/services/DatabaseService.js:132:15
    at new Promise (<anonymous>)
    at DatabaseService.run (/home/tian/clawdbot/work/Ainews/server/services/DatabaseService.js:131:12)
    at DatabaseService.runMultiple (/home/tian/clawdbot/work/Ainews/server/services/DatabaseService.js:124:20) {
  errno: 1,
  code: 'SQLITE_ERROR',
  __augmented: true
}
调度自动恢复，5分钟后重试...
自动恢复失败: Error: SQLITE_ERROR: incomplete input
--> in Database#run('\n' +
  '\n' +
  '      -- 清理30天前的请求日志\n' +
  '      CREATE TRIGGER IF NOT EXISTS cleanup_old_logs\n' +
  '      AFTER INSERT ON request_logs\n' +
  '      BEGIN\n' +
  "        DELETE FROM request_logs WHERE request_time < datetime('now', '-30 days')", [], [Function (anonymous)])
    at /home/tian/clawdbot/work/Ainews/server/services/DatabaseService.js:132:15
    at new Promise (<anonymous>)
    at DatabaseService.run (/home/tian/clawdbot/work/Ainews/server/services/DatabaseService.js:131:12)
    at DatabaseService.runMultiple (/home/tian/clawdbot/work/Ainews/server/services/DatabaseService.js:124:20) {
  errno: 1,
  code: 'SQLITE_ERROR',
  __augmented: true
}
开始更新新闻...
SQLite数据库连接成功: /home/tian/clawdbot/work/Ainews/server/data/ainews.db
更新新闻时发生严重错误: Error: SQLITE_ERROR: incomplete input
--> in Database#run('\n' +
  '\n' +
  '      -- 清理30天前的请求日志\n' +
  '      CREATE TRIGGER IF NOT EXISTS cleanup_old_logs\n' +
  '      AFTER INSERT ON request_logs\n' +
  '      BEGIN\n' +
  "        DELETE FROM request_logs WHERE request_time < datetime('now', '-30 days')", [], [Function (anonymous)])
    at /home/tian/clawdbot/work/Ainews/server/services/DatabaseService.js:132:15
    at new Promise (<anonymous>)
    at DatabaseService.run (/home/tian/clawdbot/work/Ainews/server/services/DatabaseService.js:131:12)
    at DatabaseService.runMultiple (/home/tian/clawdbot/work/Ainews/server/services/DatabaseService.js:124:20) {
  errno: 1,
  code: 'SQLITE_ERROR',
  __augmented: true
}
调度自动恢复，5分钟后重试...
❌ 恢复初始化失败: Error: SQLITE_ERROR: incomplete input
--> in Database#run('\n' +
  '\n' +
  '      -- 清理30天前的请求日志\n' +
  '      CREATE TRIGGER IF NOT EXISTS cleanup_old_logs\n' +
  '      AFTER INSERT ON request_logs\n' +
  '      BEGIN\n' +
  "        DELETE FROM request_logs WHERE request_time < datetime('now', '-30 days')", [], [Function (anonymous)])
    at /home/tian/clawdbot/work/Ainews/server/services/DatabaseService.js:132:15
    at new Promise (<anonymous>)
    at DatabaseService.run (/home/tian/clawdbot/work/Ainews/server/services/DatabaseService.js:131:12)
    at DatabaseService.runMultiple (/home/tian/clawdbot/work/Ainews/server/services/DatabaseService.js:124:20) {
  errno: 1,
  code: 'SQLITE_ERROR',
  __augmented: true
}
📅 调度初始化恢复，2分钟后重试...
执行自动恢复...
开始更新新闻...
SQLite数据库连接成功: /home/tian/clawdbot/work/Ainews/server/data/ainews.db
更新新闻时发生严重错误: Error: SQLITE_ERROR: incomplete input
--> in Database#run('\n' +
  '\n' +
  '      -- 清理30天前的请求日志\n' +
  '      CREATE TRIGGER IF NOT EXISTS cleanup_old_logs\n' +
  '      AFTER INSERT ON request_logs\n' +
  '      BEGIN\n' +
  "        DELETE FROM request_logs WHERE request_time < datetime('now', '-30 days')", [], [Function (anonymous)])
    at /home/tian/clawdbot/work/Ainews/server/services/DatabaseService.js:132:15
    at new Promise (<anonymous>)
    at DatabaseService.run (/home/tian/clawdbot/work/Ainews/server/services/DatabaseService.js:131:12)
    at DatabaseService.runMultiple (/home/tian/clawdbot/work/Ainews/server/services/DatabaseService.js:124:20) {
  errno: 1,
  code: 'SQLITE_ERROR',
  __augmented: true
}
调度自动恢复，5分钟后重试...
自动恢复失败: Error: SQLITE_ERROR: incomplete input
--> in Database#run('\n' +
  '\n' +
  '      -- 清理30天前的请求日志\n' +
  '      CREATE TRIGGER IF NOT EXISTS cleanup_old_logs\n' +
  '      AFTER INSERT ON request_logs\n' +
  '      BEGIN\n' +
  "        DELETE FROM request_logs WHERE request_time < datetime('now', '-30 days')", [], [Function (anonymous)])
    at /home/tian/clawdbot/work/Ainews/server/services/DatabaseService.js:132:15
    at new Promise (<anonymous>)
    at DatabaseService.run (/home/tian/clawdbot/work/Ainews/server/services/DatabaseService.js:131:12)
    at DatabaseService.runMultiple (/home/tian/clawdbot/work/Ainews/server/services/DatabaseService.js:124:20) {
  errno: 1,
  code: 'SQLITE_ERROR',
  __augmented: true
}
执行自动恢复...
开始更新新闻...
SQLite数据库连接成功: /home/tian/clawdbot/work/Ainews/server/data/ainews.db
更新新闻时发生严重错误: Error: SQLITE_ERROR: incomplete input
--> in Database#run('\n' +
  '\n' +
  '      -- 清理30天前的请求日志\n' +
  '      CREATE TRIGGER IF NOT EXISTS cleanup_old_logs\n' +
  '      AFTER INSERT ON request_logs\n' +
  '      BEGIN\n' +
  "        DELETE FROM request_logs WHERE request_time < datetime('now', '-30 days')", [], [Function (anonymous)])
    at /home/tian/clawdbot/work/Ainews/server/services/DatabaseService.js:132:15
    at new Promise (<anonymous>)
    at DatabaseService.run (/home/tian/clawdbot/work/Ainews/server/services/DatabaseService.js:131:12)
    at DatabaseService.runMultiple (/home/tian/clawdbot/work/Ainews/server/services/DatabaseService.js:124:20) {
  errno: 1,
  code: 'SQLITE_ERROR',
  __augmented: true
}
调度自动恢复，5分钟后重试...
自动恢复失败: Error: SQLITE_ERROR: incomplete input
--> in Database#run('\n' +
  '\n' +
  '      -- 清理30天前的请求日志\n' +
  '      CREATE TRIGGER IF NOT EXISTS cleanup_old_logs\n' +
  '      AFTER INSERT ON request_logs\n' +
  '      BEGIN\n' +
  "        DELETE FROM request_logs WHERE request_time < datetime('now', '-30 days')", [], [Function (anonymous)])
    at /home/tian/clawdbot/work/Ainews/server/services/DatabaseService.js:132:15
    at new Promise (<anonymous>)
    at DatabaseService.run (/home/tian/clawdbot/work/Ainews/server/services/DatabaseService.js:131:12)
    at DatabaseService.runMultiple (/home/tian/clawdbot/work/Ainews/server/services/DatabaseService.js:124:20) {
  errno: 1,
  code: 'SQLITE_ERROR',
  __augmented: true
}
执行自动恢复...
开始更新新闻...
SQLite数据库连接成功: /home/tian/clawdbot/work/Ainews/server/data/ainews.db
更新新闻时发生严重错误: Error: SQLITE_ERROR: incomplete input
--> in Database#run('\n' +
  '\n' +
  '      -- 清理30天前的请求日志\n' +
  '      CREATE TRIGGER IF NOT EXISTS cleanup_old_logs\n' +
  '      AFTER INSERT ON request_logs\n' +
  '      BEGIN\n' +
  "        DELETE FROM request_logs WHERE request_time < datetime('now', '-30 days')", [], [Function (anonymous)])
    at /home/tian/clawdbot/work/Ainews/server/services/DatabaseService.js:132:15
    at new Promise (<anonymous>)
    at DatabaseService.run (/home/tian/clawdbot/work/Ainews/server/services/DatabaseService.js:131:12)
    at DatabaseService.runMultiple (/home/tian/clawdbot/work/Ainews/server/services/DatabaseService.js:124:20) {
  errno: 1,
  code: 'SQLITE_ERROR',
  __augmented: true
}
调度自动恢复，5分钟后重试...
自动恢复失败: Error: SQLITE_ERROR: incomplete input
--> in Database#run('\n' +
  '\n' +
  '      -- 清理30天前的请求日志\n' +
  '      CREATE TRIGGER IF NOT EXISTS cleanup_old_logs\n' +
  '      AFTER INSERT ON request_logs\n' +
  '      BEGIN\n' +
  "        DELETE FROM request_logs WHERE request_time < datetime('now', '-30 days')", [], [Function (anonymous)])
    at /home/tian/clawdbot/work/Ainews/server/services/DatabaseService.js:132:15
    at new Promise (<anonymous>)
    at DatabaseService.run (/home/tian/clawdbot/work/Ainews/server/services/DatabaseService.js:131:12)
    at DatabaseService.runMultiple (/home/tian/clawdbot/work/Ainews/server/services/DatabaseService.js:124:20) {
  errno: 1,
  code: 'SQLITE_ERROR',
  __augmented: true
}
执行自动恢复...
开始更新新闻...
SQLite数据库连接成功: /home/tian/clawdbot/work/Ainews/server/data/ainews.db
更新新闻时发生严重错误: Error: SQLITE_ERROR: incomplete input
--> in Database#run('\n' +
  '\n' +
  '      -- 清理30天前的请求日志\n' +
  '      CREATE TRIGGER IF NOT EXISTS cleanup_old_logs\n' +
  '      AFTER INSERT ON request_logs\n' +
  '      BEGIN\n' +
  "        DELETE FROM request_logs WHERE request_time < datetime('now', '-30 days')", [], [Function (anonymous)])
    at /home/tian/clawdbot/work/Ainews/server/services/DatabaseService.js:132:15
    at new Promise (<anonymous>)
    at DatabaseService.run (/home/tian/clawdbot/work/Ainews/server/services/DatabaseService.js:131:12)
    at DatabaseService.runMultiple (/home/tian/clawdbot/work/Ainews/server/services/DatabaseService.js:124:20) {
  errno: 1,
  code: 'SQLITE_ERROR',
  __augmented: true
}
调度自动恢复，5分钟后重试...
自动恢复失败: Error: SQLITE_ERROR: incomplete input
--> in Database#run('\n' +
  '\n' +
  '      -- 清理30天前的请求日志\n' +
  '      CREATE TRIGGER IF NOT EXISTS cleanup_old_logs\n' +
  '      AFTER INSERT ON request_logs\n' +
  '      BEGIN\n' +
  "        DELETE FROM request_logs WHERE request_time < datetime('now', '-30 days')", [], [Function (anonymous)])
    at /home/tian/clawdbot/work/Ainews/server/services/DatabaseService.js:132:15
    at new Promise (<anonymous>)
    at DatabaseService.run (/home/tian/clawdbot/work/Ainews/server/services/DatabaseService.js:131:12)
    at DatabaseService.runMultiple (/home/tian/clawdbot/work/Ainews/server/services/DatabaseService.js:124:20) {
  errno: 1,
  code: 'SQLITE_ERROR',
  __augmented: true
}
执行自动恢复...
开始更新新闻...
SQLite数据库连接成功: /home/tian/clawdbot/work/Ainews/server/data/ainews.db
更新新闻时发生严重错误: Error: SQLITE_ERROR: incomplete input
--> in Database#run('\n' +
  '\n' +
  '      -- 清理30天前的请求日志\n' +
  '      CREATE TRIGGER IF NOT EXISTS cleanup_old_logs\n' +
  '      AFTER INSERT ON request_logs\n' +
  '      BEGIN\n' +
  "        DELETE FROM request_logs WHERE request_time < datetime('now', '-30 days')", [], [Function (anonymous)])
    at /home/tian/clawdbot/work/Ainews/server/services/DatabaseService.js:132:15
    at new Promise (<anonymous>)
    at DatabaseService.run (/home/tian/clawdbot/work/Ainews/server/services/DatabaseService.js:131:12)
    at DatabaseService.runMultiple (/home/tian/clawdbot/work/Ainews/server/services/DatabaseService.js:124:20) {
  errno: 1,
  code: 'SQLITE_ERROR',
  __augmented: true
}
调度自动恢复，5分钟后重试...
自动恢复失败: Error: SQLITE_ERROR: incomplete input
--> in Database#run('\n' +
  '\n' +
  '      -- 清理30天前的请求日志\n' +
  '      CREATE TRIGGER IF NOT EXISTS cleanup_old_logs\n' +
  '      AFTER INSERT ON request_logs\n' +
  '      BEGIN\n' +
  "        DELETE FROM request_logs WHERE request_time < datetime('now', '-30 days')", [], [Function (anonymous)])
    at /home/tian/clawdbot/work/Ainews/server/services/DatabaseService.js:132:15
    at new Promise (<anonymous>)
    at DatabaseService.run (/home/tian/clawdbot/work/Ainews/server/services/DatabaseService.js:131:12)
    at DatabaseService.runMultiple (/home/tian/clawdbot/work/Ainews/server/services/DatabaseService.js:124:20) {
  errno: 1,
  code: 'SQLITE_ERROR',
  __augmented: true
}
开始更新新闻...
SQLite数据库连接成功: /home/tian/clawdbot/work/Ainews/server/data/ainews.db
更新新闻时发生严重错误: Error: SQLITE_ERROR: incomplete input
--> in Database#run('\n' +
  '\n' +
  '      -- 清理30天前的请求日志\n' +
  '      CREATE TRIGGER IF NOT EXISTS cleanup_old_logs\n' +
  '      AFTER INSERT ON request_logs\n' +
  '      BEGIN\n' +
  "        DELETE FROM request_logs WHERE request_time < datetime('now', '-30 days')", [], [Function (anonymous)])
    at /home/tian/clawdbot/work/Ainews/server/services/DatabaseService.js:132:15
    at new Promise (<anonymous>)
    at DatabaseService.run (/home/tian/clawdbot/work/Ainews/server/services/DatabaseService.js:131:12)
    at DatabaseService.runMultiple (/home/tian/clawdbot/work/Ainews/server/services/DatabaseService.js:124:20) {
  errno: 1,
  code: 'SQLITE_ERROR',
  __augmented: true
}
调度自动恢复，5分钟后重试...
❌ 恢复初始化失败: Error: SQLITE_ERROR: incomplete input
--> in Database#run('\n' +
  '\n' +
  '      -- 清理30天前的请求日志\n' +
  '      CREATE TRIGGER IF NOT EXISTS cleanup_old_logs\n' +
  '      AFTER INSERT ON request_logs\n' +
  '      BEGIN\n' +
  "        DELETE FROM request_logs WHERE request_time < datetime('now', '-30 days')", [], [Function (anonymous)])
    at /home/tian/clawdbot/work/Ainews/server/services/DatabaseService.js:132:15
    at new Promise (<anonymous>)
    at DatabaseService.run (/home/tian/clawdbot/work/Ainews/server/services/DatabaseService.js:131:12)
    at DatabaseService.runMultiple (/home/tian/clawdbot/work/Ainews/server/services/DatabaseService.js:124:20) {
  errno: 1,
  code: 'SQLITE_ERROR',
  __augmented: true
}
📅 调度初始化恢复，2分钟后重试...
执行自动恢复...
开始更新新闻...
SQLite数据库连接成功: /home/tian/clawdbot/work/Ainews/server/data/ainews.db
更新新闻时发生严重错误: Error: SQLITE_ERROR: incomplete input
--> in Database#run('\n' +
  '\n' +
  '      -- 清理30天前的请求日志\n' +
  '      CREATE TRIGGER IF NOT EXISTS cleanup_old_logs\n' +
  '      AFTER INSERT ON request_logs\n' +
  '      BEGIN\n' +
  "        DELETE FROM request_logs WHERE request_time < datetime('now', '-30 days')", [], [Function (anonymous)])
    at /home/tian/clawdbot/work/Ainews/server/services/DatabaseService.js:132:15
    at new Promise (<anonymous>)
    at DatabaseService.run (/home/tian/clawdbot/work/Ainews/server/services/DatabaseService.js:131:12)
    at DatabaseService.runMultiple (/home/tian/clawdbot/work/Ainews/server/services/DatabaseService.js:124:20) {
  errno: 1,
  code: 'SQLITE_ERROR',
  __augmented: true
}
调度自动恢复，5分钟后重试...
自动恢复失败: Error: SQLITE_ERROR: incomplete input
--> in Database#run('\n' +
  '\n' +
  '      -- 清理30天前的请求日志\n' +
  '      CREATE TRIGGER IF NOT EXISTS cleanup_old_logs\n' +
  '      AFTER INSERT ON request_logs\n' +
  '      BEGIN\n' +
  "        DELETE FROM request_logs WHERE request_time < datetime('now', '-30 days')", [], [Function (anonymous)])
    at /home/tian/clawdbot/work/Ainews/server/services/DatabaseService.js:132:15
    at new Promise (<anonymous>)
    at DatabaseService.run (/home/tian/clawdbot/work/Ainews/server/services/DatabaseService.js:131:12)
    at DatabaseService.runMultiple (/home/tian/clawdbot/work/Ainews/server/services/DatabaseService.js:124:20) {
  errno: 1,
  code: 'SQLITE_ERROR',
  __augmented: true
}
执行自动恢复...
开始更新新闻...
SQLite数据库连接成功: /home/tian/clawdbot/work/Ainews/server/data/ainews.db
更新新闻时发生严重错误: Error: SQLITE_ERROR: incomplete input
--> in Database#run('\n' +
  '\n' +
  '      -- 清理30天前的请求日志\n' +
  '      CREATE TRIGGER IF NOT EXISTS cleanup_old_logs\n' +
  '      AFTER INSERT ON request_logs\n' +
  '      BEGIN\n' +
  "        DELETE FROM request_logs WHERE request_time < datetime('now', '-30 days')", [], [Function (anonymous)])
    at /home/tian/clawdbot/work/Ainews/server/services/DatabaseService.js:132:15
    at new Promise (<anonymous>)
    at DatabaseService.run (/home/tian/clawdbot/work/Ainews/server/services/DatabaseService.js:131:12)
    at DatabaseService.runMultiple (/home/tian/clawdbot/work/Ainews/server/services/DatabaseService.js:124:20) {
  errno: 1,
  code: 'SQLITE_ERROR',
  __augmented: true
}
调度自动恢复，5分钟后重试...
自动恢复失败: Error: SQLITE_ERROR: incomplete input
--> in Database#run('\n' +
  '\n' +
  '      -- 清理30天前的请求日志\n' +
  '      CREATE TRIGGER IF NOT EXISTS cleanup_old_logs\n' +
  '      AFTER INSERT ON request_logs\n' +
  '      BEGIN\n' +
  "        DELETE FROM request_logs WHERE request_time < datetime('now', '-30 days')", [], [Function (anonymous)])
    at /home/tian/clawdbot/work/Ainews/server/services/DatabaseService.js:132:15
    at new Promise (<anonymous>)
    at DatabaseService.run (/home/tian/clawdbot/work/Ainews/server/services/DatabaseService.js:131:12)
    at DatabaseService.runMultiple (/home/tian/clawdbot/work/Ainews/server/services/DatabaseService.js:124:20) {
  errno: 1,
  code: 'SQLITE_ERROR',
  __augmented: true
}
执行自动恢复...
开始更新新闻...
SQLite数据库连接成功: /home/tian/clawdbot/work/Ainews/server/data/ainews.db
更新新闻时发生严重错误: Error: SQLITE_ERROR: incomplete input
--> in Database#run('\n' +
  '\n' +
  '      -- 清理30天前的请求日志\n' +
  '      CREATE TRIGGER IF NOT EXISTS cleanup_old_logs\n' +
  '      AFTER INSERT ON request_logs\n' +
  '      BEGIN\n' +
  "        DELETE FROM request_logs WHERE request_time < datetime('now', '-30 days')", [], [Function (anonymous)])
    at /home/tian/clawdbot/work/Ainews/server/services/DatabaseService.js:132:15
    at new Promise (<anonymous>)
    at DatabaseService.run (/home/tian/clawdbot/work/Ainews/server/services/DatabaseService.js:131:12)
    at DatabaseService.runMultiple (/home/tian/clawdbot/work/Ainews/server/services/DatabaseService.js:124:20) {
  errno: 1,
  code: 'SQLITE_ERROR',
  __augmented: true
}
调度自动恢复，5分钟后重试...
自动恢复失败: Error: SQLITE_ERROR: incomplete input
--> in Database#run('\n' +
  '\n' +
  '      -- 清理30天前的请求日志\n' +
  '      CREATE TRIGGER IF NOT EXISTS cleanup_old_logs\n' +
  '      AFTER INSERT ON request_logs\n' +
  '      BEGIN\n' +
  "        DELETE FROM request_logs WHERE request_time < datetime('now', '-30 days')", [], [Function (anonymous)])
    at /home/tian/clawdbot/work/Ainews/server/services/DatabaseService.js:132:15
    at new Promise (<anonymous>)
    at DatabaseService.run (/home/tian/clawdbot/work/Ainews/server/services/DatabaseService.js:131:12)
    at DatabaseService.runMultiple (/home/tian/clawdbot/work/Ainews/server/services/DatabaseService.js:124:20) {
  errno: 1,
  code: 'SQLITE_ERROR',
  __augmented: true
}
执行自动恢复...
开始更新新闻...
SQLite数据库连接成功: /home/tian/clawdbot/work/Ainews/server/data/ainews.db
更新新闻时发生严重错误: Error: SQLITE_ERROR: incomplete input
--> in Database#run('\n' +
  '\n' +
  '      -- 清理30天前的请求日志\n' +
  '      CREATE TRIGGER IF NOT EXISTS cleanup_old_logs\n' +
  '      AFTER INSERT ON request_logs\n' +
  '      BEGIN\n' +
  "        DELETE FROM request_logs WHERE request_time < datetime('now', '-30 days')", [], [Function (anonymous)])
    at /home/tian/clawdbot/work/Ainews/server/services/DatabaseService.js:132:15
    at new Promise (<anonymous>)
    at DatabaseService.run (/home/tian/clawdbot/work/Ainews/server/services/DatabaseService.js:131:12)
    at DatabaseService.runMultiple (/home/tian/clawdbot/work/Ainews/server/services/DatabaseService.js:124:20) {
  errno: 1,
  code: 'SQLITE_ERROR',
  __augmented: true
}
调度自动恢复，5分钟后重试...
自动恢复失败: Error: SQLITE_ERROR: incomplete input
--> in Database#run('\n' +
  '\n' +
  '      -- 清理30天前的请求日志\n' +
  '      CREATE TRIGGER IF NOT EXISTS cleanup_old_logs\n' +
  '      AFTER INSERT ON request_logs\n' +
  '      BEGIN\n' +
  "        DELETE FROM request_logs WHERE request_time < datetime('now', '-30 days')", [], [Function (anonymous)])
    at /home/tian/clawdbot/work/Ainews/server/services/DatabaseService.js:132:15
    at new Promise (<anonymous>)
    at DatabaseService.run (/home/tian/clawdbot/work/Ainews/server/services/DatabaseService.js:131:12)
    at DatabaseService.runMultiple (/home/tian/clawdbot/work/Ainews/server/services/DatabaseService.js:124:20) {
  errno: 1,
  code: 'SQLITE_ERROR',
  __augmented: true
}
执行自动恢复...
开始更新新闻...
SQLite数据库连接成功: /home/tian/clawdbot/work/Ainews/server/data/ainews.db
更新新闻时发生严重错误: Error: SQLITE_ERROR: incomplete input
--> in Database#run('\n' +
  '\n' +
  '      -- 清理30天前的请求日志\n' +
  '      CREATE TRIGGER IF NOT EXISTS cleanup_old_logs\n' +
  '      AFTER INSERT ON request_logs\n' +
  '      BEGIN\n' +
  "        DELETE FROM request_logs WHERE request_time < datetime('now', '-30 days')", [], [Function (anonymous)])
    at /home/tian/clawdbot/work/Ainews/server/services/DatabaseService.js:132:15
    at new Promise (<anonymous>)
    at DatabaseService.run (/home/tian/clawdbot/work/Ainews/server/services/DatabaseService.js:131:12)
    at DatabaseService.runMultiple (/home/tian/clawdbot/work/Ainews/server/services/DatabaseService.js:124:20) {
  errno: 1,
  code: 'SQLITE_ERROR',
  __augmented: true
}
调度自动恢复，5分钟后重试...
自动恢复失败: Error: SQLITE_ERROR: incomplete input
--> in Database#run('\n' +
  '\n' +
  '      -- 清理30天前的请求日志\n' +
  '      CREATE TRIGGER IF NOT EXISTS cleanup_old_logs\n' +
  '      AFTER INSERT ON request_logs\n' +
  '      BEGIN\n' +
  "        DELETE FROM request_logs WHERE request_time < datetime('now', '-30 days')", [], [Function (anonymous)])
    at /home/tian/clawdbot/work/Ainews/server/services/DatabaseService.js:132:15
    at new Promise (<anonymous>)
    at DatabaseService.run (/home/tian/clawdbot/work/Ainews/server/services/DatabaseService.js:131:12)
    at DatabaseService.runMultiple (/home/tian/clawdbot/work/Ainews/server/services/DatabaseService.js:124:20) {
  errno: 1,
  code: 'SQLITE_ERROR',
  __augmented: true
}
执行自动恢复...
开始更新新闻...
SQLite数据库连接成功: /home/tian/clawdbot/work/Ainews/server/data/ainews.db
执行自动恢复...
更新正在进行中，跳过此次请求
更新新闻时发生严重错误: Error: SQLITE_ERROR: incomplete input
--> in Database#run('\n' +
  '\n' +
  '      -- 清理30天前的请求日志\n' +
  '      CREATE TRIGGER IF NOT EXISTS cleanup_old_logs\n' +
  '      AFTER INSERT ON request_logs\n' +
  '      BEGIN\n' +
  "        DELETE FROM request_logs WHERE request_time < datetime('now', '-30 days')", [], [Function (anonymous)])
    at /home/tian/clawdbot/work/Ainews/server/services/DatabaseService.js:132:15
    at new Promise (<anonymous>)
    at DatabaseService.run (/home/tian/clawdbot/work/Ainews/server/services/DatabaseService.js:131:12)
    at DatabaseService.runMultiple (/home/tian/clawdbot/work/Ainews/server/services/DatabaseService.js:124:20) {
  errno: 1,
  code: 'SQLITE_ERROR',
  __augmented: true
}
调度自动恢复，5分钟后重试...
自动恢复失败: Error: SQLITE_ERROR: incomplete input
--> in Database#run('\n' +
  '\n' +
  '      -- 清理30天前的请求日志\n' +
  '      CREATE TRIGGER IF NOT EXISTS cleanup_old_logs\n' +
  '      AFTER INSERT ON request_logs\n' +
  '      BEGIN\n' +
  "        DELETE FROM request_logs WHERE request_time < datetime('now', '-30 days')", [], [Function (anonymous)])
    at /home/tian/clawdbot/work/Ainews/server/services/DatabaseService.js:132:15
    at new Promise (<anonymous>)
    at DatabaseService.run (/home/tian/clawdbot/work/Ainews/server/services/DatabaseService.js:131:12)
    at DatabaseService.runMultiple (/home/tian/clawdbot/work/Ainews/server/services/DatabaseService.js:124:20) {
  errno: 1,
  code: 'SQLITE_ERROR',
  __augmented: true
}
开始更新新闻...
SQLite数据库连接成功: /home/tian/clawdbot/work/Ainews/server/data/ainews.db
更新新闻时发生严重错误: Error: SQLITE_ERROR: incomplete input
--> in Database#run('\n' +
  '\n' +
  '      -- 清理30天前的请求日志\n' +
  '      CREATE TRIGGER IF NOT EXISTS cleanup_old_logs\n' +
  '      AFTER INSERT ON request_logs\n' +
  '      BEGIN\n' +
  "        DELETE FROM request_logs WHERE request_time < datetime('now', '-30 days')", [], [Function (anonymous)])
    at /home/tian/clawdbot/work/Ainews/server/services/DatabaseService.js:132:15
    at new Promise (<anonymous>)
    at DatabaseService.run (/home/tian/clawdbot/work/Ainews/server/services/DatabaseService.js:131:12)
    at DatabaseService.runMultiple (/home/tian/clawdbot/work/Ainews/server/services/DatabaseService.js:124:20) {
  errno: 1,
  code: 'SQLITE_ERROR',
  __augmented: true
}
调度自动恢复，5分钟后重试...
❌ 恢复初始化失败: Error: SQLITE_ERROR: incomplete input
--> in Database#run('\n' +
  '\n' +
  '      -- 清理30天前的请求日志\n' +
  '      CREATE TRIGGER IF NOT EXISTS cleanup_old_logs\n' +
  '      AFTER INSERT ON request_logs\n' +
  '      BEGIN\n' +
  "        DELETE FROM request_logs WHERE request_time < datetime('now', '-30 days')", [], [Function (anonymous)])
    at /home/tian/clawdbot/work/Ainews/server/services/DatabaseService.js:132:15
    at new Promise (<anonymous>)
    at DatabaseService.run (/home/tian/clawdbot/work/Ainews/server/services/DatabaseService.js:131:12)
    at DatabaseService.runMultiple (/home/tian/clawdbot/work/Ainews/server/services/DatabaseService.js:124:20) {
  errno: 1,
  code: 'SQLITE_ERROR',
  __augmented: true
}
📅 调度初始化恢复，2分钟后重试...
执行自动恢复...
开始更新新闻...
SQLite数据库连接成功: /home/tian/clawdbot/work/Ainews/server/data/ainews.db
更新新闻时发生严重错误: Error: SQLITE_ERROR: incomplete input
--> in Database#run('\n' +
  '\n' +
  '      -- 清理30天前的请求日志\n' +
  '      CREATE TRIGGER IF NOT EXISTS cleanup_old_logs\n' +
  '      AFTER INSERT ON request_logs\n' +
  '      BEGIN\n' +
  "        DELETE FROM request_logs WHERE request_time < datetime('now', '-30 days')", [], [Function (anonymous)])
    at /home/tian/clawdbot/work/Ainews/server/services/DatabaseService.js:132:15
    at new Promise (<anonymous>)
    at DatabaseService.run (/home/tian/clawdbot/work/Ainews/server/services/DatabaseService.js:131:12)
    at DatabaseService.runMultiple (/home/tian/clawdbot/work/Ainews/server/services/DatabaseService.js:124:20) {
  errno: 1,
  code: 'SQLITE_ERROR',
  __augmented: true
}
调度自动恢复，5分钟后重试...
自动恢复失败: Error: SQLITE_ERROR: incomplete input
--> in Database#run('\n' +
  '\n' +
  '      -- 清理30天前的请求日志\n' +
  '      CREATE TRIGGER IF NOT EXISTS cleanup_old_logs\n' +
  '      AFTER INSERT ON request_logs\n' +
  '      BEGIN\n' +
  "        DELETE FROM request_logs WHERE request_time < datetime('now', '-30 days')", [], [Function (anonymous)])
    at /home/tian/clawdbot/work/Ainews/server/services/DatabaseService.js:132:15
    at new Promise (<anonymous>)
    at DatabaseService.run (/home/tian/clawdbot/work/Ainews/server/services/DatabaseService.js:131:12)
    at DatabaseService.runMultiple (/home/tian/clawdbot/work/Ainews/server/services/DatabaseService.js:124:20) {
  errno: 1,
  code: 'SQLITE_ERROR',
  __augmented: true
}
执行自动恢复...
开始更新新闻...
SQLite数据库连接成功: /home/tian/clawdbot/work/Ainews/server/data/ainews.db
更新新闻时发生严重错误: Error: SQLITE_ERROR: incomplete input
--> in Database#run('\n' +
  '\n' +
  '      -- 清理30天前的请求日志\n' +
  '      CREATE TRIGGER IF NOT EXISTS cleanup_old_logs\n' +
  '      AFTER INSERT ON request_logs\n' +
  '      BEGIN\n' +
  "        DELETE FROM request_logs WHERE request_time < datetime('now', '-30 days')", [], [Function (anonymous)])
    at /home/tian/clawdbot/work/Ainews/server/services/DatabaseService.js:132:15
    at new Promise (<anonymous>)
    at DatabaseService.run (/home/tian/clawdbot/work/Ainews/server/services/DatabaseService.js:131:12)
    at DatabaseService.runMultiple (/home/tian/clawdbot/work/Ainews/server/services/DatabaseService.js:124:20) {
  errno: 1,
  code: 'SQLITE_ERROR',
  __augmented: true
}
调度自动恢复，5分钟后重试...
自动恢复失败: Error: SQLITE_ERROR: incomplete input
--> in Database#run('\n' +
  '\n' +
  '      -- 清理30天前的请求日志\n' +
  '      CREATE TRIGGER IF NOT EXISTS cleanup_old_logs\n' +
  '      AFTER INSERT ON request_logs\n' +
  '      BEGIN\n' +
  "        DELETE FROM request_logs WHERE request_time < datetime('now', '-30 days')", [], [Function (anonymous)])
    at /home/tian/clawdbot/work/Ainews/server/services/DatabaseService.js:132:15
    at new Promise (<anonymous>)
    at DatabaseService.run (/home/tian/clawdbot/work/Ainews/server/services/DatabaseService.js:131:12)
    at DatabaseService.runMultiple (/home/tian/clawdbot/work/Ainews/server/services/DatabaseService.js:124:20) {
  errno: 1,
  code: 'SQLITE_ERROR',
  __augmented: true
}
执行自动恢复...
开始更新新闻...
SQLite数据库连接成功: /home/tian/clawdbot/work/Ainews/server/data/ainews.db
更新新闻时发生严重错误: Error: SQLITE_ERROR: incomplete input
--> in Database#run('\n' +
  '\n' +
  '      -- 清理30天前的请求日志\n' +
  '      CREATE TRIGGER IF NOT EXISTS cleanup_old_logs\n' +
  '      AFTER INSERT ON request_logs\n' +
  '      BEGIN\n' +
  "        DELETE FROM request_logs WHERE request_time < datetime('now', '-30 days')", [], [Function (anonymous)])
    at /home/tian/clawdbot/work/Ainews/server/services/DatabaseService.js:132:15
    at new Promise (<anonymous>)
    at DatabaseService.run (/home/tian/clawdbot/work/Ainews/server/services/DatabaseService.js:131:12)
    at DatabaseService.runMultiple (/home/tian/clawdbot/work/Ainews/server/services/DatabaseService.js:124:20) {
  errno: 1,
  code: 'SQLITE_ERROR',
  __augmented: true
}
调度自动恢复，5分钟后重试...
自动恢复失败: Error: SQLITE_ERROR: incomplete input
--> in Database#run('\n' +
  '\n' +
  '      -- 清理30天前的请求日志\n' +
  '      CREATE TRIGGER IF NOT EXISTS cleanup_old_logs\n' +
  '      AFTER INSERT ON request_logs\n' +
  '      BEGIN\n' +
  "        DELETE FROM request_logs WHERE request_time < datetime('now', '-30 days')", [], [Function (anonymous)])
    at /home/tian/clawdbot/work/Ainews/server/services/DatabaseService.js:132:15
    at new Promise (<anonymous>)
    at DatabaseService.run (/home/tian/clawdbot/work/Ainews/server/services/DatabaseService.js:131:12)
    at DatabaseService.runMultiple (/home/tian/clawdbot/work/Ainews/server/services/DatabaseService.js:124:20) {
  errno: 1,
  code: 'SQLITE_ERROR',
  __augmented: true
}
执行自动恢复...
开始更新新闻...
SQLite数据库连接成功: /home/tian/clawdbot/work/Ainews/server/data/ainews.db
更新新闻时发生严重错误: Error: SQLITE_ERROR: incomplete input
--> in Database#run('\n' +
  '\n' +
  '      -- 清理30天前的请求日志\n' +
  '      CREATE TRIGGER IF NOT EXISTS cleanup_old_logs\n' +
  '      AFTER INSERT ON request_logs\n' +
  '      BEGIN\n' +
  "        DELETE FROM request_logs WHERE request_time < datetime('now', '-30 days')", [], [Function (anonymous)])
    at /home/tian/clawdbot/work/Ainews/server/services/DatabaseService.js:132:15
    at new Promise (<anonymous>)
    at DatabaseService.run (/home/tian/clawdbot/work/Ainews/server/services/DatabaseService.js:131:12)
    at DatabaseService.runMultiple (/home/tian/clawdbot/work/Ainews/server/services/DatabaseService.js:124:20) {
  errno: 1,
  code: 'SQLITE_ERROR',
  __augmented: true
}
调度自动恢复，5分钟后重试...
自动恢复失败: Error: SQLITE_ERROR: incomplete input
--> in Database#run('\n' +
  '\n' +
  '      -- 清理30天前的请求日志\n' +
  '      CREATE TRIGGER IF NOT EXISTS cleanup_old_logs\n' +
  '      AFTER INSERT ON request_logs\n' +
  '      BEGIN\n' +
  "        DELETE FROM request_logs WHERE request_time < datetime('now', '-30 days')", [], [Function (anonymous)])
    at /home/tian/clawdbot/work/Ainews/server/services/DatabaseService.js:132:15
    at new Promise (<anonymous>)
    at DatabaseService.run (/home/tian/clawdbot/work/Ainews/server/services/DatabaseService.js:131:12)
    at DatabaseService.runMultiple (/home/tian/clawdbot/work/Ainews/server/services/DatabaseService.js:124:20) {
  errno: 1,
  code: 'SQLITE_ERROR',
  __augmented: true
}
执行自动恢复...
开始更新新闻...
SQLite数据库连接成功: /home/tian/clawdbot/work/Ainews/server/data/ainews.db
更新新闻时发生严重错误: Error: SQLITE_ERROR: incomplete input
--> in Database#run('\n' +
  '\n' +
  '      -- 清理30天前的请求日志\n' +
  '      CREATE TRIGGER IF NOT EXISTS cleanup_old_logs\n' +
  '      AFTER INSERT ON request_logs\n' +
  '      BEGIN\n' +
  "        DELETE FROM request_logs WHERE request_time < datetime('now', '-30 days')", [], [Function (anonymous)])
    at /home/tian/clawdbot/work/Ainews/server/services/DatabaseService.js:132:15
    at new Promise (<anonymous>)
    at DatabaseService.run (/home/tian/clawdbot/work/Ainews/server/services/DatabaseService.js:131:12)
    at DatabaseService.runMultiple (/home/tian/clawdbot/work/Ainews/server/services/DatabaseService.js:124:20) {
  errno: 1,
  code: 'SQLITE_ERROR',
  __augmented: true
}
调度自动恢复，5分钟后重试...
自动恢复失败: Error: SQLITE_ERROR: incomplete input
--> in Database#run('\n' +
  '\n' +
  '      -- 清理30天前的请求日志\n' +
  '      CREATE TRIGGER IF NOT EXISTS cleanup_old_logs\n' +
  '      AFTER INSERT ON request_logs\n' +
  '      BEGIN\n' +
  "        DELETE FROM request_logs WHERE request_time < datetime('now', '-30 days')", [], [Function (anonymous)])
    at /home/tian/clawdbot/work/Ainews/server/services/DatabaseService.js:132:15
    at new Promise (<anonymous>)
    at DatabaseService.run (/home/tian/clawdbot/work/Ainews/server/services/DatabaseService.js:131:12)
    at DatabaseService.runMultiple (/home/tian/clawdbot/work/Ainews/server/services/DatabaseService.js:124:20) {
  errno: 1,
  code: 'SQLITE_ERROR',
  __augmented: true
}
执行自动恢复...
开始更新新闻...
SQLite数据库连接成功: /home/tian/clawdbot/work/Ainews/server/data/ainews.db
更新新闻时发生严重错误: Error: SQLITE_ERROR: incomplete input
--> in Database#run('\n' +
  '\n' +
  '      -- 清理30天前的请求日志\n' +
  '      CREATE TRIGGER IF NOT EXISTS cleanup_old_logs\n' +
  '      AFTER INSERT ON request_logs\n' +
  '      BEGIN\n' +
  "        DELETE FROM request_logs WHERE request_time < datetime('now', '-30 days')", [], [Function (anonymous)])
    at /home/tian/clawdbot/work/Ainews/server/services/DatabaseService.js:132:15
    at new Promise (<anonymous>)
    at DatabaseService.run (/home/tian/clawdbot/work/Ainews/server/services/DatabaseService.js:131:12)
    at DatabaseService.runMultiple (/home/tian/clawdbot/work/Ainews/server/services/DatabaseService.js:124:20) {
  errno: 1,
  code: 'SQLITE_ERROR',
  __augmented: true
}
调度自动恢复，5分钟后重试...
自动恢复失败: Error: SQLITE_ERROR: incomplete input
--> in Database#run('\n' +
  '\n' +
  '      -- 清理30天前的请求日志\n' +
  '      CREATE TRIGGER IF NOT EXISTS cleanup_old_logs\n' +
  '      AFTER INSERT ON request_logs\n' +
  '      BEGIN\n' +
  "        DELETE FROM request_logs WHERE request_time < datetime('now', '-30 days')", [], [Function (anonymous)])
    at /home/tian/clawdbot/work/Ainews/server/services/DatabaseService.js:132:15
    at new Promise (<anonymous>)
    at DatabaseService.run (/home/tian/clawdbot/work/Ainews/server/services/DatabaseService.js:131:12)
    at DatabaseService.runMultiple (/home/tian/clawdbot/work/Ainews/server/services/DatabaseService.js:124:20) {
  errno: 1,
  code: 'SQLITE_ERROR',
  __augmented: true
}
开始更新新闻...
SQLite数据库连接成功: /home/tian/clawdbot/work/Ainews/server/data/ainews.db
更新新闻时发生严重错误: Error: SQLITE_ERROR: incomplete input
--> in Database#run('\n' +
  '\n' +
  '      -- 清理30天前的请求日志\n' +
  '      CREATE TRIGGER IF NOT EXISTS cleanup_old_logs\n' +
  '      AFTER INSERT ON request_logs\n' +
  '      BEGIN\n' +
  "        DELETE FROM request_logs WHERE request_time < datetime('now', '-30 days')", [], [Function (anonymous)])
    at /home/tian/clawdbot/work/Ainews/server/services/DatabaseService.js:132:15
    at new Promise (<anonymous>)
    at DatabaseService.run (/home/tian/clawdbot/work/Ainews/server/services/DatabaseService.js:131:12)
    at DatabaseService.runMultiple (/home/tian/clawdbot/work/Ainews/server/services/DatabaseService.js:124:20) {
  errno: 1,
  code: 'SQLITE_ERROR',
  __augmented: true
}
调度自动恢复，5分钟后重试...
❌ 恢复初始化失败: Error: SQLITE_ERROR: incomplete input
--> in Database#run('\n' +
  '\n' +
  '      -- 清理30天前的请求日志\n' +
  '      CREATE TRIGGER IF NOT EXISTS cleanup_old_logs\n' +
  '      AFTER INSERT ON request_logs\n' +
  '      BEGIN\n' +
  "        DELETE FROM request_logs WHERE request_time < datetime('now', '-30 days')", [], [Function (anonymous)])
    at /home/tian/clawdbot/work/Ainews/server/services/DatabaseService.js:132:15
    at new Promise (<anonymous>)
    at DatabaseService.run (/home/tian/clawdbot/work/Ainews/server/services/DatabaseService.js:131:12)
    at DatabaseService.runMultiple (/home/tian/clawdbot/work/Ainews/server/services/DatabaseService.js:124:20) {
  errno: 1,
  code: 'SQLITE_ERROR',
  __augmented: true
}
📅 调度初始化恢复，2分钟后重试...
执行自动恢复...
开始更新新闻...
SQLite数据库连接成功: /home/tian/clawdbot/work/Ainews/server/data/ainews.db
更新新闻时发生严重错误: Error: SQLITE_ERROR: incomplete input
--> in Database#run('\n' +
  '\n' +
  '      -- 清理30天前的请求日志\n' +
  '      CREATE TRIGGER IF NOT EXISTS cleanup_old_logs\n' +
  '      AFTER INSERT ON request_logs\n' +
  '      BEGIN\n' +
  "        DELETE FROM request_logs WHERE request_time < datetime('now', '-30 days')", [], [Function (anonymous)])
    at /home/tian/clawdbot/work/Ainews/server/services/DatabaseService.js:132:15
    at new Promise (<anonymous>)
    at DatabaseService.run (/home/tian/clawdbot/work/Ainews/server/services/DatabaseService.js:131:12)
    at DatabaseService.runMultiple (/home/tian/clawdbot/work/Ainews/server/services/DatabaseService.js:124:20) {
  errno: 1,
  code: 'SQLITE_ERROR',
  __augmented: true
}
调度自动恢复，5分钟后重试...
自动恢复失败: Error: SQLITE_ERROR: incomplete input
--> in Database#run('\n' +
  '\n' +
  '      -- 清理30天前的请求日志\n' +
  '      CREATE TRIGGER IF NOT EXISTS cleanup_old_logs\n' +
  '      AFTER INSERT ON request_logs\n' +
  '      BEGIN\n' +
  "        DELETE FROM request_logs WHERE request_time < datetime('now', '-30 days')", [], [Function (anonymous)])
    at /home/tian/clawdbot/work/Ainews/server/services/DatabaseService.js:132:15
    at new Promise (<anonymous>)
    at DatabaseService.run (/home/tian/clawdbot/work/Ainews/server/services/DatabaseService.js:131:12)
    at DatabaseService.runMultiple (/home/tian/clawdbot/work/Ainews/server/services/DatabaseService.js:124:20) {
  errno: 1,
  code: 'SQLITE_ERROR',
  __augmented: true
}
执行自动恢复...
开始更新新闻...
SQLite数据库连接成功: /home/tian/clawdbot/work/Ainews/server/data/ainews.db
更新新闻时发生严重错误: Error: SQLITE_ERROR: incomplete input
--> in Database#run('\n' +
  '\n' +
  '      -- 清理30天前的请求日志\n' +
  '      CREATE TRIGGER IF NOT EXISTS cleanup_old_logs\n' +
  '      AFTER INSERT ON request_logs\n' +
  '      BEGIN\n' +
  "        DELETE FROM request_logs WHERE request_time < datetime('now', '-30 days')", [], [Function (anonymous)])
    at /home/tian/clawdbot/work/Ainews/server/services/DatabaseService.js:132:15
    at new Promise (<anonymous>)
    at DatabaseService.run (/home/tian/clawdbot/work/Ainews/server/services/DatabaseService.js:131:12)
    at DatabaseService.runMultiple (/home/tian/clawdbot/work/Ainews/server/services/DatabaseService.js:124:20) {
  errno: 1,
  code: 'SQLITE_ERROR',
  __augmented: true
}
调度自动恢复，5分钟后重试...
自动恢复失败: Error: SQLITE_ERROR: incomplete input
--> in Database#run('\n' +
  '\n' +
  '      -- 清理30天前的请求日志\n' +
  '      CREATE TRIGGER IF NOT EXISTS cleanup_old_logs\n' +
  '      AFTER INSERT ON request_logs\n' +
  '      BEGIN\n' +
  "        DELETE FROM request_logs WHERE request_time < datetime('now', '-30 days')", [], [Function (anonymous)])
    at /home/tian/clawdbot/work/Ainews/server/services/DatabaseService.js:132:15
    at new Promise (<anonymous>)
    at DatabaseService.run (/home/tian/clawdbot/work/Ainews/server/services/DatabaseService.js:131:12)
    at DatabaseService.runMultiple (/home/tian/clawdbot/work/Ainews/server/services/DatabaseService.js:124:20) {
  errno: 1,
  code: 'SQLITE_ERROR',
  __augmented: true
}
执行自动恢复...
开始更新新闻...
SQLite数据库连接成功: /home/tian/clawdbot/work/Ainews/server/data/ainews.db
更新新闻时发生严重错误: Error: SQLITE_ERROR: incomplete input
--> in Database#run('\n' +
  '\n' +
  '      -- 清理30天前的请求日志\n' +
  '      CREATE TRIGGER IF NOT EXISTS cleanup_old_logs\n' +
  '      AFTER INSERT ON request_logs\n' +
  '      BEGIN\n' +
  "        DELETE FROM request_logs WHERE request_time < datetime('now', '-30 days')", [], [Function (anonymous)])
    at /home/tian/clawdbot/work/Ainews/server/services/DatabaseService.js:132:15
    at new Promise (<anonymous>)
    at DatabaseService.run (/home/tian/clawdbot/work/Ainews/server/services/DatabaseService.js:131:12)
    at DatabaseService.runMultiple (/home/tian/clawdbot/work/Ainews/server/services/DatabaseService.js:124:20) {
  errno: 1,
  code: 'SQLITE_ERROR',
  __augmented: true
}
调度自动恢复，5分钟后重试...
自动恢复失败: Error: SQLITE_ERROR: incomplete input
--> in Database#run('\n' +
  '\n' +
  '      -- 清理30天前的请求日志\n' +
  '      CREATE TRIGGER IF NOT EXISTS cleanup_old_logs\n' +
  '      AFTER INSERT ON request_logs\n' +
  '      BEGIN\n' +
  "        DELETE FROM request_logs WHERE request_time < datetime('now', '-30 days')", [], [Function (anonymous)])
    at /home/tian/clawdbot/work/Ainews/server/services/DatabaseService.js:132:15
    at new Promise (<anonymous>)
    at DatabaseService.run (/home/tian/clawdbot/work/Ainews/server/services/DatabaseService.js:131:12)
    at DatabaseService.runMultiple (/home/tian/clawdbot/work/Ainews/server/services/DatabaseService.js:124:20) {
  errno: 1,
  code: 'SQLITE_ERROR',
  __augmented: true
}
执行自动恢复...
开始更新新闻...
SQLite数据库连接成功: /home/tian/clawdbot/work/Ainews/server/data/ainews.db
更新新闻时发生严重错误: Error: SQLITE_ERROR: incomplete input
--> in Database#run('\n' +
  '\n' +
  '      -- 清理30天前的请求日志\n' +
  '      CREATE TRIGGER IF NOT EXISTS cleanup_old_logs\n' +
  '      AFTER INSERT ON request_logs\n' +
  '      BEGIN\n' +
  "        DELETE FROM request_logs WHERE request_time < datetime('now', '-30 days')", [], [Function (anonymous)])
    at /home/tian/clawdbot/work/Ainews/server/services/DatabaseService.js:132:15
    at new Promise (<anonymous>)
    at DatabaseService.run (/home/tian/clawdbot/work/Ainews/server/services/DatabaseService.js:131:12)
    at DatabaseService.runMultiple (/home/tian/clawdbot/work/Ainews/server/services/DatabaseService.js:124:20) {
  errno: 1,
  code: 'SQLITE_ERROR',
  __augmented: true
}
调度自动恢复，5分钟后重试...
自动恢复失败: Error: SQLITE_ERROR: incomplete input
--> in Database#run('\n' +
  '\n' +
  '      -- 清理30天前的请求日志\n' +
  '      CREATE TRIGGER IF NOT EXISTS cleanup_old_logs\n' +
  '      AFTER INSERT ON request_logs\n' +
  '      BEGIN\n' +
  "        DELETE FROM request_logs WHERE request_time < datetime('now', '-30 days')", [], [Function (anonymous)])
    at /home/tian/clawdbot/work/Ainews/server/services/DatabaseService.js:132:15
    at new Promise (<anonymous>)
    at DatabaseService.run (/home/tian/clawdbot/work/Ainews/server/services/DatabaseService.js:131:12)
    at DatabaseService.runMultiple (/home/tian/clawdbot/work/Ainews/server/services/DatabaseService.js:124:20) {
  errno: 1,
  code: 'SQLITE_ERROR',
  __augmented: true
}
执行自动恢复...
开始更新新闻...
SQLite数据库连接成功: /home/tian/clawdbot/work/Ainews/server/data/ainews.db
更新新闻时发生严重错误: Error: SQLITE_ERROR: incomplete input
--> in Database#run('\n' +
  '\n' +
  '      -- 清理30天前的请求日志\n' +
  '      CREATE TRIGGER IF NOT EXISTS cleanup_old_logs\n' +
  '      AFTER INSERT ON request_logs\n' +
  '      BEGIN\n' +
  "        DELETE FROM request_logs WHERE request_time < datetime('now', '-30 days')", [], [Function (anonymous)])
    at /home/tian/clawdbot/work/Ainews/server/services/DatabaseService.js:132:15
    at new Promise (<anonymous>)
    at DatabaseService.run (/home/tian/clawdbot/work/Ainews/server/services/DatabaseService.js:131:12)
    at DatabaseService.runMultiple (/home/tian/clawdbot/work/Ainews/server/services/DatabaseService.js:124:20) {
  errno: 1,
  code: 'SQLITE_ERROR',
  __augmented: true
}
调度自动恢复，5分钟后重试...
自动恢复失败: Error: SQLITE_ERROR: incomplete input
--> in Database#run('\n' +
  '\n' +
  '      -- 清理30天前的请求日志\n' +
  '      CREATE TRIGGER IF NOT EXISTS cleanup_old_logs\n' +
  '      AFTER INSERT ON request_logs\n' +
  '      BEGIN\n' +
  "        DELETE FROM request_logs WHERE request_time < datetime('now', '-30 days')", [], [Function (anonymous)])
    at /home/tian/clawdbot/work/Ainews/server/services/DatabaseService.js:132:15
    at new Promise (<anonymous>)
    at DatabaseService.run (/home/tian/clawdbot/work/Ainews/server/services/DatabaseService.js:131:12)
    at DatabaseService.runMultiple (/home/tian/clawdbot/work/Ainews/server/services/DatabaseService.js:124:20) {
  errno: 1,
  code: 'SQLITE_ERROR',
  __augmented: true
}
执行自动恢复...
开始更新新闻...
SQLite数据库连接成功: /home/tian/clawdbot/work/Ainews/server/data/ainews.db
更新新闻时发生严重错误: Error: SQLITE_ERROR: incomplete input
--> in Database#run('\n' +
  '\n' +
  '      -- 清理30天前的请求日志\n' +
  '      CREATE TRIGGER IF NOT EXISTS cleanup_old_logs\n' +
  '      AFTER INSERT ON request_logs\n' +
  '      BEGIN\n' +
  "        DELETE FROM request_logs WHERE request_time < datetime('now', '-30 days')", [], [Function (anonymous)])
    at /home/tian/clawdbot/work/Ainews/server/services/DatabaseService.js:132:15
    at new Promise (<anonymous>)
    at DatabaseService.run (/home/tian/clawdbot/work/Ainews/server/services/DatabaseService.js:131:12)
    at DatabaseService.runMultiple (/home/tian/clawdbot/work/Ainews/server/services/DatabaseService.js:124:20) {
  errno: 1,
  code: 'SQLITE_ERROR',
  __augmented: true
}
调度自动恢复，5分钟后重试...
自动恢复失败: Error: SQLITE_ERROR: incomplete input
--> in Database#run('\n' +
  '\n' +
  '      -- 清理30天前的请求日志\n' +
  '      CREATE TRIGGER IF NOT EXISTS cleanup_old_logs\n' +
  '      AFTER INSERT ON request_logs\n' +
  '      BEGIN\n' +
  "        DELETE FROM request_logs WHERE request_time < datetime('now', '-30 days')", [], [Function (anonymous)])
    at /home/tian/clawdbot/work/Ainews/server/services/DatabaseService.js:132:15
    at new Promise (<anonymous>)
    at DatabaseService.run (/home/tian/clawdbot/work/Ainews/server/services/DatabaseService.js:131:12)
    at DatabaseService.runMultiple (/home/tian/clawdbot/work/Ainews/server/services/DatabaseService.js:124:20) {
  errno: 1,
  code: 'SQLITE_ERROR',
  __augmented: true
}
开始更新新闻...
SQLite数据库连接成功: /home/tian/clawdbot/work/Ainews/server/data/ainews.db
更新新闻时发生严重错误: Error: SQLITE_ERROR: incomplete input
--> in Database#run('\n' +
  '\n' +
  '      -- 清理30天前的请求日志\n' +
  '      CREATE TRIGGER IF NOT EXISTS cleanup_old_logs\n' +
  '      AFTER INSERT ON request_logs\n' +
  '      BEGIN\n' +
  "        DELETE FROM request_logs WHERE request_time < datetime('now', '-30 days')", [], [Function (anonymous)])
    at /home/tian/clawdbot/work/Ainews/server/services/DatabaseService.js:132:15
    at new Promise (<anonymous>)
    at DatabaseService.run (/home/tian/clawdbot/work/Ainews/server/services/DatabaseService.js:131:12)
    at DatabaseService.runMultiple (/home/tian/clawdbot/work/Ainews/server/services/DatabaseService.js:124:20) {
  errno: 1,
  code: 'SQLITE_ERROR',
  __augmented: true
}
调度自动恢复，5分钟后重试...
❌ 恢复初始化失败: Error: SQLITE_ERROR: incomplete input
--> in Database#run('\n' +
  '\n' +
  '      -- 清理30天前的请求日志\n' +
  '      CREATE TRIGGER IF NOT EXISTS cleanup_old_logs\n' +
  '      AFTER INSERT ON request_logs\n' +
  '      BEGIN\n' +
  "        DELETE FROM request_logs WHERE request_time < datetime('now', '-30 days')", [], [Function (anonymous)])
    at /home/tian/clawdbot/work/Ainews/server/services/DatabaseService.js:132:15
    at new Promise (<anonymous>)
    at DatabaseService.run (/home/tian/clawdbot/work/Ainews/server/services/DatabaseService.js:131:12)
    at DatabaseService.runMultiple (/home/tian/clawdbot/work/Ainews/server/services/DatabaseService.js:124:20) {
  errno: 1,
  code: 'SQLITE_ERROR',
  __augmented: true
}
📅 调度初始化恢复，2分钟后重试...
执行自动恢复...
开始更新新闻...
SQLite数据库连接成功: /home/tian/clawdbot/work/Ainews/server/data/ainews.db
更新新闻时发生严重错误: Error: SQLITE_ERROR: incomplete input
--> in Database#run('\n' +
  '\n' +
  '      -- 清理30天前的请求日志\n' +
  '      CREATE TRIGGER IF NOT EXISTS cleanup_old_logs\n' +
  '      AFTER INSERT ON request_logs\n' +
  '      BEGIN\n' +
  "        DELETE FROM request_logs WHERE request_time < datetime('now', '-30 days')", [], [Function (anonymous)])
    at /home/tian/clawdbot/work/Ainews/server/services/DatabaseService.js:132:15
    at new Promise (<anonymous>)
    at DatabaseService.run (/home/tian/clawdbot/work/Ainews/server/services/DatabaseService.js:131:12)
    at DatabaseService.runMultiple (/home/tian/clawdbot/work/Ainews/server/services/DatabaseService.js:124:20) {
  errno: 1,
  code: 'SQLITE_ERROR',
  __augmented: true
}
调度自动恢复，5分钟后重试...
自动恢复失败: Error: SQLITE_ERROR: incomplete input
--> in Database#run('\n' +
  '\n' +
  '      -- 清理30天前的请求日志\n' +
  '      CREATE TRIGGER IF NOT EXISTS cleanup_old_logs\n' +
  '      AFTER INSERT ON request_logs\n' +
  '      BEGIN\n' +
  "        DELETE FROM request_logs WHERE request_time < datetime('now', '-30 days')", [], [Function (anonymous)])
    at /home/tian/clawdbot/work/Ainews/server/services/DatabaseService.js:132:15
    at new Promise (<anonymous>)
    at DatabaseService.run (/home/tian/clawdbot/work/Ainews/server/services/DatabaseService.js:131:12)
    at DatabaseService.runMultiple (/home/tian/clawdbot/work/Ainews/server/services/DatabaseService.js:124:20) {
  errno: 1,
  code: 'SQLITE_ERROR',
  __augmented: true
}
SQLite数据库连接成功: /home/tian/clawdbot/work/Ainews/server/data/ainews.db
获取统计信息失败: Error: SQLITE_ERROR: incomplete input
--> in Database#run('\n' +
  '\n' +
  '      -- 清理30天前的请求日志\n' +
  '      CREATE TRIGGER IF NOT EXISTS cleanup_old_logs\n' +
  '      AFTER INSERT ON request_logs\n' +
  '      BEGIN\n' +
  "        DELETE FROM request_logs WHERE request_time < datetime('now', '-30 days')", [], [Function (anonymous)])
    at /home/tian/clawdbot/work/Ainews/server/services/DatabaseService.js:132:15
    at new Promise (<anonymous>)
    at DatabaseService.run (/home/tian/clawdbot/work/Ainews/server/services/DatabaseService.js:131:12)
    at DatabaseService.runMultiple (/home/tian/clawdbot/work/Ainews/server/services/DatabaseService.js:124:20) {
  errno: 1,
  code: 'SQLITE_ERROR',
  __augmented: true
}
执行自动恢复...
开始更新新闻...
SQLite数据库连接成功: /home/tian/clawdbot/work/Ainews/server/data/ainews.db
更新新闻时发生严重错误: Error: SQLITE_ERROR: incomplete input
--> in Database#run('\n' +
  '\n' +
  '      -- 清理30天前的请求日志\n' +
  '      CREATE TRIGGER IF NOT EXISTS cleanup_old_logs\n' +
  '      AFTER INSERT ON request_logs\n' +
  '      BEGIN\n' +
  "        DELETE FROM request_logs WHERE request_time < datetime('now', '-30 days')", [], [Function (anonymous)])
    at /home/tian/clawdbot/work/Ainews/server/services/DatabaseService.js:132:15
    at new Promise (<anonymous>)
    at DatabaseService.run (/home/tian/clawdbot/work/Ainews/server/services/DatabaseService.js:131:12)
    at DatabaseService.runMultiple (/home/tian/clawdbot/work/Ainews/server/services/DatabaseService.js:124:20) {
  errno: 1,
  code: 'SQLITE_ERROR',
  __augmented: true
}
调度自动恢复，5分钟后重试...
自动恢复失败: Error: SQLITE_ERROR: incomplete input
--> in Database#run('\n' +
  '\n' +
  '      -- 清理30天前的请求日志\n' +
  '      CREATE TRIGGER IF NOT EXISTS cleanup_old_logs\n' +
  '      AFTER INSERT ON request_logs\n' +
  '      BEGIN\n' +
  "        DELETE FROM request_logs WHERE request_time < datetime('now', '-30 days')", [], [Function (anonymous)])
    at /home/tian/clawdbot/work/Ainews/server/services/DatabaseService.js:132:15
    at new Promise (<anonymous>)
    at DatabaseService.run (/home/tian/clawdbot/work/Ainews/server/services/DatabaseService.js:131:12)
    at DatabaseService.runMultiple (/home/tian/clawdbot/work/Ainews/server/services/DatabaseService.js:124:20) {
  errno: 1,
  code: 'SQLITE_ERROR',
  __augmented: true
}
执行自动恢复...
开始更新新闻...
SQLite数据库连接成功: /home/tian/clawdbot/work/Ainews/server/data/ainews.db
更新新闻时发生严重错误: Error: SQLITE_ERROR: incomplete input
--> in Database#run('\n' +
  '\n' +
  '      -- 清理30天前的请求日志\n' +
  '      CREATE TRIGGER IF NOT EXISTS cleanup_old_logs\n' +
  '      AFTER INSERT ON request_logs\n' +
  '      BEGIN\n' +
  "        DELETE FROM request_logs WHERE request_time < datetime('now', '-30 days')", [], [Function (anonymous)])
    at /home/tian/clawdbot/work/Ainews/server/services/DatabaseService.js:132:15
    at new Promise (<anonymous>)
    at DatabaseService.run (/home/tian/clawdbot/work/Ainews/server/services/DatabaseService.js:131:12)
    at DatabaseService.runMultiple (/home/tian/clawdbot/work/Ainews/server/services/DatabaseService.js:124:20) {
  errno: 1,
  code: 'SQLITE_ERROR',
  __augmented: true
}
调度自动恢复，5分钟后重试...
自动恢复失败: Error: SQLITE_ERROR: incomplete input
--> in Database#run('\n' +
  '\n' +
  '      -- 清理30天前的请求日志\n' +
  '      CREATE TRIGGER IF NOT EXISTS cleanup_old_logs\n' +
  '      AFTER INSERT ON request_logs\n' +
  '      BEGIN\n' +
  "        DELETE FROM request_logs WHERE request_time < datetime('now', '-30 days')", [], [Function (anonymous)])
    at /home/tian/clawdbot/work/Ainews/server/services/DatabaseService.js:132:15
    at new Promise (<anonymous>)
    at DatabaseService.run (/home/tian/clawdbot/work/Ainews/server/services/DatabaseService.js:131:12)
    at DatabaseService.runMultiple (/home/tian/clawdbot/work/Ainews/server/services/DatabaseService.js:124:20) {
  errno: 1,
  code: 'SQLITE_ERROR',
  __augmented: true
}
执行自动恢复...
开始更新新闻...
SQLite数据库连接成功: /home/tian/clawdbot/work/Ainews/server/data/ainews.db
更新新闻时发生严重错误: Error: SQLITE_ERROR: incomplete input
--> in Database#run('\n' +
  '\n' +
  '      -- 清理30天前的请求日志\n' +
  '      CREATE TRIGGER IF NOT EXISTS cleanup_old_logs\n' +
  '      AFTER INSERT ON request_logs\n' +
  '      BEGIN\n' +
  "        DELETE FROM request_logs WHERE request_time < datetime('now', '-30 days')", [], [Function (anonymous)])
    at /home/tian/clawdbot/work/Ainews/server/services/DatabaseService.js:132:15
    at new Promise (<anonymous>)
    at DatabaseService.run (/home/tian/clawdbot/work/Ainews/server/services/DatabaseService.js:131:12)
    at DatabaseService.runMultiple (/home/tian/clawdbot/work/Ainews/server/services/DatabaseService.js:124:20) {
  errno: 1,
  code: 'SQLITE_ERROR',
  __augmented: true
}
调度自动恢复，5分钟后重试...
自动恢复失败: Error: SQLITE_ERROR: incomplete input
--> in Database#run('\n' +
  '\n' +
  '      -- 清理30天前的请求日志\n' +
  '      CREATE TRIGGER IF NOT EXISTS cleanup_old_logs\n' +
  '      AFTER INSERT ON request_logs\n' +
  '      BEGIN\n' +
  "        DELETE FROM request_logs WHERE request_time < datetime('now', '-30 days')", [], [Function (anonymous)])
    at /home/tian/clawdbot/work/Ainews/server/services/DatabaseService.js:132:15
    at new Promise (<anonymous>)
    at DatabaseService.run (/home/tian/clawdbot/work/Ainews/server/services/DatabaseService.js:131:12)
    at DatabaseService.runMultiple (/home/tian/clawdbot/work/Ainews/server/services/DatabaseService.js:124:20) {
  errno: 1,
  code: 'SQLITE_ERROR',
  __augmented: true
}
执行自动恢复...
开始更新新闻...
SQLite数据库连接成功: /home/tian/clawdbot/work/Ainews/server/data/ainews.db
更新新闻时发生严重错误: Error: SQLITE_ERROR: incomplete input
--> in Database#run('\n' +
  '\n' +
  '      -- 清理30天前的请求日志\n' +
  '      CREATE TRIGGER IF NOT EXISTS cleanup_old_logs\n' +
  '      AFTER INSERT ON request_logs\n' +
  '      BEGIN\n' +
  "        DELETE FROM request_logs WHERE request_time < datetime('now', '-30 days')", [], [Function (anonymous)])
    at /home/tian/clawdbot/work/Ainews/server/services/DatabaseService.js:132:15
    at new Promise (<anonymous>)
    at DatabaseService.run (/home/tian/clawdbot/work/Ainews/server/services/DatabaseService.js:131:12)
    at DatabaseService.runMultiple (/home/tian/clawdbot/work/Ainews/server/services/DatabaseService.js:124:20) {
  errno: 1,
  code: 'SQLITE_ERROR',
  __augmented: true
}
调度自动恢复，5分钟后重试...
自动恢复失败: Error: SQLITE_ERROR: incomplete input
--> in Database#run('\n' +
  '\n' +
  '      -- 清理30天前的请求日志\n' +
  '      CREATE TRIGGER IF NOT EXISTS cleanup_old_logs\n' +
  '      AFTER INSERT ON request_logs\n' +
  '      BEGIN\n' +
  "        DELETE FROM request_logs WHERE request_time < datetime('now', '-30 days')", [], [Function (anonymous)])
    at /home/tian/clawdbot/work/Ainews/server/services/DatabaseService.js:132:15
    at new Promise (<anonymous>)
    at DatabaseService.run (/home/tian/clawdbot/work/Ainews/server/services/DatabaseService.js:131:12)
    at DatabaseService.runMultiple (/home/tian/clawdbot/work/Ainews/server/services/DatabaseService.js:124:20) {
  errno: 1,
  code: 'SQLITE_ERROR',
  __augmented: true
}
执行自动恢复...
开始更新新闻...
SQLite数据库连接成功: /home/tian/clawdbot/work/Ainews/server/data/ainews.db
更新新闻时发生严重错误: Error: SQLITE_ERROR: incomplete input
--> in Database#run('\n' +
  '\n' +
  '      -- 清理30天前的请求日志\n' +
  '      CREATE TRIGGER IF NOT EXISTS cleanup_old_logs\n' +
  '      AFTER INSERT ON request_logs\n' +
  '      BEGIN\n' +
  "        DELETE FROM request_logs WHERE request_time < datetime('now', '-30 days')", [], [Function (anonymous)])
    at /home/tian/clawdbot/work/Ainews/server/services/DatabaseService.js:132:15
    at new Promise (<anonymous>)
    at DatabaseService.run (/home/tian/clawdbot/work/Ainews/server/services/DatabaseService.js:131:12)
    at DatabaseService.runMultiple (/home/tian/clawdbot/work/Ainews/server/services/DatabaseService.js:124:20) {
  errno: 1,
  code: 'SQLITE_ERROR',
  __augmented: true
}
调度自动恢复，5分钟后重试...
自动恢复失败: Error: SQLITE_ERROR: incomplete input
--> in Database#run('\n' +
  '\n' +
  '      -- 清理30天前的请求日志\n' +
  '      CREATE TRIGGER IF NOT EXISTS cleanup_old_logs\n' +
  '      AFTER INSERT ON request_logs\n' +
  '      BEGIN\n' +
  "        DELETE FROM request_logs WHERE request_time < datetime('now', '-30 days')", [], [Function (anonymous)])
    at /home/tian/clawdbot/work/Ainews/server/services/DatabaseService.js:132:15
    at new Promise (<anonymous>)
    at DatabaseService.run (/home/tian/clawdbot/work/Ainews/server/services/DatabaseService.js:131:12)
    at DatabaseService.runMultiple (/home/tian/clawdbot/work/Ainews/server/services/DatabaseService.js:124:20) {
  errno: 1,
  code: 'SQLITE_ERROR',
  __augmented: true
}
执行自动恢复...
开始更新新闻...
SQLite数据库连接成功: /home/tian/clawdbot/work/Ainews/server/data/ainews.db
更新新闻时发生严重错误: Error: SQLITE_ERROR: incomplete input
--> in Database#run('\n' +
  '\n' +
  '      -- 清理30天前的请求日志\n' +
  '      CREATE TRIGGER IF NOT EXISTS cleanup_old_logs\n' +
  '      AFTER INSERT ON request_logs\n' +
  '      BEGIN\n' +
  "        DELETE FROM request_logs WHERE request_time < datetime('now', '-30 days')", [], [Function (anonymous)])
    at /home/tian/clawdbot/work/Ainews/server/services/DatabaseService.js:132:15
    at new Promise (<anonymous>)
    at DatabaseService.run (/home/tian/clawdbot/work/Ainews/server/services/DatabaseService.js:131:12)
    at DatabaseService.runMultiple (/home/tian/clawdbot/work/Ainews/server/services/DatabaseService.js:124:20) {
  errno: 1,
  code: 'SQLITE_ERROR',
  __augmented: true
}
调度自动恢复，5分钟后重试...
自动恢复失败: Error: SQLITE_ERROR: incomplete input
--> in Database#run('\n' +
  '\n' +
  '      -- 清理30天前的请求日志\n' +
  '      CREATE TRIGGER IF NOT EXISTS cleanup_old_logs\n' +
  '      AFTER INSERT ON request_logs\n' +
  '      BEGIN\n' +
  "        DELETE FROM request_logs WHERE request_time < datetime('now', '-30 days')", [], [Function (anonymous)])
    at /home/tian/clawdbot/work/Ainews/server/services/DatabaseService.js:132:15
    at new Promise (<anonymous>)
    at DatabaseService.run (/home/tian/clawdbot/work/Ainews/server/services/DatabaseService.js:131:12)
    at DatabaseService.runMultiple (/home/tian/clawdbot/work/Ainews/server/services/DatabaseService.js:124:20) {
  errno: 1,
  code: 'SQLITE_ERROR',
  __augmented: true
}
开始更新新闻...
SQLite数据库连接成功: /home/tian/clawdbot/work/Ainews/server/data/ainews.db
更新新闻时发生严重错误: Error: SQLITE_ERROR: incomplete input
--> in Database#run('\n' +
  '\n' +
  '      -- 清理30天前的请求日志\n' +
  '      CREATE TRIGGER IF NOT EXISTS cleanup_old_logs\n' +
  '      AFTER INSERT ON request_logs\n' +
  '      BEGIN\n' +
  "        DELETE FROM request_logs WHERE request_time < datetime('now', '-30 days')", [], [Function (anonymous)])
    at /home/tian/clawdbot/work/Ainews/server/services/DatabaseService.js:132:15
    at new Promise (<anonymous>)
    at DatabaseService.run (/home/tian/clawdbot/work/Ainews/server/services/DatabaseService.js:131:12)
    at DatabaseService.runMultiple (/home/tian/clawdbot/work/Ainews/server/services/DatabaseService.js:124:20) {
  errno: 1,
  code: 'SQLITE_ERROR',
  __augmented: true
}
调度自动恢复，5分钟后重试...
❌ 恢复初始化失败: Error: SQLITE_ERROR: incomplete input
--> in Database#run('\n' +
  '\n' +
  '      -- 清理30天前的请求日志\n' +
  '      CREATE TRIGGER IF NOT EXISTS cleanup_old_logs\n' +
  '      AFTER INSERT ON request_logs\n' +
  '      BEGIN\n' +
  "        DELETE FROM request_logs WHERE request_time < datetime('now', '-30 days')", [], [Function (anonymous)])
    at /home/tian/clawdbot/work/Ainews/server/services/DatabaseService.js:132:15
    at new Promise (<anonymous>)
    at DatabaseService.run (/home/tian/clawdbot/work/Ainews/server/services/DatabaseService.js:131:12)
    at DatabaseService.runMultiple (/home/tian/clawdbot/work/Ainews/server/services/DatabaseService.js:124:20) {
  errno: 1,
  code: 'SQLITE_ERROR',
  __augmented: true
}
📅 调度初始化恢复，2分钟后重试...
执行自动恢复...
开始更新新闻...
SQLite数据库连接成功: /home/tian/clawdbot/work/Ainews/server/data/ainews.db
更新新闻时发生严重错误: Error: SQLITE_ERROR: incomplete input
--> in Database#run('\n' +
  '\n' +
  '      -- 清理30天前的请求日志\n' +
  '      CREATE TRIGGER IF NOT EXISTS cleanup_old_logs\n' +
  '      AFTER INSERT ON request_logs\n' +
  '      BEGIN\n' +
  "        DELETE FROM request_logs WHERE request_time < datetime('now', '-30 days')", [], [Function (anonymous)])
    at /home/tian/clawdbot/work/Ainews/server/services/DatabaseService.js:132:15
    at new Promise (<anonymous>)
    at DatabaseService.run (/home/tian/clawdbot/work/Ainews/server/services/DatabaseService.js:131:12)
    at DatabaseService.runMultiple (/home/tian/clawdbot/work/Ainews/server/services/DatabaseService.js:124:20) {
  errno: 1,
  code: 'SQLITE_ERROR',
  __augmented: true
}
调度自动恢复，5分钟后重试...
自动恢复失败: Error: SQLITE_ERROR: incomplete input
--> in Database#run('\n' +
  '\n' +
  '      -- 清理30天前的请求日志\n' +
  '      CREATE TRIGGER IF NOT EXISTS cleanup_old_logs\n' +
  '      AFTER INSERT ON request_logs\n' +
  '      BEGIN\n' +
  "        DELETE FROM request_logs WHERE request_time < datetime('now', '-30 days')", [], [Function (anonymous)])
    at /home/tian/clawdbot/work/Ainews/server/services/DatabaseService.js:132:15
    at new Promise (<anonymous>)
    at DatabaseService.run (/home/tian/clawdbot/work/Ainews/server/services/DatabaseService.js:131:12)
    at DatabaseService.runMultiple (/home/tian/clawdbot/work/Ainews/server/services/DatabaseService.js:124:20) {
  errno: 1,
  code: 'SQLITE_ERROR',
  __augmented: true
}
执行自动恢复...
开始更新新闻...
SQLite数据库连接成功: /home/tian/clawdbot/work/Ainews/server/data/ainews.db
更新新闻时发生严重错误: Error: SQLITE_ERROR: incomplete input
--> in Database#run('\n' +
  '\n' +
  '      -- 清理30天前的请求日志\n' +
  '      CREATE TRIGGER IF NOT EXISTS cleanup_old_logs\n' +
  '      AFTER INSERT ON request_logs\n' +
  '      BEGIN\n' +
  "        DELETE FROM request_logs WHERE request_time < datetime('now', '-30 days')", [], [Function (anonymous)])
    at /home/tian/clawdbot/work/Ainews/server/services/DatabaseService.js:132:15
    at new Promise (<anonymous>)
    at DatabaseService.run (/home/tian/clawdbot/work/Ainews/server/services/DatabaseService.js:131:12)
    at DatabaseService.runMultiple (/home/tian/clawdbot/work/Ainews/server/services/DatabaseService.js:124:20) {
  errno: 1,
  code: 'SQLITE_ERROR',
  __augmented: true
}
调度自动恢复，5分钟后重试...
自动恢复失败: Error: SQLITE_ERROR: incomplete input
--> in Database#run('\n' +
  '\n' +
  '      -- 清理30天前的请求日志\n' +
  '      CREATE TRIGGER IF NOT EXISTS cleanup_old_logs\n' +
  '      AFTER INSERT ON request_logs\n' +
  '      BEGIN\n' +
  "        DELETE FROM request_logs WHERE request_time < datetime('now', '-30 days')", [], [Function (anonymous)])
    at /home/tian/clawdbot/work/Ainews/server/services/DatabaseService.js:132:15
    at new Promise (<anonymous>)
    at DatabaseService.run (/home/tian/clawdbot/work/Ainews/server/services/DatabaseService.js:131:12)
    at DatabaseService.runMultiple (/home/tian/clawdbot/work/Ainews/server/services/DatabaseService.js:124:20) {
  errno: 1,
  code: 'SQLITE_ERROR',
  __augmented: true
}
执行自动恢复...
开始更新新闻...
SQLite数据库连接成功: /home/tian/clawdbot/work/Ainews/server/data/ainews.db
更新新闻时发生严重错误: Error: SQLITE_ERROR: incomplete input
--> in Database#run('\n' +
  '\n' +
  '      -- 清理30天前的请求日志\n' +
  '      CREATE TRIGGER IF NOT EXISTS cleanup_old_logs\n' +
  '      AFTER INSERT ON request_logs\n' +
  '      BEGIN\n' +
  "        DELETE FROM request_logs WHERE request_time < datetime('now', '-30 days')", [], [Function (anonymous)])
    at /home/tian/clawdbot/work/Ainews/server/services/DatabaseService.js:132:15
    at new Promise (<anonymous>)
    at DatabaseService.run (/home/tian/clawdbot/work/Ainews/server/services/DatabaseService.js:131:12)
    at DatabaseService.runMultiple (/home/tian/clawdbot/work/Ainews/server/services/DatabaseService.js:124:20) {
  errno: 1,
  code: 'SQLITE_ERROR',
  __augmented: true
}
调度自动恢复，5分钟后重试...
自动恢复失败: Error: SQLITE_ERROR: incomplete input
--> in Database#run('\n' +
  '\n' +
  '      -- 清理30天前的请求日志\n' +
  '      CREATE TRIGGER IF NOT EXISTS cleanup_old_logs\n' +
  '      AFTER INSERT ON request_logs\n' +
  '      BEGIN\n' +
  "        DELETE FROM request_logs WHERE request_time < datetime('now', '-30 days')", [], [Function (anonymous)])
    at /home/tian/clawdbot/work/Ainews/server/services/DatabaseService.js:132:15
    at new Promise (<anonymous>)
    at DatabaseService.run (/home/tian/clawdbot/work/Ainews/server/services/DatabaseService.js:131:12)
    at DatabaseService.runMultiple (/home/tian/clawdbot/work/Ainews/server/services/DatabaseService.js:124:20) {
  errno: 1,
  code: 'SQLITE_ERROR',
  __augmented: true
}
执行自动恢复...
开始更新新闻...
SQLite数据库连接成功: /home/tian/clawdbot/work/Ainews/server/data/ainews.db
更新新闻时发生严重错误: Error: SQLITE_ERROR: incomplete input
--> in Database#run('\n' +
  '\n' +
  '      -- 清理30天前的请求日志\n' +
  '      CREATE TRIGGER IF NOT EXISTS cleanup_old_logs\n' +
  '      AFTER INSERT ON request_logs\n' +
  '      BEGIN\n' +
  "        DELETE FROM request_logs WHERE request_time < datetime('now', '-30 days')", [], [Function (anonymous)])
    at /home/tian/clawdbot/work/Ainews/server/services/DatabaseService.js:132:15
    at new Promise (<anonymous>)
    at DatabaseService.run (/home/tian/clawdbot/work/Ainews/server/services/DatabaseService.js:131:12)
    at DatabaseService.runMultiple (/home/tian/clawdbot/work/Ainews/server/services/DatabaseService.js:124:20) {
  errno: 1,
  code: 'SQLITE_ERROR',
  __augmented: true
}
调度自动恢复，5分钟后重试...
自动恢复失败: Error: SQLITE_ERROR: incomplete input
--> in Database#run('\n' +
  '\n' +
  '      -- 清理30天前的请求日志\n' +
  '      CREATE TRIGGER IF NOT EXISTS cleanup_old_logs\n' +
  '      AFTER INSERT ON request_logs\n' +
  '      BEGIN\n' +
  "        DELETE FROM request_logs WHERE request_time < datetime('now', '-30 days')", [], [Function (anonymous)])
    at /home/tian/clawdbot/work/Ainews/server/services/DatabaseService.js:132:15
    at new Promise (<anonymous>)
    at DatabaseService.run (/home/tian/clawdbot/work/Ainews/server/services/DatabaseService.js:131:12)
    at DatabaseService.runMultiple (/home/tian/clawdbot/work/Ainews/server/services/DatabaseService.js:124:20) {
  errno: 1,
  code: 'SQLITE_ERROR',
  __augmented: true
}
SQLite数据库连接成功: /home/tian/clawdbot/work/Ainews/server/data/ainews.db
获取统计信息失败: Error: SQLITE_ERROR: incomplete input
--> in Database#run('\n' +
  '\n' +
  '      -- 清理30天前的请求日志\n' +
  '      CREATE TRIGGER IF NOT EXISTS cleanup_old_logs\n' +
  '      AFTER INSERT ON request_logs\n' +
  '      BEGIN\n' +
  "        DELETE FROM request_logs WHERE request_time < datetime('now', '-30 days')", [], [Function (anonymous)])
    at /home/tian/clawdbot/work/Ainews/server/services/DatabaseService.js:132:15
    at new Promise (<anonymous>)
    at DatabaseService.run (/home/tian/clawdbot/work/Ainews/server/services/DatabaseService.js:131:12)
    at DatabaseService.runMultiple (/home/tian/clawdbot/work/Ainews/server/services/DatabaseService.js:124:20) {
  errno: 1,
  code: 'SQLITE_ERROR',
  __augmented: true
}
执行自动恢复...
开始更新新闻...
SQLite数据库连接成功: /home/tian/clawdbot/work/Ainews/server/data/ainews.db
更新新闻时发生严重错误: Error: SQLITE_ERROR: incomplete input
--> in Database#run('\n' +
  '\n' +
  '      -- 清理30天前的请求日志\n' +
  '      CREATE TRIGGER IF NOT EXISTS cleanup_old_logs\n' +
  '      AFTER INSERT ON request_logs\n' +
  '      BEGIN\n' +
  "        DELETE FROM request_logs WHERE request_time < datetime('now', '-30 days')", [], [Function (anonymous)])
    at /home/tian/clawdbot/work/Ainews/server/services/DatabaseService.js:132:15
    at new Promise (<anonymous>)
    at DatabaseService.run (/home/tian/clawdbot/work/Ainews/server/services/DatabaseService.js:131:12)
    at DatabaseService.runMultiple (/home/tian/clawdbot/work/Ainews/server/services/DatabaseService.js:124:20) {
  errno: 1,
  code: 'SQLITE_ERROR',
  __augmented: true
}
调度自动恢复，5分钟后重试...
自动恢复失败: Error: SQLITE_ERROR: incomplete input
--> in Database#run('\n' +
  '\n' +
  '      -- 清理30天前的请求日志\n' +
  '      CREATE TRIGGER IF NOT EXISTS cleanup_old_logs\n' +
  '      AFTER INSERT ON request_logs\n' +
  '      BEGIN\n' +
  "        DELETE FROM request_logs WHERE request_time < datetime('now', '-30 days')", [], [Function (anonymous)])
    at /home/tian/clawdbot/work/Ainews/server/services/DatabaseService.js:132:15
    at new Promise (<anonymous>)
    at DatabaseService.run (/home/tian/clawdbot/work/Ainews/server/services/DatabaseService.js:131:12)
    at DatabaseService.runMultiple (/home/tian/clawdbot/work/Ainews/server/services/DatabaseService.js:124:20) {
  errno: 1,
  code: 'SQLITE_ERROR',
  __augmented: true
}
执行自动恢复...
开始更新新闻...
SQLite数据库连接成功: /home/tian/clawdbot/work/Ainews/server/data/ainews.db
更新新闻时发生严重错误: Error: SQLITE_ERROR: incomplete input
--> in Database#run('\n' +
  '\n' +
  '      -- 清理30天前的请求日志\n' +
  '      CREATE TRIGGER IF NOT EXISTS cleanup_old_logs\n' +
  '      AFTER INSERT ON request_logs\n' +
  '      BEGIN\n' +
  "        DELETE FROM request_logs WHERE request_time < datetime('now', '-30 days')", [], [Function (anonymous)])
    at /home/tian/clawdbot/work/Ainews/server/services/DatabaseService.js:132:15
    at new Promise (<anonymous>)
    at DatabaseService.run (/home/tian/clawdbot/work/Ainews/server/services/DatabaseService.js:131:12)
    at DatabaseService.runMultiple (/home/tian/clawdbot/work/Ainews/server/services/DatabaseService.js:124:20) {
  errno: 1,
  code: 'SQLITE_ERROR',
  __augmented: true
}
调度自动恢复，5分钟后重试...
自动恢复失败: Error: SQLITE_ERROR: incomplete input
--> in Database#run('\n' +
  '\n' +
  '      -- 清理30天前的请求日志\n' +
  '      CREATE TRIGGER IF NOT EXISTS cleanup_old_logs\n' +
  '      AFTER INSERT ON request_logs\n' +
  '      BEGIN\n' +
  "        DELETE FROM request_logs WHERE request_time < datetime('now', '-30 days')", [], [Function (anonymous)])
    at /home/tian/clawdbot/work/Ainews/server/services/DatabaseService.js:132:15
    at new Promise (<anonymous>)
    at DatabaseService.run (/home/tian/clawdbot/work/Ainews/server/services/DatabaseService.js:131:12)
    at DatabaseService.runMultiple (/home/tian/clawdbot/work/Ainews/server/services/DatabaseService.js:124:20) {
  errno: 1,
  code: 'SQLITE_ERROR',
  __augmented: true
}
执行自动恢复...
开始更新新闻...
SQLite数据库连接成功: /home/tian/clawdbot/work/Ainews/server/data/ainews.db
更新新闻时发生严重错误: Error: SQLITE_ERROR: incomplete input
--> in Database#run('\n' +
  '\n' +
  '      -- 清理30天前的请求日志\n' +
  '      CREATE TRIGGER IF NOT EXISTS cleanup_old_logs\n' +
  '      AFTER INSERT ON request_logs\n' +
  '      BEGIN\n' +
  "        DELETE FROM request_logs WHERE request_time < datetime('now', '-30 days')", [], [Function (anonymous)])
    at /home/tian/clawdbot/work/Ainews/server/services/DatabaseService.js:132:15
    at new Promise (<anonymous>)
    at DatabaseService.run (/home/tian/clawdbot/work/Ainews/server/services/DatabaseService.js:131:12)
    at DatabaseService.runMultiple (/home/tian/clawdbot/work/Ainews/server/services/DatabaseService.js:124:20) {
  errno: 1,
  code: 'SQLITE_ERROR',
  __augmented: true
}
调度自动恢复，5分钟后重试...
自动恢复失败: Error: SQLITE_ERROR: incomplete input
--> in Database#run('\n' +
  '\n' +
  '      -- 清理30天前的请求日志\n' +
  '      CREATE TRIGGER IF NOT EXISTS cleanup_old_logs\n' +
  '      AFTER INSERT ON request_logs\n' +
  '      BEGIN\n' +
  "        DELETE FROM request_logs WHERE request_time < datetime('now', '-30 days')", [], [Function (anonymous)])
    at /home/tian/clawdbot/work/Ainews/server/services/DatabaseService.js:132:15
    at new Promise (<anonymous>)
    at DatabaseService.run (/home/tian/clawdbot/work/Ainews/server/services/DatabaseService.js:131:12)
    at DatabaseService.runMultiple (/home/tian/clawdbot/work/Ainews/server/services/DatabaseService.js:124:20) {
  errno: 1,
  code: 'SQLITE_ERROR',
  __augmented: true
}
开始更新新闻...
SQLite数据库连接成功: /home/tian/clawdbot/work/Ainews/server/data/ainews.db
更新新闻时发生严重错误: Error: SQLITE_ERROR: incomplete input
--> in Database#run('\n' +
  '\n' +
  '      -- 清理30天前的请求日志\n' +
  '      CREATE TRIGGER IF NOT EXISTS cleanup_old_logs\n' +
  '      AFTER INSERT ON request_logs\n' +
  '      BEGIN\n' +
  "        DELETE FROM request_logs WHERE request_time < datetime('now', '-30 days')", [], [Function (anonymous)])
    at /home/tian/clawdbot/work/Ainews/server/services/DatabaseService.js:132:15
    at new Promise (<anonymous>)
    at DatabaseService.run (/home/tian/clawdbot/work/Ainews/server/services/DatabaseService.js:131:12)
    at DatabaseService.runMultiple (/home/tian/clawdbot/work/Ainews/server/services/DatabaseService.js:124:20) {
  errno: 1,
  code: 'SQLITE_ERROR',
  __augmented: true
}
调度自动恢复，5分钟后重试...
❌ 恢复初始化失败: Error: SQLITE_ERROR: incomplete input
--> in Database#run('\n' +
  '\n' +
  '      -- 清理30天前的请求日志\n' +
  '      CREATE TRIGGER IF NOT EXISTS cleanup_old_logs\n' +
  '      AFTER INSERT ON request_logs\n' +
  '      BEGIN\n' +
  "        DELETE FROM request_logs WHERE request_time < datetime('now', '-30 days')", [], [Function (anonymous)])
    at /home/tian/clawdbot/work/Ainews/server/services/DatabaseService.js:132:15
    at new Promise (<anonymous>)
    at DatabaseService.run (/home/tian/clawdbot/work/Ainews/server/services/DatabaseService.js:131:12)
    at DatabaseService.runMultiple (/home/tian/clawdbot/work/Ainews/server/services/DatabaseService.js:124:20) {
  errno: 1,
  code: 'SQLITE_ERROR',
  __augmented: true
}
📅 调度初始化恢复，2分钟后重试...
执行自动恢复...
开始更新新闻...
SQLite数据库连接成功: /home/tian/clawdbot/work/Ainews/server/data/ainews.db
更新新闻时发生严重错误: Error: SQLITE_ERROR: incomplete input
--> in Database#run('\n' +
  '\n' +
  '      -- 清理30天前的请求日志\n' +
  '      CREATE TRIGGER IF NOT EXISTS cleanup_old_logs\n' +
  '      AFTER INSERT ON request_logs\n' +
  '      BEGIN\n' +
  "        DELETE FROM request_logs WHERE request_time < datetime('now', '-30 days')", [], [Function (anonymous)])
    at /home/tian/clawdbot/work/Ainews/server/services/DatabaseService.js:132:15
    at new Promise (<anonymous>)
    at DatabaseService.run (/home/tian/clawdbot/work/Ainews/server/services/DatabaseService.js:131:12)
    at DatabaseService.runMultiple (/home/tian/clawdbot/work/Ainews/server/services/DatabaseService.js:124:20) {
  errno: 1,
  code: 'SQLITE_ERROR',
  __augmented: true
}
调度自动恢复，5分钟后重试...
自动恢复失败: Error: SQLITE_ERROR: incomplete input
--> in Database#run('\n' +
  '\n' +
  '      -- 清理30天前的请求日志\n' +
  '      CREATE TRIGGER IF NOT EXISTS cleanup_old_logs\n' +
  '      AFTER INSERT ON request_logs\n' +
  '      BEGIN\n' +
  "        DELETE FROM request_logs WHERE request_time < datetime('now', '-30 days')", [], [Function (anonymous)])
    at /home/tian/clawdbot/work/Ainews/server/services/DatabaseService.js:132:15
    at new Promise (<anonymous>)
    at DatabaseService.run (/home/tian/clawdbot/work/Ainews/server/services/DatabaseService.js:131:12)
    at DatabaseService.runMultiple (/home/tian/clawdbot/work/Ainews/server/services/DatabaseService.js:124:20) {
  errno: 1,
  code: 'SQLITE_ERROR',
  __augmented: true
}
执行自动恢复...
开始更新新闻...
SQLite数据库连接成功: /home/tian/clawdbot/work/Ainews/server/data/ainews.db
更新新闻时发生严重错误: Error: SQLITE_ERROR: incomplete input
--> in Database#run('\n' +
  '\n' +
  '      -- 清理30天前的请求日志\n' +
  '      CREATE TRIGGER IF NOT EXISTS cleanup_old_logs\n' +
  '      AFTER INSERT ON request_logs\n' +
  '      BEGIN\n' +
  "        DELETE FROM request_logs WHERE request_time < datetime('now', '-30 days')", [], [Function (anonymous)])
    at /home/tian/clawdbot/work/Ainews/server/services/DatabaseService.js:132:15
    at new Promise (<anonymous>)
    at DatabaseService.run (/home/tian/clawdbot/work/Ainews/server/services/DatabaseService.js:131:12)
    at DatabaseService.runMultiple (/home/tian/clawdbot/work/Ainews/server/services/DatabaseService.js:124:20) {
  errno: 1,
  code: 'SQLITE_ERROR',
  __augmented: true
}
调度自动恢复，5分钟后重试...
自动恢复失败: Error: SQLITE_ERROR: incomplete input
--> in Database#run('\n' +
  '\n' +
  '      -- 清理30天前的请求日志\n' +
  '      CREATE TRIGGER IF NOT EXISTS cleanup_old_logs\n' +
  '      AFTER INSERT ON request_logs\n' +
  '      BEGIN\n' +
  "        DELETE FROM request_logs WHERE request_time < datetime('now', '-30 days')", [], [Function (anonymous)])
    at /home/tian/clawdbot/work/Ainews/server/services/DatabaseService.js:132:15
    at new Promise (<anonymous>)
    at DatabaseService.run (/home/tian/clawdbot/work/Ainews/server/services/DatabaseService.js:131:12)
    at DatabaseService.runMultiple (/home/tian/clawdbot/work/Ainews/server/services/DatabaseService.js:124:20) {
  errno: 1,
  code: 'SQLITE_ERROR',
  __augmented: true
}
执行自动恢复...
开始更新新闻...
SQLite数据库连接成功: /home/tian/clawdbot/work/Ainews/server/data/ainews.db
更新新闻时发生严重错误: Error: SQLITE_ERROR: incomplete input
--> in Database#run('\n' +
  '\n' +
  '      -- 清理30天前的请求日志\n' +
  '      CREATE TRIGGER IF NOT EXISTS cleanup_old_logs\n' +
  '      AFTER INSERT ON request_logs\n' +
  '      BEGIN\n' +
  "        DELETE FROM request_logs WHERE request_time < datetime('now', '-30 days')", [], [Function (anonymous)])
    at /home/tian/clawdbot/work/Ainews/server/services/DatabaseService.js:132:15
    at new Promise (<anonymous>)
    at DatabaseService.run (/home/tian/clawdbot/work/Ainews/server/services/DatabaseService.js:131:12)
    at DatabaseService.runMultiple (/home/tian/clawdbot/work/Ainews/server/services/DatabaseService.js:124:20) {
  errno: 1,
  code: 'SQLITE_ERROR',
  __augmented: true
}
调度自动恢复，5分钟后重试...
自动恢复失败: Error: SQLITE_ERROR: incomplete input
--> in Database#run('\n' +
  '\n' +
  '      -- 清理30天前的请求日志\n' +
  '      CREATE TRIGGER IF NOT EXISTS cleanup_old_logs\n' +
  '      AFTER INSERT ON request_logs\n' +
  '      BEGIN\n' +
  "        DELETE FROM request_logs WHERE request_time < datetime('now', '-30 days')", [], [Function (anonymous)])
    at /home/tian/clawdbot/work/Ainews/server/services/DatabaseService.js:132:15
    at new Promise (<anonymous>)
    at DatabaseService.run (/home/tian/clawdbot/work/Ainews/server/services/DatabaseService.js:131:12)
    at DatabaseService.runMultiple (/home/tian/clawdbot/work/Ainews/server/services/DatabaseService.js:124:20) {
  errno: 1,
  code: 'SQLITE_ERROR',
  __augmented: true
}
执行自动恢复...
开始更新新闻...
SQLite数据库连接成功: /home/tian/clawdbot/work/Ainews/server/data/ainews.db
更新新闻时发生严重错误: Error: SQLITE_ERROR: incomplete input
--> in Database#run('\n' +
  '\n' +
  '      -- 清理30天前的请求日志\n' +
  '      CREATE TRIGGER IF NOT EXISTS cleanup_old_logs\n' +
  '      AFTER INSERT ON request_logs\n' +
  '      BEGIN\n' +
  "        DELETE FROM request_logs WHERE request_time < datetime('now', '-30 days')", [], [Function (anonymous)])
    at /home/tian/clawdbot/work/Ainews/server/services/DatabaseService.js:132:15
    at new Promise (<anonymous>)
    at DatabaseService.run (/home/tian/clawdbot/work/Ainews/server/services/DatabaseService.js:131:12)
    at DatabaseService.runMultiple (/home/tian/clawdbot/work/Ainews/server/services/DatabaseService.js:124:20) {
  errno: 1,
  code: 'SQLITE_ERROR',
  __augmented: true
}
调度自动恢复，5分钟后重试...
自动恢复失败: Error: SQLITE_ERROR: incomplete input
--> in Database#run('\n' +
  '\n' +
  '      -- 清理30天前的请求日志\n' +
  '      CREATE TRIGGER IF NOT EXISTS cleanup_old_logs\n' +
  '      AFTER INSERT ON request_logs\n' +
  '      BEGIN\n' +
  "        DELETE FROM request_logs WHERE request_time < datetime('now', '-30 days')", [], [Function (anonymous)])
    at /home/tian/clawdbot/work/Ainews/server/services/DatabaseService.js:132:15
    at new Promise (<anonymous>)
    at DatabaseService.run (/home/tian/clawdbot/work/Ainews/server/services/DatabaseService.js:131:12)
    at DatabaseService.runMultiple (/home/tian/clawdbot/work/Ainews/server/services/DatabaseService.js:124:20) {
  errno: 1,
  code: 'SQLITE_ERROR',
  __augmented: true
}
执行自动恢复...
开始更新新闻...
SQLite数据库连接成功: /home/tian/clawdbot/work/Ainews/server/data/ainews.db
更新新闻时发生严重错误: Error: SQLITE_ERROR: incomplete input
--> in Database#run('\n' +
  '\n' +
  '      -- 清理30天前的请求日志\n' +
  '      CREATE TRIGGER IF NOT EXISTS cleanup_old_logs\n' +
  '      AFTER INSERT ON request_logs\n' +
  '      BEGIN\n' +
  "        DELETE FROM request_logs WHERE request_time < datetime('now', '-30 days')", [], [Function (anonymous)])
    at /home/tian/clawdbot/work/Ainews/server/services/DatabaseService.js:132:15
    at new Promise (<anonymous>)
    at DatabaseService.run (/home/tian/clawdbot/work/Ainews/server/services/DatabaseService.js:131:12)
    at DatabaseService.runMultiple (/home/tian/clawdbot/work/Ainews/server/services/DatabaseService.js:124:20) {
  errno: 1,
  code: 'SQLITE_ERROR',
  __augmented: true
}
调度自动恢复，5分钟后重试...
自动恢复失败: Error: SQLITE_ERROR: incomplete input
--> in Database#run('\n' +
  '\n' +
  '      -- 清理30天前的请求日志\n' +
  '      CREATE TRIGGER IF NOT EXISTS cleanup_old_logs\n' +
  '      AFTER INSERT ON request_logs\n' +
  '      BEGIN\n' +
  "        DELETE FROM request_logs WHERE request_time < datetime('now', '-30 days')", [], [Function (anonymous)])
    at /home/tian/clawdbot/work/Ainews/server/services/DatabaseService.js:132:15
    at new Promise (<anonymous>)
    at DatabaseService.run (/home/tian/clawdbot/work/Ainews/server/services/DatabaseService.js:131:12)
    at DatabaseService.runMultiple (/home/tian/clawdbot/work/Ainews/server/services/DatabaseService.js:124:20) {
  errno: 1,
  code: 'SQLITE_ERROR',
  __augmented: true
}
执行自动恢复...
开始更新新闻...
SQLite数据库连接成功: /home/tian/clawdbot/work/Ainews/server/data/ainews.db
更新新闻时发生严重错误: Error: SQLITE_ERROR: incomplete input
--> in Database#run('\n' +
  '\n' +
  '      -- 清理30天前的请求日志\n' +
  '      CREATE TRIGGER IF NOT EXISTS cleanup_old_logs\n' +
  '      AFTER INSERT ON request_logs\n' +
  '      BEGIN\n' +
  "        DELETE FROM request_logs WHERE request_time < datetime('now', '-30 days')", [], [Function (anonymous)])
    at /home/tian/clawdbot/work/Ainews/server/services/DatabaseService.js:132:15
    at new Promise (<anonymous>)
    at DatabaseService.run (/home/tian/clawdbot/work/Ainews/server/services/DatabaseService.js:131:12)
    at DatabaseService.runMultiple (/home/tian/clawdbot/work/Ainews/server/services/DatabaseService.js:124:20) {
  errno: 1,
  code: 'SQLITE_ERROR',
  __augmented: true
}
调度自动恢复，5分钟后重试...
自动恢复失败: Error: SQLITE_ERROR: incomplete input
--> in Database#run('\n' +
  '\n' +
  '      -- 清理30天前的请求日志\n' +
  '      CREATE TRIGGER IF NOT EXISTS cleanup_old_logs\n' +
  '      AFTER INSERT ON request_logs\n' +
  '      BEGIN\n' +
  "        DELETE FROM request_logs WHERE request_time < datetime('now', '-30 days')", [], [Function (anonymous)])
    at /home/tian/clawdbot/work/Ainews/server/services/DatabaseService.js:132:15
    at new Promise (<anonymous>)
    at DatabaseService.run (/home/tian/clawdbot/work/Ainews/server/services/DatabaseService.js:131:12)
    at DatabaseService.runMultiple (/home/tian/clawdbot/work/Ainews/server/services/DatabaseService.js:124:20) {
  errno: 1,
  code: 'SQLITE_ERROR',
  __augmented: true
}
执行自动恢复...
开始更新新闻...
SQLite数据库连接成功: /home/tian/clawdbot/work/Ainews/server/data/ainews.db
更新新闻时发生严重错误: Error: SQLITE_ERROR: incomplete input
--> in Database#run('\n' +
  '\n' +
  '      -- 清理30天前的请求日志\n' +
  '      CREATE TRIGGER IF NOT EXISTS cleanup_old_logs\n' +
  '      AFTER INSERT ON request_logs\n' +
  '      BEGIN\n' +
  "        DELETE FROM request_logs WHERE request_time < datetime('now', '-30 days')", [], [Function (anonymous)])
    at /home/tian/clawdbot/work/Ainews/server/services/DatabaseService.js:132:15
    at new Promise (<anonymous>)
    at DatabaseService.run (/home/tian/clawdbot/work/Ainews/server/services/DatabaseService.js:131:12)
    at DatabaseService.runMultiple (/home/tian/clawdbot/work/Ainews/server/services/DatabaseService.js:124:20) {
  errno: 1,
  code: 'SQLITE_ERROR',
  __augmented: true
}
调度自动恢复，5分钟后重试...
自动恢复失败: Error: SQLITE_ERROR: incomplete input
--> in Database#run('\n' +
  '\n' +
  '      -- 清理30天前的请求日志\n' +
  '      CREATE TRIGGER IF NOT EXISTS cleanup_old_logs\n' +
  '      AFTER INSERT ON request_logs\n' +
  '      BEGIN\n' +
  "        DELETE FROM request_logs WHERE request_time < datetime('now', '-30 days')", [], [Function (anonymous)])
    at /home/tian/clawdbot/work/Ainews/server/services/DatabaseService.js:132:15
    at new Promise (<anonymous>)
    at DatabaseService.run (/home/tian/clawdbot/work/Ainews/server/services/DatabaseService.js:131:12)
    at DatabaseService.runMultiple (/home/tian/clawdbot/work/Ainews/server/services/DatabaseService.js:124:20) {
  errno: 1,
  code: 'SQLITE_ERROR',
  __augmented: true
}
执行自动恢复...
开始更新新闻...
SQLite数据库连接成功: /home/tian/clawdbot/work/Ainews/server/data/ainews.db
更新新闻时发生严重错误: Error: SQLITE_ERROR: incomplete input
--> in Database#run('\n' +
  '\n' +
  '      -- 清理30天前的请求日志\n' +
  '      CREATE TRIGGER IF NOT EXISTS cleanup_old_logs\n' +
  '      AFTER INSERT ON request_logs\n' +
  '      BEGIN\n' +
  "        DELETE FROM request_logs WHERE request_time < datetime('now', '-30 days')", [], [Function (anonymous)])
    at /home/tian/clawdbot/work/Ainews/server/services/DatabaseService.js:132:15
    at new Promise (<anonymous>)
    at DatabaseService.run (/home/tian/clawdbot/work/Ainews/server/services/DatabaseService.js:131:12)
    at DatabaseService.runMultiple (/home/tian/clawdbot/work/Ainews/server/services/DatabaseService.js:124:20) {
  errno: 1,
  code: 'SQLITE_ERROR',
  __augmented: true
}
调度自动恢复，5分钟后重试...
自动恢复失败: Error: SQLITE_ERROR: incomplete input
--> in Database#run('\n' +
  '\n' +
  '      -- 清理30天前的请求日志\n' +
  '      CREATE TRIGGER IF NOT EXISTS cleanup_old_logs\n' +
  '      AFTER INSERT ON request_logs\n' +
  '      BEGIN\n' +
  "        DELETE FROM request_logs WHERE request_time < datetime('now', '-30 days')", [], [Function (anonymous)])
    at /home/tian/clawdbot/work/Ainews/server/services/DatabaseService.js:132:15
    at new Promise (<anonymous>)
    at DatabaseService.run (/home/tian/clawdbot/work/Ainews/server/services/DatabaseService.js:131:12)
    at DatabaseService.runMultiple (/home/tian/clawdbot/work/Ainews/server/services/DatabaseService.js:124:20) {
  errno: 1,
  code: 'SQLITE_ERROR',
  __augmented: true
}
开始更新新闻...
SQLite数据库连接成功: /home/tian/clawdbot/work/Ainews/server/data/ainews.db
更新新闻时发生严重错误: Error: SQLITE_ERROR: incomplete input
--> in Database#run('\n' +
  '\n' +
  '      -- 清理30天前的请求日志\n' +
  '      CREATE TRIGGER IF NOT EXISTS cleanup_old_logs\n' +
  '      AFTER INSERT ON request_logs\n' +
  '      BEGIN\n' +
  "        DELETE FROM request_logs WHERE request_time < datetime('now', '-30 days')", [], [Function (anonymous)])
    at /home/tian/clawdbot/work/Ainews/server/services/DatabaseService.js:132:15
    at new Promise (<anonymous>)
    at DatabaseService.run (/home/tian/clawdbot/work/Ainews/server/services/DatabaseService.js:131:12)
    at DatabaseService.runMultiple (/home/tian/clawdbot/work/Ainews/server/services/DatabaseService.js:124:20) {
  errno: 1,
  code: 'SQLITE_ERROR',
  __augmented: true
}
调度自动恢复，5分钟后重试...
❌ 恢复初始化失败: Error: SQLITE_ERROR: incomplete input
--> in Database#run('\n' +
  '\n' +
  '      -- 清理30天前的请求日志\n' +
  '      CREATE TRIGGER IF NOT EXISTS cleanup_old_logs\n' +
  '      AFTER INSERT ON request_logs\n' +
  '      BEGIN\n' +
  "        DELETE FROM request_logs WHERE request_time < datetime('now', '-30 days')", [], [Function (anonymous)])
    at /home/tian/clawdbot/work/Ainews/server/services/DatabaseService.js:132:15
    at new Promise (<anonymous>)
    at DatabaseService.run (/home/tian/clawdbot/work/Ainews/server/services/DatabaseService.js:131:12)
    at DatabaseService.runMultiple (/home/tian/clawdbot/work/Ainews/server/services/DatabaseService.js:124:20) {
  errno: 1,
  code: 'SQLITE_ERROR',
  __augmented: true
}
📅 调度初始化恢复，2分钟后重试...
执行自动恢复...
开始更新新闻...
SQLite数据库连接成功: /home/tian/clawdbot/work/Ainews/server/data/ainews.db
更新新闻时发生严重错误: Error: SQLITE_ERROR: incomplete input
--> in Database#run('\n' +
  '\n' +
  '      -- 清理30天前的请求日志\n' +
  '      CREATE TRIGGER IF NOT EXISTS cleanup_old_logs\n' +
  '      AFTER INSERT ON request_logs\n' +
  '      BEGIN\n' +
  "        DELETE FROM request_logs WHERE request_time < datetime('now', '-30 days')", [], [Function (anonymous)])
    at /home/tian/clawdbot/work/Ainews/server/services/DatabaseService.js:132:15
    at new Promise (<anonymous>)
    at DatabaseService.run (/home/tian/clawdbot/work/Ainews/server/services/DatabaseService.js:131:12)
    at DatabaseService.runMultiple (/home/tian/clawdbot/work/Ainews/server/services/DatabaseService.js:124:20) {
  errno: 1,
  code: 'SQLITE_ERROR',
  __augmented: true
}
调度自动恢复，5分钟后重试...
自动恢复失败: Error: SQLITE_ERROR: incomplete input
--> in Database#run('\n' +
  '\n' +
  '      -- 清理30天前的请求日志\n' +
  '      CREATE TRIGGER IF NOT EXISTS cleanup_old_logs\n' +
  '      AFTER INSERT ON request_logs\n' +
  '      BEGIN\n' +
  "        DELETE FROM request_logs WHERE request_time < datetime('now', '-30 days')", [], [Function (anonymous)])
    at /home/tian/clawdbot/work/Ainews/server/services/DatabaseService.js:132:15
    at new Promise (<anonymous>)
    at DatabaseService.run (/home/tian/clawdbot/work/Ainews/server/services/DatabaseService.js:131:12)
    at DatabaseService.runMultiple (/home/tian/clawdbot/work/Ainews/server/services/DatabaseService.js:124:20) {
  errno: 1,
  code: 'SQLITE_ERROR',
  __augmented: true
}
执行自动恢复...
开始更新新闻...
SQLite数据库连接成功: /home/tian/clawdbot/work/Ainews/server/data/ainews.db
更新新闻时发生严重错误: Error: SQLITE_ERROR: incomplete input
--> in Database#run('\n' +
  '\n' +
  '      -- 清理30天前的请求日志\n' +
  '      CREATE TRIGGER IF NOT EXISTS cleanup_old_logs\n' +
  '      AFTER INSERT ON request_logs\n' +
  '      BEGIN\n' +
  "        DELETE FROM request_logs WHERE request_time < datetime('now', '-30 days')", [], [Function (anonymous)])
    at /home/tian/clawdbot/work/Ainews/server/services/DatabaseService.js:132:15
    at new Promise (<anonymous>)
    at DatabaseService.run (/home/tian/clawdbot/work/Ainews/server/services/DatabaseService.js:131:12)
    at DatabaseService.runMultiple (/home/tian/clawdbot/work/Ainews/server/services/DatabaseService.js:124:20) {
  errno: 1,
  code: 'SQLITE_ERROR',
  __augmented: true
}
调度自动恢复，5分钟后重试...
自动恢复失败: Error: SQLITE_ERROR: incomplete input
--> in Database#run('\n' +
  '\n' +
  '      -- 清理30天前的请求日志\n' +
  '      CREATE TRIGGER IF NOT EXISTS cleanup_old_logs\n' +
  '      AFTER INSERT ON request_logs\n' +
  '      BEGIN\n' +
  "        DELETE FROM request_logs WHERE request_time < datetime('now', '-30 days')", [], [Function (anonymous)])
    at /home/tian/clawdbot/work/Ainews/server/services/DatabaseService.js:132:15
    at new Promise (<anonymous>)
    at DatabaseService.run (/home/tian/clawdbot/work/Ainews/server/services/DatabaseService.js:131:12)
    at DatabaseService.runMultiple (/home/tian/clawdbot/work/Ainews/server/services/DatabaseService.js:124:20) {
  errno: 1,
  code: 'SQLITE_ERROR',
  __augmented: true
}
执行自动恢复...
开始更新新闻...
SQLite数据库连接成功: /home/tian/clawdbot/work/Ainews/server/data/ainews.db
更新新闻时发生严重错误: Error: SQLITE_ERROR: incomplete input
--> in Database#run('\n' +
  '\n' +
  '      -- 清理30天前的请求日志\n' +
  '      CREATE TRIGGER IF NOT EXISTS cleanup_old_logs\n' +
  '      AFTER INSERT ON request_logs\n' +
  '      BEGIN\n' +
  "        DELETE FROM request_logs WHERE request_time < datetime('now', '-30 days')", [], [Function (anonymous)])
    at /home/tian/clawdbot/work/Ainews/server/services/DatabaseService.js:132:15
    at new Promise (<anonymous>)
    at DatabaseService.run (/home/tian/clawdbot/work/Ainews/server/services/DatabaseService.js:131:12)
    at DatabaseService.runMultiple (/home/tian/clawdbot/work/Ainews/server/services/DatabaseService.js:124:20) {
  errno: 1,
  code: 'SQLITE_ERROR',
  __augmented: true
}
调度自动恢复，5分钟后重试...
自动恢复失败: Error: SQLITE_ERROR: incomplete input
--> in Database#run('\n' +
  '\n' +
  '      -- 清理30天前的请求日志\n' +
  '      CREATE TRIGGER IF NOT EXISTS cleanup_old_logs\n' +
  '      AFTER INSERT ON request_logs\n' +
  '      BEGIN\n' +
  "        DELETE FROM request_logs WHERE request_time < datetime('now', '-30 days')", [], [Function (anonymous)])
    at /home/tian/clawdbot/work/Ainews/server/services/DatabaseService.js:132:15
    at new Promise (<anonymous>)
    at DatabaseService.run (/home/tian/clawdbot/work/Ainews/server/services/DatabaseService.js:131:12)
    at DatabaseService.runMultiple (/home/tian/clawdbot/work/Ainews/server/services/DatabaseService.js:124:20) {
  errno: 1,
  code: 'SQLITE_ERROR',
  __augmented: true
}
执行自动恢复...
开始更新新闻...
SQLite数据库连接成功: /home/tian/clawdbot/work/Ainews/server/data/ainews.db
更新新闻时发生严重错误: Error: SQLITE_ERROR: incomplete input
--> in Database#run('\n' +
  '\n' +
  '      -- 清理30天前的请求日志\n' +
  '      CREATE TRIGGER IF NOT EXISTS cleanup_old_logs\n' +
  '      AFTER INSERT ON request_logs\n' +
  '      BEGIN\n' +
  "        DELETE FROM request_logs WHERE request_time < datetime('now', '-30 days')", [], [Function (anonymous)])
    at /home/tian/clawdbot/work/Ainews/server/services/DatabaseService.js:132:15
    at new Promise (<anonymous>)
    at DatabaseService.run (/home/tian/clawdbot/work/Ainews/server/services/DatabaseService.js:131:12)
    at DatabaseService.runMultiple (/home/tian/clawdbot/work/Ainews/server/services/DatabaseService.js:124:20) {
  errno: 1,
  code: 'SQLITE_ERROR',
  __augmented: true
}
调度自动恢复，5分钟后重试...
自动恢复失败: Error: SQLITE_ERROR: incomplete input
--> in Database#run('\n' +
  '\n' +
  '      -- 清理30天前的请求日志\n' +
  '      CREATE TRIGGER IF NOT EXISTS cleanup_old_logs\n' +
  '      AFTER INSERT ON request_logs\n' +
  '      BEGIN\n' +
  "        DELETE FROM request_logs WHERE request_time < datetime('now', '-30 days')", [], [Function (anonymous)])
    at /home/tian/clawdbot/work/Ainews/server/services/DatabaseService.js:132:15
    at new Promise (<anonymous>)
    at DatabaseService.run (/home/tian/clawdbot/work/Ainews/server/services/DatabaseService.js:131:12)
    at DatabaseService.runMultiple (/home/tian/clawdbot/work/Ainews/server/services/DatabaseService.js:124:20) {
  errno: 1,
  code: 'SQLITE_ERROR',
  __augmented: true
}
执行自动恢复...
开始更新新闻...
SQLite数据库连接成功: /home/tian/clawdbot/work/Ainews/server/data/ainews.db
更新新闻时发生严重错误: Error: SQLITE_ERROR: incomplete input
--> in Database#run('\n' +
  '\n' +
  '      -- 清理30天前的请求日志\n' +
  '      CREATE TRIGGER IF NOT EXISTS cleanup_old_logs\n' +
  '      AFTER INSERT ON request_logs\n' +
  '      BEGIN\n' +
  "        DELETE FROM request_logs WHERE request_time < datetime('now', '-30 days')", [], [Function (anonymous)])
    at /home/tian/clawdbot/work/Ainews/server/services/DatabaseService.js:132:15
    at new Promise (<anonymous>)
    at DatabaseService.run (/home/tian/clawdbot/work/Ainews/server/services/DatabaseService.js:131:12)
    at DatabaseService.runMultiple (/home/tian/clawdbot/work/Ainews/server/services/DatabaseService.js:124:20) {
  errno: 1,
  code: 'SQLITE_ERROR',
  __augmented: true
}
调度自动恢复，5分钟后重试...
自动恢复失败: Error: SQLITE_ERROR: incomplete input
--> in Database#run('\n' +
  '\n' +
  '      -- 清理30天前的请求日志\n' +
  '      CREATE TRIGGER IF NOT EXISTS cleanup_old_logs\n' +
  '      AFTER INSERT ON request_logs\n' +
  '      BEGIN\n' +
  "        DELETE FROM request_logs WHERE request_time < datetime('now', '-30 days')", [], [Function (anonymous)])
    at /home/tian/clawdbot/work/Ainews/server/services/DatabaseService.js:132:15
    at new Promise (<anonymous>)
    at DatabaseService.run (/home/tian/clawdbot/work/Ainews/server/services/DatabaseService.js:131:12)
    at DatabaseService.runMultiple (/home/tian/clawdbot/work/Ainews/server/services/DatabaseService.js:124:20) {
  errno: 1,
  code: 'SQLITE_ERROR',
  __augmented: true
}
执行自动恢复...
开始更新新闻...
SQLite数据库连接成功: /home/tian/clawdbot/work/Ainews/server/data/ainews.db
更新新闻时发生严重错误: Error: SQLITE_ERROR: incomplete input
--> in Database#run('\n' +
  '\n' +
  '      -- 清理30天前的请求日志\n' +
  '      CREATE TRIGGER IF NOT EXISTS cleanup_old_logs\n' +
  '      AFTER INSERT ON request_logs\n' +
  '      BEGIN\n' +
  "        DELETE FROM request_logs WHERE request_time < datetime('now', '-30 days')", [], [Function (anonymous)])
    at /home/tian/clawdbot/work/Ainews/server/services/DatabaseService.js:132:15
    at new Promise (<anonymous>)
    at DatabaseService.run (/home/tian/clawdbot/work/Ainews/server/services/DatabaseService.js:131:12)
    at DatabaseService.runMultiple (/home/tian/clawdbot/work/Ainews/server/services/DatabaseService.js:124:20) {
  errno: 1,
  code: 'SQLITE_ERROR',
  __augmented: true
}
调度自动恢复，5分钟后重试...
自动恢复失败: Error: SQLITE_ERROR: incomplete input
--> in Database#run('\n' +
  '\n' +
  '      -- 清理30天前的请求日志\n' +
  '      CREATE TRIGGER IF NOT EXISTS cleanup_old_logs\n' +
  '      AFTER INSERT ON request_logs\n' +
  '      BEGIN\n' +
  "        DELETE FROM request_logs WHERE request_time < datetime('now', '-30 days')", [], [Function (anonymous)])
    at /home/tian/clawdbot/work/Ainews/server/services/DatabaseService.js:132:15
    at new Promise (<anonymous>)
    at DatabaseService.run (/home/tian/clawdbot/work/Ainews/server/services/DatabaseService.js:131:12)
    at DatabaseService.runMultiple (/home/tian/clawdbot/work/Ainews/server/services/DatabaseService.js:124:20) {
  errno: 1,
  code: 'SQLITE_ERROR',
  __augmented: true
}
执行自动恢复...
开始更新新闻...
SQLite数据库连接成功: /home/tian/clawdbot/work/Ainews/server/data/ainews.db
更新新闻时发生严重错误: Error: SQLITE_ERROR: incomplete input
--> in Database#run('\n' +
  '\n' +
  '      -- 清理30天前的请求日志\n' +
  '      CREATE TRIGGER IF NOT EXISTS cleanup_old_logs\n' +
  '      AFTER INSERT ON request_logs\n' +
  '      BEGIN\n' +
  "        DELETE FROM request_logs WHERE request_time < datetime('now', '-30 days')", [], [Function (anonymous)])
    at /home/tian/clawdbot/work/Ainews/server/services/DatabaseService.js:132:15
    at new Promise (<anonymous>)
    at DatabaseService.run (/home/tian/clawdbot/work/Ainews/server/services/DatabaseService.js:131:12)
    at DatabaseService.runMultiple (/home/tian/clawdbot/work/Ainews/server/services/DatabaseService.js:124:20) {
  errno: 1,
  code: 'SQLITE_ERROR',
  __augmented: true
}
调度自动恢复，5分钟后重试...
自动恢复失败: Error: SQLITE_ERROR: incomplete input
--> in Database#run('\n' +
  '\n' +
  '      -- 清理30天前的请求日志\n' +
  '      CREATE TRIGGER IF NOT EXISTS cleanup_old_logs\n' +
  '      AFTER INSERT ON request_logs\n' +
  '      BEGIN\n' +
  "        DELETE FROM request_logs WHERE request_time < datetime('now', '-30 days')", [], [Function (anonymous)])
    at /home/tian/clawdbot/work/Ainews/server/services/DatabaseService.js:132:15
    at new Promise (<anonymous>)
    at DatabaseService.run (/home/tian/clawdbot/work/Ainews/server/services/DatabaseService.js:131:12)
    at DatabaseService.runMultiple (/home/tian/clawdbot/work/Ainews/server/services/DatabaseService.js:124:20) {
  errno: 1,
  code: 'SQLITE_ERROR',
  __augmented: true
}
执行自动恢复...
开始更新新闻...
SQLite数据库连接成功: /home/tian/clawdbot/work/Ainews/server/data/ainews.db
更新新闻时发生严重错误: Error: SQLITE_ERROR: incomplete input
--> in Database#run('\n' +
  '\n' +
  '      -- 清理30天前的请求日志\n' +
  '      CREATE TRIGGER IF NOT EXISTS cleanup_old_logs\n' +
  '      AFTER INSERT ON request_logs\n' +
  '      BEGIN\n' +
  "        DELETE FROM request_logs WHERE request_time < datetime('now', '-30 days')", [], [Function (anonymous)])
    at /home/tian/clawdbot/work/Ainews/server/services/DatabaseService.js:132:15
    at new Promise (<anonymous>)
    at DatabaseService.run (/home/tian/clawdbot/work/Ainews/server/services/DatabaseService.js:131:12)
    at DatabaseService.runMultiple (/home/tian/clawdbot/work/Ainews/server/services/DatabaseService.js:124:20) {
  errno: 1,
  code: 'SQLITE_ERROR',
  __augmented: true
}
调度自动恢复，5分钟后重试...
自动恢复失败: Error: SQLITE_ERROR: incomplete input
--> in Database#run('\n' +
  '\n' +
  '      -- 清理30天前的请求日志\n' +
  '      CREATE TRIGGER IF NOT EXISTS cleanup_old_logs\n' +
  '      AFTER INSERT ON request_logs\n' +
  '      BEGIN\n' +
  "        DELETE FROM request_logs WHERE request_time < datetime('now', '-30 days')", [], [Function (anonymous)])
    at /home/tian/clawdbot/work/Ainews/server/services/DatabaseService.js:132:15
    at new Promise (<anonymous>)
    at DatabaseService.run (/home/tian/clawdbot/work/Ainews/server/services/DatabaseService.js:131:12)
    at DatabaseService.runMultiple (/home/tian/clawdbot/work/Ainews/server/services/DatabaseService.js:124:20) {
  errno: 1,
  code: 'SQLITE_ERROR',
  __augmented: true
}
开始更新新闻...
SQLite数据库连接成功: /home/tian/clawdbot/work/Ainews/server/data/ainews.db
更新新闻时发生严重错误: Error: SQLITE_ERROR: incomplete input
--> in Database#run('\n' +
  '\n' +
  '      -- 清理30天前的请求日志\n' +
  '      CREATE TRIGGER IF NOT EXISTS cleanup_old_logs\n' +
  '      AFTER INSERT ON request_logs\n' +
  '      BEGIN\n' +
  "        DELETE FROM request_logs WHERE request_time < datetime('now', '-30 days')", [], [Function (anonymous)])
    at /home/tian/clawdbot/work/Ainews/server/services/DatabaseService.js:132:15
    at new Promise (<anonymous>)
    at DatabaseService.run (/home/tian/clawdbot/work/Ainews/server/services/DatabaseService.js:131:12)
    at DatabaseService.runMultiple (/home/tian/clawdbot/work/Ainews/server/services/DatabaseService.js:124:20) {
  errno: 1,
  code: 'SQLITE_ERROR',
  __augmented: true
}
调度自动恢复，5分钟后重试...
❌ 恢复初始化失败: Error: SQLITE_ERROR: incomplete input
--> in Database#run('\n' +
  '\n' +
  '      -- 清理30天前的请求日志\n' +
  '      CREATE TRIGGER IF NOT EXISTS cleanup_old_logs\n' +
  '      AFTER INSERT ON request_logs\n' +
  '      BEGIN\n' +
  "        DELETE FROM request_logs WHERE request_time < datetime('now', '-30 days')", [], [Function (anonymous)])
    at /home/tian/clawdbot/work/Ainews/server/services/DatabaseService.js:132:15
    at new Promise (<anonymous>)
    at DatabaseService.run (/home/tian/clawdbot/work/Ainews/server/services/DatabaseService.js:131:12)
    at DatabaseService.runMultiple (/home/tian/clawdbot/work/Ainews/server/services/DatabaseService.js:124:20) {
  errno: 1,
  code: 'SQLITE_ERROR',
  __augmented: true
}
📅 调度初始化恢复，2分钟后重试...
执行自动恢复...
开始更新新闻...
SQLite数据库连接成功: /home/tian/clawdbot/work/Ainews/server/data/ainews.db
更新新闻时发生严重错误: Error: SQLITE_ERROR: incomplete input
--> in Database#run('\n' +
  '\n' +
  '      -- 清理30天前的请求日志\n' +
  '      CREATE TRIGGER IF NOT EXISTS cleanup_old_logs\n' +
  '      AFTER INSERT ON request_logs\n' +
  '      BEGIN\n' +
  "        DELETE FROM request_logs WHERE request_time < datetime('now', '-30 days')", [], [Function (anonymous)])
    at /home/tian/clawdbot/work/Ainews/server/services/DatabaseService.js:132:15
    at new Promise (<anonymous>)
    at DatabaseService.run (/home/tian/clawdbot/work/Ainews/server/services/DatabaseService.js:131:12)
    at DatabaseService.runMultiple (/home/tian/clawdbot/work/Ainews/server/services/DatabaseService.js:124:20) {
  errno: 1,
  code: 'SQLITE_ERROR',
  __augmented: true
}
调度自动恢复，5分钟后重试...
自动恢复失败: Error: SQLITE_ERROR: incomplete input
--> in Database#run('\n' +
  '\n' +
  '      -- 清理30天前的请求日志\n' +
  '      CREATE TRIGGER IF NOT EXISTS cleanup_old_logs\n' +
  '      AFTER INSERT ON request_logs\n' +
  '      BEGIN\n' +
  "        DELETE FROM request_logs WHERE request_time < datetime('now', '-30 days')", [], [Function (anonymous)])
    at /home/tian/clawdbot/work/Ainews/server/services/DatabaseService.js:132:15
    at new Promise (<anonymous>)
    at DatabaseService.run (/home/tian/clawdbot/work/Ainews/server/services/DatabaseService.js:131:12)
    at DatabaseService.runMultiple (/home/tian/clawdbot/work/Ainews/server/services/DatabaseService.js:124:20) {
  errno: 1,
  code: 'SQLITE_ERROR',
  __augmented: true
}
执行自动恢复...
开始更新新闻...
SQLite数据库连接成功: /home/tian/clawdbot/work/Ainews/server/data/ainews.db
更新新闻时发生严重错误: Error: SQLITE_ERROR: incomplete input
--> in Database#run('\n' +
  '\n' +
  '      -- 清理30天前的请求日志\n' +
  '      CREATE TRIGGER IF NOT EXISTS cleanup_old_logs\n' +
  '      AFTER INSERT ON request_logs\n' +
  '      BEGIN\n' +
  "        DELETE FROM request_logs WHERE request_time < datetime('now', '-30 days')", [], [Function (anonymous)])
    at /home/tian/clawdbot/work/Ainews/server/services/DatabaseService.js:132:15
    at new Promise (<anonymous>)
    at DatabaseService.run (/home/tian/clawdbot/work/Ainews/server/services/DatabaseService.js:131:12)
    at DatabaseService.runMultiple (/home/tian/clawdbot/work/Ainews/server/services/DatabaseService.js:124:20) {
  errno: 1,
  code: 'SQLITE_ERROR',
  __augmented: true
}
调度自动恢复，5分钟后重试...
自动恢复失败: Error: SQLITE_ERROR: incomplete input
--> in Database#run('\n' +
  '\n' +
  '      -- 清理30天前的请求日志\n' +
  '      CREATE TRIGGER IF NOT EXISTS cleanup_old_logs\n' +
  '      AFTER INSERT ON request_logs\n' +
  '      BEGIN\n' +
  "        DELETE FROM request_logs WHERE request_time < datetime('now', '-30 days')", [], [Function (anonymous)])
    at /home/tian/clawdbot/work/Ainews/server/services/DatabaseService.js:132:15
    at new Promise (<anonymous>)
    at DatabaseService.run (/home/tian/clawdbot/work/Ainews/server/services/DatabaseService.js:131:12)
    at DatabaseService.runMultiple (/home/tian/clawdbot/work/Ainews/server/services/DatabaseService.js:124:20) {
  errno: 1,
  code: 'SQLITE_ERROR',
  __augmented: true
}
执行自动恢复...
开始更新新闻...
SQLite数据库连接成功: /home/tian/clawdbot/work/Ainews/server/data/ainews.db
更新新闻时发生严重错误: Error: SQLITE_ERROR: incomplete input
--> in Database#run('\n' +
  '\n' +
  '      -- 清理30天前的请求日志\n' +
  '      CREATE TRIGGER IF NOT EXISTS cleanup_old_logs\n' +
  '      AFTER INSERT ON request_logs\n' +
  '      BEGIN\n' +
  "        DELETE FROM request_logs WHERE request_time < datetime('now', '-30 days')", [], [Function (anonymous)])
    at /home/tian/clawdbot/work/Ainews/server/services/DatabaseService.js:132:15
    at new Promise (<anonymous>)
    at DatabaseService.run (/home/tian/clawdbot/work/Ainews/server/services/DatabaseService.js:131:12)
    at DatabaseService.runMultiple (/home/tian/clawdbot/work/Ainews/server/services/DatabaseService.js:124:20) {
  errno: 1,
  code: 'SQLITE_ERROR',
  __augmented: true
}
调度自动恢复，5分钟后重试...
自动恢复失败: Error: SQLITE_ERROR: incomplete input
--> in Database#run('\n' +
  '\n' +
  '      -- 清理30天前的请求日志\n' +
  '      CREATE TRIGGER IF NOT EXISTS cleanup_old_logs\n' +
  '      AFTER INSERT ON request_logs\n' +
  '      BEGIN\n' +
  "        DELETE FROM request_logs WHERE request_time < datetime('now', '-30 days')", [], [Function (anonymous)])
    at /home/tian/clawdbot/work/Ainews/server/services/DatabaseService.js:132:15
    at new Promise (<anonymous>)
    at DatabaseService.run (/home/tian/clawdbot/work/Ainews/server/services/DatabaseService.js:131:12)
    at DatabaseService.runMultiple (/home/tian/clawdbot/work/Ainews/server/services/DatabaseService.js:124:20) {
  errno: 1,
  code: 'SQLITE_ERROR',
  __augmented: true
}
执行自动恢复...
开始更新新闻...
SQLite数据库连接成功: /home/tian/clawdbot/work/Ainews/server/data/ainews.db
更新新闻时发生严重错误: Error: SQLITE_ERROR: incomplete input
--> in Database#run('\n' +
  '\n' +
  '      -- 清理30天前的请求日志\n' +
  '      CREATE TRIGGER IF NOT EXISTS cleanup_old_logs\n' +
  '      AFTER INSERT ON request_logs\n' +
  '      BEGIN\n' +
  "        DELETE FROM request_logs WHERE request_time < datetime('now', '-30 days')", [], [Function (anonymous)])
    at /home/tian/clawdbot/work/Ainews/server/services/DatabaseService.js:132:15
    at new Promise (<anonymous>)
    at DatabaseService.run (/home/tian/clawdbot/work/Ainews/server/services/DatabaseService.js:131:12)
    at DatabaseService.runMultiple (/home/tian/clawdbot/work/Ainews/server/services/DatabaseService.js:124:20) {
  errno: 1,
  code: 'SQLITE_ERROR',
  __augmented: true
}
调度自动恢复，5分钟后重试...
自动恢复失败: Error: SQLITE_ERROR: incomplete input
--> in Database#run('\n' +
  '\n' +
  '      -- 清理30天前的请求日志\n' +
  '      CREATE TRIGGER IF NOT EXISTS cleanup_old_logs\n' +
  '      AFTER INSERT ON request_logs\n' +
  '      BEGIN\n' +
  "        DELETE FROM request_logs WHERE request_time < datetime('now', '-30 days')", [], [Function (anonymous)])
    at /home/tian/clawdbot/work/Ainews/server/services/DatabaseService.js:132:15
    at new Promise (<anonymous>)
    at DatabaseService.run (/home/tian/clawdbot/work/Ainews/server/services/DatabaseService.js:131:12)
    at DatabaseService.runMultiple (/home/tian/clawdbot/work/Ainews/server/services/DatabaseService.js:124:20) {
  errno: 1,
  code: 'SQLITE_ERROR',
  __augmented: true
}
执行自动恢复...
开始更新新闻...
SQLite数据库连接成功: /home/tian/clawdbot/work/Ainews/server/data/ainews.db
更新新闻时发生严重错误: Error: SQLITE_ERROR: incomplete input
--> in Database#run('\n' +
  '\n' +
  '      -- 清理30天前的请求日志\n' +
  '      CREATE TRIGGER IF NOT EXISTS cleanup_old_logs\n' +
  '      AFTER INSERT ON request_logs\n' +
  '      BEGIN\n' +
  "        DELETE FROM request_logs WHERE request_time < datetime('now', '-30 days')", [], [Function (anonymous)])
    at /home/tian/clawdbot/work/Ainews/server/services/DatabaseService.js:132:15
    at new Promise (<anonymous>)
    at DatabaseService.run (/home/tian/clawdbot/work/Ainews/server/services/DatabaseService.js:131:12)
    at DatabaseService.runMultiple (/home/tian/clawdbot/work/Ainews/server/services/DatabaseService.js:124:20) {
  errno: 1,
  code: 'SQLITE_ERROR',
  __augmented: true
}
调度自动恢复，5分钟后重试...
自动恢复失败: Error: SQLITE_ERROR: incomplete input
--> in Database#run('\n' +
  '\n' +
  '      -- 清理30天前的请求日志\n' +
  '      CREATE TRIGGER IF NOT EXISTS cleanup_old_logs\n' +
  '      AFTER INSERT ON request_logs\n' +
  '      BEGIN\n' +
  "        DELETE FROM request_logs WHERE request_time < datetime('now', '-30 days')", [], [Function (anonymous)])
    at /home/tian/clawdbot/work/Ainews/server/services/DatabaseService.js:132:15
    at new Promise (<anonymous>)
    at DatabaseService.run (/home/tian/clawdbot/work/Ainews/server/services/DatabaseService.js:131:12)
    at DatabaseService.runMultiple (/home/tian/clawdbot/work/Ainews/server/services/DatabaseService.js:124:20) {
  errno: 1,
  code: 'SQLITE_ERROR',
  __augmented: true
}
执行自动恢复...
开始更新新闻...
SQLite数据库连接成功: /home/tian/clawdbot/work/Ainews/server/data/ainews.db
更新新闻时发生严重错误: Error: SQLITE_ERROR: incomplete input
--> in Database#run('\n' +
  '\n' +
  '      -- 清理30天前的请求日志\n' +
  '      CREATE TRIGGER IF NOT EXISTS cleanup_old_logs\n' +
  '      AFTER INSERT ON request_logs\n' +
  '      BEGIN\n' +
  "        DELETE FROM request_logs WHERE request_time < datetime('now', '-30 days')", [], [Function (anonymous)])
    at /home/tian/clawdbot/work/Ainews/server/services/DatabaseService.js:132:15
    at new Promise (<anonymous>)
    at DatabaseService.run (/home/tian/clawdbot/work/Ainews/server/services/DatabaseService.js:131:12)
    at DatabaseService.runMultiple (/home/tian/clawdbot/work/Ainews/server/services/DatabaseService.js:124:20) {
  errno: 1,
  code: 'SQLITE_ERROR',
  __augmented: true
}
调度自动恢复，5分钟后重试...
自动恢复失败: Error: SQLITE_ERROR: incomplete input
--> in Database#run('\n' +
  '\n' +
  '      -- 清理30天前的请求日志\n' +
  '      CREATE TRIGGER IF NOT EXISTS cleanup_old_logs\n' +
  '      AFTER INSERT ON request_logs\n' +
  '      BEGIN\n' +
  "        DELETE FROM request_logs WHERE request_time < datetime('now', '-30 days')", [], [Function (anonymous)])
    at /home/tian/clawdbot/work/Ainews/server/services/DatabaseService.js:132:15
    at new Promise (<anonymous>)
    at DatabaseService.run (/home/tian/clawdbot/work/Ainews/server/services/DatabaseService.js:131:12)
    at DatabaseService.runMultiple (/home/tian/clawdbot/work/Ainews/server/services/DatabaseService.js:124:20) {
  errno: 1,
  code: 'SQLITE_ERROR',
  __augmented: true
}
执行自动恢复...
开始更新新闻...
SQLite数据库连接成功: /home/tian/clawdbot/work/Ainews/server/data/ainews.db
更新新闻时发生严重错误: Error: SQLITE_ERROR: incomplete input
--> in Database#run('\n' +
  '\n' +
  '      -- 清理30天前的请求日志\n' +
  '      CREATE TRIGGER IF NOT EXISTS cleanup_old_logs\n' +
  '      AFTER INSERT ON request_logs\n' +
  '      BEGIN\n' +
  "        DELETE FROM request_logs WHERE request_time < datetime('now', '-30 days')", [], [Function (anonymous)])
    at /home/tian/clawdbot/work/Ainews/server/services/DatabaseService.js:132:15
    at new Promise (<anonymous>)
    at DatabaseService.run (/home/tian/clawdbot/work/Ainews/server/services/DatabaseService.js:131:12)
    at DatabaseService.runMultiple (/home/tian/clawdbot/work/Ainews/server/services/DatabaseService.js:124:20) {
  errno: 1,
  code: 'SQLITE_ERROR',
  __augmented: true
}
调度自动恢复，5分钟后重试...
自动恢复失败: Error: SQLITE_ERROR: incomplete input
--> in Database#run('\n' +
  '\n' +
  '      -- 清理30天前的请求日志\n' +
  '      CREATE TRIGGER IF NOT EXISTS cleanup_old_logs\n' +
  '      AFTER INSERT ON request_logs\n' +
  '      BEGIN\n' +
  "        DELETE FROM request_logs WHERE request_time < datetime('now', '-30 days')", [], [Function (anonymous)])
    at /home/tian/clawdbot/work/Ainews/server/services/DatabaseService.js:132:15
    at new Promise (<anonymous>)
    at DatabaseService.run (/home/tian/clawdbot/work/Ainews/server/services/DatabaseService.js:131:12)
    at DatabaseService.runMultiple (/home/tian/clawdbot/work/Ainews/server/services/DatabaseService.js:124:20) {
  errno: 1,
  code: 'SQLITE_ERROR',
  __augmented: true
}
执行自动恢复...
开始更新新闻...
SQLite数据库连接成功: /home/tian/clawdbot/work/Ainews/server/data/ainews.db
更新新闻时发生严重错误: Error: SQLITE_ERROR: incomplete input
--> in Database#run('\n' +
  '\n' +
  '      -- 清理30天前的请求日志\n' +
  '      CREATE TRIGGER IF NOT EXISTS cleanup_old_logs\n' +
  '      AFTER INSERT ON request_logs\n' +
  '      BEGIN\n' +
  "        DELETE FROM request_logs WHERE request_time < datetime('now', '-30 days')", [], [Function (anonymous)])
    at /home/tian/clawdbot/work/Ainews/server/services/DatabaseService.js:132:15
    at new Promise (<anonymous>)
    at DatabaseService.run (/home/tian/clawdbot/work/Ainews/server/services/DatabaseService.js:131:12)
    at DatabaseService.runMultiple (/home/tian/clawdbot/work/Ainews/server/services/DatabaseService.js:124:20) {
  errno: 1,
  code: 'SQLITE_ERROR',
  __augmented: true
}
调度自动恢复，5分钟后重试...
自动恢复失败: Error: SQLITE_ERROR: incomplete input
--> in Database#run('\n' +
  '\n' +
  '      -- 清理30天前的请求日志\n' +
  '      CREATE TRIGGER IF NOT EXISTS cleanup_old_logs\n' +
  '      AFTER INSERT ON request_logs\n' +
  '      BEGIN\n' +
  "        DELETE FROM request_logs WHERE request_time < datetime('now', '-30 days')", [], [Function (anonymous)])
    at /home/tian/clawdbot/work/Ainews/server/services/DatabaseService.js:132:15
    at new Promise (<anonymous>)
    at DatabaseService.run (/home/tian/clawdbot/work/Ainews/server/services/DatabaseService.js:131:12)
    at DatabaseService.runMultiple (/home/tian/clawdbot/work/Ainews/server/services/DatabaseService.js:124:20) {
  errno: 1,
  code: 'SQLITE_ERROR',
  __augmented: true
}
开始更新新闻...
SQLite数据库连接成功: /home/tian/clawdbot/work/Ainews/server/data/ainews.db
更新新闻时发生严重错误: Error: SQLITE_ERROR: incomplete input
--> in Database#run('\n' +
  '\n' +
  '      -- 清理30天前的请求日志\n' +
  '      CREATE TRIGGER IF NOT EXISTS cleanup_old_logs\n' +
  '      AFTER INSERT ON request_logs\n' +
  '      BEGIN\n' +
  "        DELETE FROM request_logs WHERE request_time < datetime('now', '-30 days')", [], [Function (anonymous)])
    at /home/tian/clawdbot/work/Ainews/server/services/DatabaseService.js:132:15
    at new Promise (<anonymous>)
    at DatabaseService.run (/home/tian/clawdbot/work/Ainews/server/services/DatabaseService.js:131:12)
    at DatabaseService.runMultiple (/home/tian/clawdbot/work/Ainews/server/services/DatabaseService.js:124:20) {
  errno: 1,
  code: 'SQLITE_ERROR',
  __augmented: true
}
调度自动恢复，5分钟后重试...
❌ 恢复初始化失败: Error: SQLITE_ERROR: incomplete input
--> in Database#run('\n' +
  '\n' +
  '      -- 清理30天前的请求日志\n' +
  '      CREATE TRIGGER IF NOT EXISTS cleanup_old_logs\n' +
  '      AFTER INSERT ON request_logs\n' +
  '      BEGIN\n' +
  "        DELETE FROM request_logs WHERE request_time < datetime('now', '-30 days')", [], [Function (anonymous)])
    at /home/tian/clawdbot/work/Ainews/server/services/DatabaseService.js:132:15
    at new Promise (<anonymous>)
    at DatabaseService.run (/home/tian/clawdbot/work/Ainews/server/services/DatabaseService.js:131:12)
    at DatabaseService.runMultiple (/home/tian/clawdbot/work/Ainews/server/services/DatabaseService.js:124:20) {
  errno: 1,
  code: 'SQLITE_ERROR',
  __augmented: true
}
📅 调度初始化恢复，2分钟后重试...
执行自动恢复...
开始更新新闻...
SQLite数据库连接成功: /home/tian/clawdbot/work/Ainews/server/data/ainews.db
更新新闻时发生严重错误: Error: SQLITE_ERROR: incomplete input
--> in Database#run('\n' +
  '\n' +
  '      -- 清理30天前的请求日志\n' +
  '      CREATE TRIGGER IF NOT EXISTS cleanup_old_logs\n' +
  '      AFTER INSERT ON request_logs\n' +
  '      BEGIN\n' +
  "        DELETE FROM request_logs WHERE request_time < datetime('now', '-30 days')", [], [Function (anonymous)])
    at /home/tian/clawdbot/work/Ainews/server/services/DatabaseService.js:132:15
    at new Promise (<anonymous>)
    at DatabaseService.run (/home/tian/clawdbot/work/Ainews/server/services/DatabaseService.js:131:12)
    at DatabaseService.runMultiple (/home/tian/clawdbot/work/Ainews/server/services/DatabaseService.js:124:20) {
  errno: 1,
  code: 'SQLITE_ERROR',
  __augmented: true
}
调度自动恢复，5分钟后重试...
自动恢复失败: Error: SQLITE_ERROR: incomplete input
--> in Database#run('\n' +
  '\n' +
  '      -- 清理30天前的请求日志\n' +
  '      CREATE TRIGGER IF NOT EXISTS cleanup_old_logs\n' +
  '      AFTER INSERT ON request_logs\n' +
  '      BEGIN\n' +
  "        DELETE FROM request_logs WHERE request_time < datetime('now', '-30 days')", [], [Function (anonymous)])
    at /home/tian/clawdbot/work/Ainews/server/services/DatabaseService.js:132:15
    at new Promise (<anonymous>)
    at DatabaseService.run (/home/tian/clawdbot/work/Ainews/server/services/DatabaseService.js:131:12)
    at DatabaseService.runMultiple (/home/tian/clawdbot/work/Ainews/server/services/DatabaseService.js:124:20) {
  errno: 1,
  code: 'SQLITE_ERROR',
  __augmented: true
}
🔄 执行增量更新...
开始更新新闻...
SQLite数据库连接成功: /home/tian/clawdbot/work/Ainews/server/data/ainews.db
更新新闻时发生严重错误: Error: SQLITE_ERROR: incomplete input
--> in Database#run('\n' +
  '\n' +
  '      -- 清理30天前的请求日志\n' +
  '      CREATE TRIGGER IF NOT EXISTS cleanup_old_logs\n' +
  '      AFTER INSERT ON request_logs\n' +
  '      BEGIN\n' +
  "        DELETE FROM request_logs WHERE request_time < datetime('now', '-30 days')", [], [Function (anonymous)])
    at /home/tian/clawdbot/work/Ainews/server/services/DatabaseService.js:132:15
    at new Promise (<anonymous>)
    at DatabaseService.run (/home/tian/clawdbot/work/Ainews/server/services/DatabaseService.js:131:12)
    at DatabaseService.runMultiple (/home/tian/clawdbot/work/Ainews/server/services/DatabaseService.js:124:20) {
  errno: 1,
  code: 'SQLITE_ERROR',
  __augmented: true
}
调度自动恢复，5分钟后重试...
❌ 增量更新失败: Error: SQLITE_ERROR: incomplete input
--> in Database#run('\n' +
  '\n' +
  '      -- 清理30天前的请求日志\n' +
  '      CREATE TRIGGER IF NOT EXISTS cleanup_old_logs\n' +
  '      AFTER INSERT ON request_logs\n' +
  '      BEGIN\n' +
  "        DELETE FROM request_logs WHERE request_time < datetime('now', '-30 days')", [], [Function (anonymous)])
    at /home/tian/clawdbot/work/Ainews/server/services/DatabaseService.js:132:15
    at new Promise (<anonymous>)
    at DatabaseService.run (/home/tian/clawdbot/work/Ainews/server/services/DatabaseService.js:131:12)
    at DatabaseService.runMultiple (/home/tian/clawdbot/work/Ainews/server/services/DatabaseService.js:124:20) {
  errno: 1,
  code: 'SQLITE_ERROR',
  __augmented: true
}
执行自动恢复...
执行自动恢复...
执行自动恢复...
执行自动恢复...
开始更新新闻...
更新正在进行中，跳过此次请求
更新正在进行中，跳过此次请求
更新正在进行中，跳过此次请求
SQLite数据库连接成功: /home/tian/clawdbot/work/Ainews/server/data/ainews.db
更新新闻时发生严重错误: Error: SQLITE_ERROR: incomplete input
--> in Database#run('\n' +
  '\n' +
  '      -- 清理30天前的请求日志\n' +
  '      CREATE TRIGGER IF NOT EXISTS cleanup_old_logs\n' +
  '      AFTER INSERT ON request_logs\n' +
  '      BEGIN\n' +
  "        DELETE FROM request_logs WHERE request_time < datetime('now', '-30 days')", [], [Function (anonymous)])
    at /home/tian/clawdbot/work/Ainews/server/services/DatabaseService.js:132:15
    at new Promise (<anonymous>)
    at DatabaseService.run (/home/tian/clawdbot/work/Ainews/server/services/DatabaseService.js:131:12)
    at DatabaseService.runMultiple (/home/tian/clawdbot/work/Ainews/server/services/DatabaseService.js:124:20) {
  errno: 1,
  code: 'SQLITE_ERROR',
  __augmented: true
}
调度自动恢复，5分钟后重试...
自动恢复失败: Error: SQLITE_ERROR: incomplete input
--> in Database#run('\n' +
  '\n' +
  '      -- 清理30天前的请求日志\n' +
  '      CREATE TRIGGER IF NOT EXISTS cleanup_old_logs\n' +
  '      AFTER INSERT ON request_logs\n' +
  '      BEGIN\n' +
  "        DELETE FROM request_logs WHERE request_time < datetime('now', '-30 days')", [], [Function (anonymous)])
    at /home/tian/clawdbot/work/Ainews/server/services/DatabaseService.js:132:15
    at new Promise (<anonymous>)
    at DatabaseService.run (/home/tian/clawdbot/work/Ainews/server/services/DatabaseService.js:131:12)
    at DatabaseService.runMultiple (/home/tian/clawdbot/work/Ainews/server/services/DatabaseService.js:124:20) {
  errno: 1,
  code: 'SQLITE_ERROR',
  __augmented: true
}
执行自动恢复...
开始更新新闻...
SQLite数据库连接成功: /home/tian/clawdbot/work/Ainews/server/data/ainews.db
更新新闻时发生严重错误: Error: SQLITE_ERROR: incomplete input
--> in Database#run('\n' +
  '\n' +
  '      -- 清理30天前的请求日志\n' +
  '      CREATE TRIGGER IF NOT EXISTS cleanup_old_logs\n' +
  '      AFTER INSERT ON request_logs\n' +
  '      BEGIN\n' +
  "        DELETE FROM request_logs WHERE request_time < datetime('now', '-30 days')", [], [Function (anonymous)])
    at /home/tian/clawdbot/work/Ainews/server/services/DatabaseService.js:132:15
    at new Promise (<anonymous>)
    at DatabaseService.run (/home/tian/clawdbot/work/Ainews/server/services/DatabaseService.js:131:12)
    at DatabaseService.runMultiple (/home/tian/clawdbot/work/Ainews/server/services/DatabaseService.js:124:20) {
  errno: 1,
  code: 'SQLITE_ERROR',
  __augmented: true
}
调度自动恢复，5分钟后重试...
自动恢复失败: Error: SQLITE_ERROR: incomplete input
--> in Database#run('\n' +
  '\n' +
  '      -- 清理30天前的请求日志\n' +
  '      CREATE TRIGGER IF NOT EXISTS cleanup_old_logs\n' +
  '      AFTER INSERT ON request_logs\n' +
  '      BEGIN\n' +
  "        DELETE FROM request_logs WHERE request_time < datetime('now', '-30 days')", [], [Function (anonymous)])
    at /home/tian/clawdbot/work/Ainews/server/services/DatabaseService.js:132:15
    at new Promise (<anonymous>)
    at DatabaseService.run (/home/tian/clawdbot/work/Ainews/server/services/DatabaseService.js:131:12)
    at DatabaseService.runMultiple (/home/tian/clawdbot/work/Ainews/server/services/DatabaseService.js:124:20) {
  errno: 1,
  code: 'SQLITE_ERROR',
  __augmented: true
}
执行自动恢复...
开始更新新闻...
SQLite数据库连接成功: /home/tian/clawdbot/work/Ainews/server/data/ainews.db
更新新闻时发生严重错误: Error: SQLITE_ERROR: incomplete input
--> in Database#run('\n' +
  '\n' +
  '      -- 清理30天前的请求日志\n' +
  '      CREATE TRIGGER IF NOT EXISTS cleanup_old_logs\n' +
  '      AFTER INSERT ON request_logs\n' +
  '      BEGIN\n' +
  "        DELETE FROM request_logs WHERE request_time < datetime('now', '-30 days')", [], [Function (anonymous)])
    at /home/tian/clawdbot/work/Ainews/server/services/DatabaseService.js:132:15
    at new Promise (<anonymous>)
    at DatabaseService.run (/home/tian/clawdbot/work/Ainews/server/services/DatabaseService.js:131:12)
    at DatabaseService.runMultiple (/home/tian/clawdbot/work/Ainews/server/services/DatabaseService.js:124:20) {
  errno: 1,
  code: 'SQLITE_ERROR',
  __augmented: true
}
调度自动恢复，5分钟后重试...
自动恢复失败: Error: SQLITE_ERROR: incomplete input
--> in Database#run('\n' +
  '\n' +
  '      -- 清理30天前的请求日志\n' +
  '      CREATE TRIGGER IF NOT EXISTS cleanup_old_logs\n' +
  '      AFTER INSERT ON request_logs\n' +
  '      BEGIN\n' +
  "        DELETE FROM request_logs WHERE request_time < datetime('now', '-30 days')", [], [Function (anonymous)])
    at /home/tian/clawdbot/work/Ainews/server/services/DatabaseService.js:132:15
    at new Promise (<anonymous>)
    at DatabaseService.run (/home/tian/clawdbot/work/Ainews/server/services/DatabaseService.js:131:12)
    at DatabaseService.runMultiple (/home/tian/clawdbot/work/Ainews/server/services/DatabaseService.js:124:20) {
  errno: 1,
  code: 'SQLITE_ERROR',
  __augmented: true
}
执行自动恢复...
开始更新新闻...
SQLite数据库连接成功: /home/tian/clawdbot/work/Ainews/server/data/ainews.db
更新新闻时发生严重错误: Error: SQLITE_ERROR: incomplete input
--> in Database#run('\n' +
  '\n' +
  '      -- 清理30天前的请求日志\n' +
  '      CREATE TRIGGER IF NOT EXISTS cleanup_old_logs\n' +
  '      AFTER INSERT ON request_logs\n' +
  '      BEGIN\n' +
  "        DELETE FROM request_logs WHERE request_time < datetime('now', '-30 days')", [], [Function (anonymous)])
    at /home/tian/clawdbot/work/Ainews/server/services/DatabaseService.js:132:15
    at new Promise (<anonymous>)
    at DatabaseService.run (/home/tian/clawdbot/work/Ainews/server/services/DatabaseService.js:131:12)
    at DatabaseService.runMultiple (/home/tian/clawdbot/work/Ainews/server/services/DatabaseService.js:124:20) {
  errno: 1,
  code: 'SQLITE_ERROR',
  __augmented: true
}
调度自动恢复，5分钟后重试...
自动恢复失败: Error: SQLITE_ERROR: incomplete input
--> in Database#run('\n' +
  '\n' +
  '      -- 清理30天前的请求日志\n' +
  '      CREATE TRIGGER IF NOT EXISTS cleanup_old_logs\n' +
  '      AFTER INSERT ON request_logs\n' +
  '      BEGIN\n' +
  "        DELETE FROM request_logs WHERE request_time < datetime('now', '-30 days')", [], [Function (anonymous)])
    at /home/tian/clawdbot/work/Ainews/server/services/DatabaseService.js:132:15
    at new Promise (<anonymous>)
    at DatabaseService.run (/home/tian/clawdbot/work/Ainews/server/services/DatabaseService.js:131:12)
    at DatabaseService.runMultiple (/home/tian/clawdbot/work/Ainews/server/services/DatabaseService.js:124:20) {
  errno: 1,
  code: 'SQLITE_ERROR',
  __augmented: true
}
执行自动恢复...
开始更新新闻...
SQLite数据库连接成功: /home/tian/clawdbot/work/Ainews/server/data/ainews.db
更新新闻时发生严重错误: Error: SQLITE_ERROR: incomplete input
--> in Database#run('\n' +
  '\n' +
  '      -- 清理30天前的请求日志\n' +
  '      CREATE TRIGGER IF NOT EXISTS cleanup_old_logs\n' +
  '      AFTER INSERT ON request_logs\n' +
  '      BEGIN\n' +
  "        DELETE FROM request_logs WHERE request_time < datetime('now', '-30 days')", [], [Function (anonymous)])
    at /home/tian/clawdbot/work/Ainews/server/services/DatabaseService.js:132:15
    at new Promise (<anonymous>)
    at DatabaseService.run (/home/tian/clawdbot/work/Ainews/server/services/DatabaseService.js:131:12)
    at DatabaseService.runMultiple (/home/tian/clawdbot/work/Ainews/server/services/DatabaseService.js:124:20) {
  errno: 1,
  code: 'SQLITE_ERROR',
  __augmented: true
}
调度自动恢复，5分钟后重试...
自动恢复失败: Error: SQLITE_ERROR: incomplete input
--> in Database#run('\n' +
  '\n' +
  '      -- 清理30天前的请求日志\n' +
  '      CREATE TRIGGER IF NOT EXISTS cleanup_old_logs\n' +
  '      AFTER INSERT ON request_logs\n' +
  '      BEGIN\n' +
  "        DELETE FROM request_logs WHERE request_time < datetime('now', '-30 days')", [], [Function (anonymous)])
    at /home/tian/clawdbot/work/Ainews/server/services/DatabaseService.js:132:15
    at new Promise (<anonymous>)
    at DatabaseService.run (/home/tian/clawdbot/work/Ainews/server/services/DatabaseService.js:131:12)
    at DatabaseService.runMultiple (/home/tian/clawdbot/work/Ainews/server/services/DatabaseService.js:124:20) {
  errno: 1,
  code: 'SQLITE_ERROR',
  __augmented: true
}
开始更新新闻...
SQLite数据库连接成功: /home/tian/clawdbot/work/Ainews/server/data/ainews.db
更新新闻时发生严重错误: Error: SQLITE_ERROR: incomplete input
--> in Database#run('\n' +
  '\n' +
  '      -- 清理30天前的请求日志\n' +
  '      CREATE TRIGGER IF NOT EXISTS cleanup_old_logs\n' +
  '      AFTER INSERT ON request_logs\n' +
  '      BEGIN\n' +
  "        DELETE FROM request_logs WHERE request_time < datetime('now', '-30 days')", [], [Function (anonymous)])
    at /home/tian/clawdbot/work/Ainews/server/services/DatabaseService.js:132:15
    at new Promise (<anonymous>)
    at DatabaseService.run (/home/tian/clawdbot/work/Ainews/server/services/DatabaseService.js:131:12)
    at DatabaseService.runMultiple (/home/tian/clawdbot/work/Ainews/server/services/DatabaseService.js:124:20) {
  errno: 1,
  code: 'SQLITE_ERROR',
  __augmented: true
}
调度自动恢复，5分钟后重试...
❌ 恢复初始化失败: Error: SQLITE_ERROR: incomplete input
--> in Database#run('\n' +
  '\n' +
  '      -- 清理30天前的请求日志\n' +
  '      CREATE TRIGGER IF NOT EXISTS cleanup_old_logs\n' +
  '      AFTER INSERT ON request_logs\n' +
  '      BEGIN\n' +
  "        DELETE FROM request_logs WHERE request_time < datetime('now', '-30 days')", [], [Function (anonymous)])
    at /home/tian/clawdbot/work/Ainews/server/services/DatabaseService.js:132:15
    at new Promise (<anonymous>)
    at DatabaseService.run (/home/tian/clawdbot/work/Ainews/server/services/DatabaseService.js:131:12)
    at DatabaseService.runMultiple (/home/tian/clawdbot/work/Ainews/server/services/DatabaseService.js:124:20) {
  errno: 1,
  code: 'SQLITE_ERROR',
  __augmented: true
}
📅 调度初始化恢复，2分钟后重试...
执行自动恢复...
开始更新新闻...
SQLite数据库连接成功: /home/tian/clawdbot/work/Ainews/server/data/ainews.db
更新新闻时发生严重错误: Error: SQLITE_ERROR: incomplete input
--> in Database#run('\n' +
  '\n' +
  '      -- 清理30天前的请求日志\n' +
  '      CREATE TRIGGER IF NOT EXISTS cleanup_old_logs\n' +
  '      AFTER INSERT ON request_logs\n' +
  '      BEGIN\n' +
  "        DELETE FROM request_logs WHERE request_time < datetime('now', '-30 days')", [], [Function (anonymous)])
    at /home/tian/clawdbot/work/Ainews/server/services/DatabaseService.js:132:15
    at new Promise (<anonymous>)
    at DatabaseService.run (/home/tian/clawdbot/work/Ainews/server/services/DatabaseService.js:131:12)
    at DatabaseService.runMultiple (/home/tian/clawdbot/work/Ainews/server/services/DatabaseService.js:124:20) {
  errno: 1,
  code: 'SQLITE_ERROR',
  __augmented: true
}
调度自动恢复，5分钟后重试...
自动恢复失败: Error: SQLITE_ERROR: incomplete input
--> in Database#run('\n' +
  '\n' +
  '      -- 清理30天前的请求日志\n' +
  '      CREATE TRIGGER IF NOT EXISTS cleanup_old_logs\n' +
  '      AFTER INSERT ON request_logs\n' +
  '      BEGIN\n' +
  "        DELETE FROM request_logs WHERE request_time < datetime('now', '-30 days')", [], [Function (anonymous)])
    at /home/tian/clawdbot/work/Ainews/server/services/DatabaseService.js:132:15
    at new Promise (<anonymous>)
    at DatabaseService.run (/home/tian/clawdbot/work/Ainews/server/services/DatabaseService.js:131:12)
    at DatabaseService.runMultiple (/home/tian/clawdbot/work/Ainews/server/services/DatabaseService.js:124:20) {
  errno: 1,
  code: 'SQLITE_ERROR',
  __augmented: true
}
执行自动恢复...
开始更新新闻...
SQLite数据库连接成功: /home/tian/clawdbot/work/Ainews/server/data/ainews.db
更新新闻时发生严重错误: Error: SQLITE_ERROR: incomplete input
--> in Database#run('\n' +
  '\n' +
  '      -- 清理30天前的请求日志\n' +
  '      CREATE TRIGGER IF NOT EXISTS cleanup_old_logs\n' +
  '      AFTER INSERT ON request_logs\n' +
  '      BEGIN\n' +
  "        DELETE FROM request_logs WHERE request_time < datetime('now', '-30 days')", [], [Function (anonymous)])
    at /home/tian/clawdbot/work/Ainews/server/services/DatabaseService.js:132:15
    at new Promise (<anonymous>)
    at DatabaseService.run (/home/tian/clawdbot/work/Ainews/server/services/DatabaseService.js:131:12)
    at DatabaseService.runMultiple (/home/tian/clawdbot/work/Ainews/server/services/DatabaseService.js:124:20) {
  errno: 1,
  code: 'SQLITE_ERROR',
  __augmented: true
}
调度自动恢复，5分钟后重试...
自动恢复失败: Error: SQLITE_ERROR: incomplete input
--> in Database#run('\n' +
  '\n' +
  '      -- 清理30天前的请求日志\n' +
  '      CREATE TRIGGER IF NOT EXISTS cleanup_old_logs\n' +
  '      AFTER INSERT ON request_logs\n' +
  '      BEGIN\n' +
  "        DELETE FROM request_logs WHERE request_time < datetime('now', '-30 days')", [], [Function (anonymous)])
    at /home/tian/clawdbot/work/Ainews/server/services/DatabaseService.js:132:15
    at new Promise (<anonymous>)
    at DatabaseService.run (/home/tian/clawdbot/work/Ainews/server/services/DatabaseService.js:131:12)
    at DatabaseService.runMultiple (/home/tian/clawdbot/work/Ainews/server/services/DatabaseService.js:124:20) {
  errno: 1,
  code: 'SQLITE_ERROR',
  __augmented: true
}
执行自动恢复...
开始更新新闻...
SQLite数据库连接成功: /home/tian/clawdbot/work/Ainews/server/data/ainews.db
更新新闻时发生严重错误: Error: SQLITE_ERROR: incomplete input
--> in Database#run('\n' +
  '\n' +
  '      -- 清理30天前的请求日志\n' +
  '      CREATE TRIGGER IF NOT EXISTS cleanup_old_logs\n' +
  '      AFTER INSERT ON request_logs\n' +
  '      BEGIN\n' +
  "        DELETE FROM request_logs WHERE request_time < datetime('now', '-30 days')", [], [Function (anonymous)])
    at /home/tian/clawdbot/work/Ainews/server/services/DatabaseService.js:132:15
    at new Promise (<anonymous>)
    at DatabaseService.run (/home/tian/clawdbot/work/Ainews/server/services/DatabaseService.js:131:12)
    at DatabaseService.runMultiple (/home/tian/clawdbot/work/Ainews/server/services/DatabaseService.js:124:20) {
  errno: 1,
  code: 'SQLITE_ERROR',
  __augmented: true
}
调度自动恢复，5分钟后重试...
自动恢复失败: Error: SQLITE_ERROR: incomplete input
--> in Database#run('\n' +
  '\n' +
  '      -- 清理30天前的请求日志\n' +
  '      CREATE TRIGGER IF NOT EXISTS cleanup_old_logs\n' +
  '      AFTER INSERT ON request_logs\n' +
  '      BEGIN\n' +
  "        DELETE FROM request_logs WHERE request_time < datetime('now', '-30 days')", [], [Function (anonymous)])
    at /home/tian/clawdbot/work/Ainews/server/services/DatabaseService.js:132:15
    at new Promise (<anonymous>)
    at DatabaseService.run (/home/tian/clawdbot/work/Ainews/server/services/DatabaseService.js:131:12)
    at DatabaseService.runMultiple (/home/tian/clawdbot/work/Ainews/server/services/DatabaseService.js:124:20) {
  errno: 1,
  code: 'SQLITE_ERROR',
  __augmented: true
}
执行自动恢复...
开始更新新闻...
SQLite数据库连接成功: /home/tian/clawdbot/work/Ainews/server/data/ainews.db
更新新闻时发生严重错误: Error: SQLITE_ERROR: incomplete input
--> in Database#run('\n' +
  '\n' +
  '      -- 清理30天前的请求日志\n' +
  '      CREATE TRIGGER IF NOT EXISTS cleanup_old_logs\n' +
  '      AFTER INSERT ON request_logs\n' +
  '      BEGIN\n' +
  "        DELETE FROM request_logs WHERE request_time < datetime('now', '-30 days')", [], [Function (anonymous)])
    at /home/tian/clawdbot/work/Ainews/server/services/DatabaseService.js:132:15
    at new Promise (<anonymous>)
    at DatabaseService.run (/home/tian/clawdbot/work/Ainews/server/services/DatabaseService.js:131:12)
    at DatabaseService.runMultiple (/home/tian/clawdbot/work/Ainews/server/services/DatabaseService.js:124:20) {
  errno: 1,
  code: 'SQLITE_ERROR',
  __augmented: true
}
调度自动恢复，5分钟后重试...
自动恢复失败: Error: SQLITE_ERROR: incomplete input
--> in Database#run('\n' +
  '\n' +
  '      -- 清理30天前的请求日志\n' +
  '      CREATE TRIGGER IF NOT EXISTS cleanup_old_logs\n' +
  '      AFTER INSERT ON request_logs\n' +
  '      BEGIN\n' +
  "        DELETE FROM request_logs WHERE request_time < datetime('now', '-30 days')", [], [Function (anonymous)])
    at /home/tian/clawdbot/work/Ainews/server/services/DatabaseService.js:132:15
    at new Promise (<anonymous>)
    at DatabaseService.run (/home/tian/clawdbot/work/Ainews/server/services/DatabaseService.js:131:12)
    at DatabaseService.runMultiple (/home/tian/clawdbot/work/Ainews/server/services/DatabaseService.js:124:20) {
  errno: 1,
  code: 'SQLITE_ERROR',
  __augmented: true
}
执行自动恢复...
开始更新新闻...
SQLite数据库连接成功: /home/tian/clawdbot/work/Ainews/server/data/ainews.db
更新新闻时发生严重错误: Error: SQLITE_ERROR: incomplete input
--> in Database#run('\n' +
  '\n' +
  '      -- 清理30天前的请求日志\n' +
  '      CREATE TRIGGER IF NOT EXISTS cleanup_old_logs\n' +
  '      AFTER INSERT ON request_logs\n' +
  '      BEGIN\n' +
  "        DELETE FROM request_logs WHERE request_time < datetime('now', '-30 days')", [], [Function (anonymous)])
    at /home/tian/clawdbot/work/Ainews/server/services/DatabaseService.js:132:15
    at new Promise (<anonymous>)
    at DatabaseService.run (/home/tian/clawdbot/work/Ainews/server/services/DatabaseService.js:131:12)
    at DatabaseService.runMultiple (/home/tian/clawdbot/work/Ainews/server/services/DatabaseService.js:124:20) {
  errno: 1,
  code: 'SQLITE_ERROR',
  __augmented: true
}
调度自动恢复，5分钟后重试...
自动恢复失败: Error: SQLITE_ERROR: incomplete input
--> in Database#run('\n' +
  '\n' +
  '      -- 清理30天前的请求日志\n' +
  '      CREATE TRIGGER IF NOT EXISTS cleanup_old_logs\n' +
  '      AFTER INSERT ON request_logs\n' +
  '      BEGIN\n' +
  "        DELETE FROM request_logs WHERE request_time < datetime('now', '-30 days')", [], [Function (anonymous)])
    at /home/tian/clawdbot/work/Ainews/server/services/DatabaseService.js:132:15
    at new Promise (<anonymous>)
    at DatabaseService.run (/home/tian/clawdbot/work/Ainews/server/services/DatabaseService.js:131:12)
    at DatabaseService.runMultiple (/home/tian/clawdbot/work/Ainews/server/services/DatabaseService.js:124:20) {
  errno: 1,
  code: 'SQLITE_ERROR',
  __augmented: true
}
执行自动恢复...
开始更新新闻...
SQLite数据库连接成功: /home/tian/clawdbot/work/Ainews/server/data/ainews.db
更新新闻时发生严重错误: Error: SQLITE_ERROR: incomplete input
--> in Database#run('\n' +
  '\n' +
  '      -- 清理30天前的请求日志\n' +
  '      CREATE TRIGGER IF NOT EXISTS cleanup_old_logs\n' +
  '      AFTER INSERT ON request_logs\n' +
  '      BEGIN\n' +
  "        DELETE FROM request_logs WHERE request_time < datetime('now', '-30 days')", [], [Function (anonymous)])
    at /home/tian/clawdbot/work/Ainews/server/services/DatabaseService.js:132:15
    at new Promise (<anonymous>)
    at DatabaseService.run (/home/tian/clawdbot/work/Ainews/server/services/DatabaseService.js:131:12)
    at DatabaseService.runMultiple (/home/tian/clawdbot/work/Ainews/server/services/DatabaseService.js:124:20) {
  errno: 1,
  code: 'SQLITE_ERROR',
  __augmented: true
}
调度自动恢复，5分钟后重试...
自动恢复失败: Error: SQLITE_ERROR: incomplete input
--> in Database#run('\n' +
  '\n' +
  '      -- 清理30天前的请求日志\n' +
  '      CREATE TRIGGER IF NOT EXISTS cleanup_old_logs\n' +
  '      AFTER INSERT ON request_logs\n' +
  '      BEGIN\n' +
  "        DELETE FROM request_logs WHERE request_time < datetime('now', '-30 days')", [], [Function (anonymous)])
    at /home/tian/clawdbot/work/Ainews/server/services/DatabaseService.js:132:15
    at new Promise (<anonymous>)
    at DatabaseService.run (/home/tian/clawdbot/work/Ainews/server/services/DatabaseService.js:131:12)
    at DatabaseService.runMultiple (/home/tian/clawdbot/work/Ainews/server/services/DatabaseService.js:124:20) {
  errno: 1,
  code: 'SQLITE_ERROR',
  __augmented: true
}
执行自动恢复...
开始更新新闻...
SQLite数据库连接成功: /home/tian/clawdbot/work/Ainews/server/data/ainews.db
更新新闻时发生严重错误: Error: SQLITE_ERROR: incomplete input
--> in Database#run('\n' +
  '\n' +
  '      -- 清理30天前的请求日志\n' +
  '      CREATE TRIGGER IF NOT EXISTS cleanup_old_logs\n' +
  '      AFTER INSERT ON request_logs\n' +
  '      BEGIN\n' +
  "        DELETE FROM request_logs WHERE request_time < datetime('now', '-30 days')", [], [Function (anonymous)])
    at /home/tian/clawdbot/work/Ainews/server/services/DatabaseService.js:132:15
    at new Promise (<anonymous>)
    at DatabaseService.run (/home/tian/clawdbot/work/Ainews/server/services/DatabaseService.js:131:12)
    at DatabaseService.runMultiple (/home/tian/clawdbot/work/Ainews/server/services/DatabaseService.js:124:20) {
  errno: 1,
  code: 'SQLITE_ERROR',
  __augmented: true
}
调度自动恢复，5分钟后重试...
自动恢复失败: Error: SQLITE_ERROR: incomplete input
--> in Database#run('\n' +
  '\n' +
  '      -- 清理30天前的请求日志\n' +
  '      CREATE TRIGGER IF NOT EXISTS cleanup_old_logs\n' +
  '      AFTER INSERT ON request_logs\n' +
  '      BEGIN\n' +
  "        DELETE FROM request_logs WHERE request_time < datetime('now', '-30 days')", [], [Function (anonymous)])
    at /home/tian/clawdbot/work/Ainews/server/services/DatabaseService.js:132:15
    at new Promise (<anonymous>)
    at DatabaseService.run (/home/tian/clawdbot/work/Ainews/server/services/DatabaseService.js:131:12)
    at DatabaseService.runMultiple (/home/tian/clawdbot/work/Ainews/server/services/DatabaseService.js:124:20) {
  errno: 1,
  code: 'SQLITE_ERROR',
  __augmented: true
}
执行自动恢复...
开始更新新闻...
SQLite数据库连接成功: /home/tian/clawdbot/work/Ainews/server/data/ainews.db
更新新闻时发生严重错误: Error: SQLITE_ERROR: incomplete input
--> in Database#run('\n' +
  '\n' +
  '      -- 清理30天前的请求日志\n' +
  '      CREATE TRIGGER IF NOT EXISTS cleanup_old_logs\n' +
  '      AFTER INSERT ON request_logs\n' +
  '      BEGIN\n' +
  "        DELETE FROM request_logs WHERE request_time < datetime('now', '-30 days')", [], [Function (anonymous)])
    at /home/tian/clawdbot/work/Ainews/server/services/DatabaseService.js:132:15
    at new Promise (<anonymous>)
    at DatabaseService.run (/home/tian/clawdbot/work/Ainews/server/services/DatabaseService.js:131:12)
    at DatabaseService.runMultiple (/home/tian/clawdbot/work/Ainews/server/services/DatabaseService.js:124:20) {
  errno: 1,
  code: 'SQLITE_ERROR',
  __augmented: true
}
调度自动恢复，5分钟后重试...
自动恢复失败: Error: SQLITE_ERROR: incomplete input
--> in Database#run('\n' +
  '\n' +
  '      -- 清理30天前的请求日志\n' +
  '      CREATE TRIGGER IF NOT EXISTS cleanup_old_logs\n' +
  '      AFTER INSERT ON request_logs\n' +
  '      BEGIN\n' +
  "        DELETE FROM request_logs WHERE request_time < datetime('now', '-30 days')", [], [Function (anonymous)])
    at /home/tian/clawdbot/work/Ainews/server/services/DatabaseService.js:132:15
    at new Promise (<anonymous>)
    at DatabaseService.run (/home/tian/clawdbot/work/Ainews/server/services/DatabaseService.js:131:12)
    at DatabaseService.runMultiple (/home/tian/clawdbot/work/Ainews/server/services/DatabaseService.js:124:20) {
  errno: 1,
  code: 'SQLITE_ERROR',
  __augmented: true
}
执行自动恢复...
开始更新新闻...
SQLite数据库连接成功: /home/tian/clawdbot/work/Ainews/server/data/ainews.db
更新新闻时发生严重错误: Error: SQLITE_ERROR: incomplete input
--> in Database#run('\n' +
  '\n' +
  '      -- 清理30天前的请求日志\n' +
  '      CREATE TRIGGER IF NOT EXISTS cleanup_old_logs\n' +
  '      AFTER INSERT ON request_logs\n' +
  '      BEGIN\n' +
  "        DELETE FROM request_logs WHERE request_time < datetime('now', '-30 days')", [], [Function (anonymous)])
    at /home/tian/clawdbot/work/Ainews/server/services/DatabaseService.js:132:15
    at new Promise (<anonymous>)
    at DatabaseService.run (/home/tian/clawdbot/work/Ainews/server/services/DatabaseService.js:131:12)
    at DatabaseService.runMultiple (/home/tian/clawdbot/work/Ainews/server/services/DatabaseService.js:124:20) {
  errno: 1,
  code: 'SQLITE_ERROR',
  __augmented: true
}
调度自动恢复，5分钟后重试...
自动恢复失败: Error: SQLITE_ERROR: incomplete input
--> in Database#run('\n' +
  '\n' +
  '      -- 清理30天前的请求日志\n' +
  '      CREATE TRIGGER IF NOT EXISTS cleanup_old_logs\n' +
  '      AFTER INSERT ON request_logs\n' +
  '      BEGIN\n' +
  "        DELETE FROM request_logs WHERE request_time < datetime('now', '-30 days')", [], [Function (anonymous)])
    at /home/tian/clawdbot/work/Ainews/server/services/DatabaseService.js:132:15
    at new Promise (<anonymous>)
    at DatabaseService.run (/home/tian/clawdbot/work/Ainews/server/services/DatabaseService.js:131:12)
    at DatabaseService.runMultiple (/home/tian/clawdbot/work/Ainews/server/services/DatabaseService.js:124:20) {
  errno: 1,
  code: 'SQLITE_ERROR',
  __augmented: true
}
开始更新新闻...
SQLite数据库连接成功: /home/tian/clawdbot/work/Ainews/server/data/ainews.db
更新新闻时发生严重错误: Error: SQLITE_ERROR: incomplete input
--> in Database#run('\n' +
  '\n' +
  '      -- 清理30天前的请求日志\n' +
  '      CREATE TRIGGER IF NOT EXISTS cleanup_old_logs\n' +
  '      AFTER INSERT ON request_logs\n' +
  '      BEGIN\n' +
  "        DELETE FROM request_logs WHERE request_time < datetime('now', '-30 days')", [], [Function (anonymous)])
    at /home/tian/clawdbot/work/Ainews/server/services/DatabaseService.js:132:15
    at new Promise (<anonymous>)
    at DatabaseService.run (/home/tian/clawdbot/work/Ainews/server/services/DatabaseService.js:131:12)
    at DatabaseService.runMultiple (/home/tian/clawdbot/work/Ainews/server/services/DatabaseService.js:124:20) {
  errno: 1,
  code: 'SQLITE_ERROR',
  __augmented: true
}
调度自动恢复，5分钟后重试...
❌ 恢复初始化失败: Error: SQLITE_ERROR: incomplete input
--> in Database#run('\n' +
  '\n' +
  '      -- 清理30天前的请求日志\n' +
  '      CREATE TRIGGER IF NOT EXISTS cleanup_old_logs\n' +
  '      AFTER INSERT ON request_logs\n' +
  '      BEGIN\n' +
  "        DELETE FROM request_logs WHERE request_time < datetime('now', '-30 days')", [], [Function (anonymous)])
    at /home/tian/clawdbot/work/Ainews/server/services/DatabaseService.js:132:15
    at new Promise (<anonymous>)
    at DatabaseService.run (/home/tian/clawdbot/work/Ainews/server/services/DatabaseService.js:131:12)
    at DatabaseService.runMultiple (/home/tian/clawdbot/work/Ainews/server/services/DatabaseService.js:124:20) {
  errno: 1,
  code: 'SQLITE_ERROR',
  __augmented: true
}
📅 调度初始化恢复，2分钟后重试...
执行自动恢复...
开始更新新闻...
SQLite数据库连接成功: /home/tian/clawdbot/work/Ainews/server/data/ainews.db
更新新闻时发生严重错误: Error: SQLITE_ERROR: incomplete input
--> in Database#run('\n' +
  '\n' +
  '      -- 清理30天前的请求日志\n' +
  '      CREATE TRIGGER IF NOT EXISTS cleanup_old_logs\n' +
  '      AFTER INSERT ON request_logs\n' +
  '      BEGIN\n' +
  "        DELETE FROM request_logs WHERE request_time < datetime('now', '-30 days')", [], [Function (anonymous)])
    at /home/tian/clawdbot/work/Ainews/server/services/DatabaseService.js:132:15
    at new Promise (<anonymous>)
    at DatabaseService.run (/home/tian/clawdbot/work/Ainews/server/services/DatabaseService.js:131:12)
    at DatabaseService.runMultiple (/home/tian/clawdbot/work/Ainews/server/services/DatabaseService.js:124:20) {
  errno: 1,
  code: 'SQLITE_ERROR',
  __augmented: true
}
调度自动恢复，5分钟后重试...
自动恢复失败: Error: SQLITE_ERROR: incomplete input
--> in Database#run('\n' +
  '\n' +
  '      -- 清理30天前的请求日志\n' +
  '      CREATE TRIGGER IF NOT EXISTS cleanup_old_logs\n' +
  '      AFTER INSERT ON request_logs\n' +
  '      BEGIN\n' +
  "        DELETE FROM request_logs WHERE request_time < datetime('now', '-30 days')", [], [Function (anonymous)])
    at /home/tian/clawdbot/work/Ainews/server/services/DatabaseService.js:132:15
    at new Promise (<anonymous>)
    at DatabaseService.run (/home/tian/clawdbot/work/Ainews/server/services/DatabaseService.js:131:12)
    at DatabaseService.runMultiple (/home/tian/clawdbot/work/Ainews/server/services/DatabaseService.js:124:20) {
  errno: 1,
  code: 'SQLITE_ERROR',
  __augmented: true
}
执行自动恢复...
开始更新新闻...
SQLite数据库连接成功: /home/tian/clawdbot/work/Ainews/server/data/ainews.db
更新新闻时发生严重错误: Error: SQLITE_ERROR: incomplete input
--> in Database#run('\n' +
  '\n' +
  '      -- 清理30天前的请求日志\n' +
  '      CREATE TRIGGER IF NOT EXISTS cleanup_old_logs\n' +
  '      AFTER INSERT ON request_logs\n' +
  '      BEGIN\n' +
  "        DELETE FROM request_logs WHERE request_time < datetime('now', '-30 days')", [], [Function (anonymous)])
    at /home/tian/clawdbot/work/Ainews/server/services/DatabaseService.js:132:15
    at new Promise (<anonymous>)
    at DatabaseService.run (/home/tian/clawdbot/work/Ainews/server/services/DatabaseService.js:131:12)
    at DatabaseService.runMultiple (/home/tian/clawdbot/work/Ainews/server/services/DatabaseService.js:124:20) {
  errno: 1,
  code: 'SQLITE_ERROR',
  __augmented: true
}
调度自动恢复，5分钟后重试...
自动恢复失败: Error: SQLITE_ERROR: incomplete input
--> in Database#run('\n' +
  '\n' +
  '      -- 清理30天前的请求日志\n' +
  '      CREATE TRIGGER IF NOT EXISTS cleanup_old_logs\n' +
  '      AFTER INSERT ON request_logs\n' +
  '      BEGIN\n' +
  "        DELETE FROM request_logs WHERE request_time < datetime('now', '-30 days')", [], [Function (anonymous)])
    at /home/tian/clawdbot/work/Ainews/server/services/DatabaseService.js:132:15
    at new Promise (<anonymous>)
    at DatabaseService.run (/home/tian/clawdbot/work/Ainews/server/services/DatabaseService.js:131:12)
    at DatabaseService.runMultiple (/home/tian/clawdbot/work/Ainews/server/services/DatabaseService.js:124:20) {
  errno: 1,
  code: 'SQLITE_ERROR',
  __augmented: true
}
执行自动恢复...
开始更新新闻...
SQLite数据库连接成功: /home/tian/clawdbot/work/Ainews/server/data/ainews.db
更新新闻时发生严重错误: Error: SQLITE_ERROR: incomplete input
--> in Database#run('\n' +
  '\n' +
  '      -- 清理30天前的请求日志\n' +
  '      CREATE TRIGGER IF NOT EXISTS cleanup_old_logs\n' +
  '      AFTER INSERT ON request_logs\n' +
  '      BEGIN\n' +
  "        DELETE FROM request_logs WHERE request_time < datetime('now', '-30 days')", [], [Function (anonymous)])
    at /home/tian/clawdbot/work/Ainews/server/services/DatabaseService.js:132:15
    at new Promise (<anonymous>)
    at DatabaseService.run (/home/tian/clawdbot/work/Ainews/server/services/DatabaseService.js:131:12)
    at DatabaseService.runMultiple (/home/tian/clawdbot/work/Ainews/server/services/DatabaseService.js:124:20) {
  errno: 1,
  code: 'SQLITE_ERROR',
  __augmented: true
}
调度自动恢复，5分钟后重试...
自动恢复失败: Error: SQLITE_ERROR: incomplete input
--> in Database#run('\n' +
  '\n' +
  '      -- 清理30天前的请求日志\n' +
  '      CREATE TRIGGER IF NOT EXISTS cleanup_old_logs\n' +
  '      AFTER INSERT ON request_logs\n' +
  '      BEGIN\n' +
  "        DELETE FROM request_logs WHERE request_time < datetime('now', '-30 days')", [], [Function (anonymous)])
    at /home/tian/clawdbot/work/Ainews/server/services/DatabaseService.js:132:15
    at new Promise (<anonymous>)
    at DatabaseService.run (/home/tian/clawdbot/work/Ainews/server/services/DatabaseService.js:131:12)
    at DatabaseService.runMultiple (/home/tian/clawdbot/work/Ainews/server/services/DatabaseService.js:124:20) {
  errno: 1,
  code: 'SQLITE_ERROR',
  __augmented: true
}
执行自动恢复...
开始更新新闻...
SQLite数据库连接成功: /home/tian/clawdbot/work/Ainews/server/data/ainews.db
更新新闻时发生严重错误: Error: SQLITE_ERROR: incomplete input
--> in Database#run('\n' +
  '\n' +
  '      -- 清理30天前的请求日志\n' +
  '      CREATE TRIGGER IF NOT EXISTS cleanup_old_logs\n' +
  '      AFTER INSERT ON request_logs\n' +
  '      BEGIN\n' +
  "        DELETE FROM request_logs WHERE request_time < datetime('now', '-30 days')", [], [Function (anonymous)])
    at /home/tian/clawdbot/work/Ainews/server/services/DatabaseService.js:132:15
    at new Promise (<anonymous>)
    at DatabaseService.run (/home/tian/clawdbot/work/Ainews/server/services/DatabaseService.js:131:12)
    at DatabaseService.runMultiple (/home/tian/clawdbot/work/Ainews/server/services/DatabaseService.js:124:20) {
  errno: 1,
  code: 'SQLITE_ERROR',
  __augmented: true
}
调度自动恢复，5分钟后重试...
自动恢复失败: Error: SQLITE_ERROR: incomplete input
--> in Database#run('\n' +
  '\n' +
  '      -- 清理30天前的请求日志\n' +
  '      CREATE TRIGGER IF NOT EXISTS cleanup_old_logs\n' +
  '      AFTER INSERT ON request_logs\n' +
  '      BEGIN\n' +
  "        DELETE FROM request_logs WHERE request_time < datetime('now', '-30 days')", [], [Function (anonymous)])
    at /home/tian/clawdbot/work/Ainews/server/services/DatabaseService.js:132:15
    at new Promise (<anonymous>)
    at DatabaseService.run (/home/tian/clawdbot/work/Ainews/server/services/DatabaseService.js:131:12)
    at DatabaseService.runMultiple (/home/tian/clawdbot/work/Ainews/server/services/DatabaseService.js:124:20) {
  errno: 1,
  code: 'SQLITE_ERROR',
  __augmented: true
}
执行自动恢复...
开始更新新闻...
SQLite数据库连接成功: /home/tian/clawdbot/work/Ainews/server/data/ainews.db
更新新闻时发生严重错误: Error: SQLITE_ERROR: incomplete input
--> in Database#run('\n' +
  '\n' +
  '      -- 清理30天前的请求日志\n' +
  '      CREATE TRIGGER IF NOT EXISTS cleanup_old_logs\n' +
  '      AFTER INSERT ON request_logs\n' +
  '      BEGIN\n' +
  "        DELETE FROM request_logs WHERE request_time < datetime('now', '-30 days')", [], [Function (anonymous)])
    at /home/tian/clawdbot/work/Ainews/server/services/DatabaseService.js:132:15
    at new Promise (<anonymous>)
    at DatabaseService.run (/home/tian/clawdbot/work/Ainews/server/services/DatabaseService.js:131:12)
    at DatabaseService.runMultiple (/home/tian/clawdbot/work/Ainews/server/services/DatabaseService.js:124:20) {
  errno: 1,
  code: 'SQLITE_ERROR',
  __augmented: true
}
调度自动恢复，5分钟后重试...
自动恢复失败: Error: SQLITE_ERROR: incomplete input
--> in Database#run('\n' +
  '\n' +
  '      -- 清理30天前的请求日志\n' +
  '      CREATE TRIGGER IF NOT EXISTS cleanup_old_logs\n' +
  '      AFTER INSERT ON request_logs\n' +
  '      BEGIN\n' +
  "        DELETE FROM request_logs WHERE request_time < datetime('now', '-30 days')", [], [Function (anonymous)])
    at /home/tian/clawdbot/work/Ainews/server/services/DatabaseService.js:132:15
    at new Promise (<anonymous>)
    at DatabaseService.run (/home/tian/clawdbot/work/Ainews/server/services/DatabaseService.js:131:12)
    at DatabaseService.runMultiple (/home/tian/clawdbot/work/Ainews/server/services/DatabaseService.js:124:20) {
  errno: 1,
  code: 'SQLITE_ERROR',
  __augmented: true
}
执行自动恢复...
开始更新新闻...
SQLite数据库连接成功: /home/tian/clawdbot/work/Ainews/server/data/ainews.db
更新新闻时发生严重错误: Error: SQLITE_ERROR: incomplete input
--> in Database#run('\n' +
  '\n' +
  '      -- 清理30天前的请求日志\n' +
  '      CREATE TRIGGER IF NOT EXISTS cleanup_old_logs\n' +
  '      AFTER INSERT ON request_logs\n' +
  '      BEGIN\n' +
  "        DELETE FROM request_logs WHERE request_time < datetime('now', '-30 days')", [], [Function (anonymous)])
    at /home/tian/clawdbot/work/Ainews/server/services/DatabaseService.js:132:15
    at new Promise (<anonymous>)
    at DatabaseService.run (/home/tian/clawdbot/work/Ainews/server/services/DatabaseService.js:131:12)
    at DatabaseService.runMultiple (/home/tian/clawdbot/work/Ainews/server/services/DatabaseService.js:124:20) {
  errno: 1,
  code: 'SQLITE_ERROR',
  __augmented: true
}
调度自动恢复，5分钟后重试...
自动恢复失败: Error: SQLITE_ERROR: incomplete input
--> in Database#run('\n' +
  '\n' +
  '      -- 清理30天前的请求日志\n' +
  '      CREATE TRIGGER IF NOT EXISTS cleanup_old_logs\n' +
  '      AFTER INSERT ON request_logs\n' +
  '      BEGIN\n' +
  "        DELETE FROM request_logs WHERE request_time < datetime('now', '-30 days')", [], [Function (anonymous)])
    at /home/tian/clawdbot/work/Ainews/server/services/DatabaseService.js:132:15
    at new Promise (<anonymous>)
    at DatabaseService.run (/home/tian/clawdbot/work/Ainews/server/services/DatabaseService.js:131:12)
    at DatabaseService.runMultiple (/home/tian/clawdbot/work/Ainews/server/services/DatabaseService.js:124:20) {
  errno: 1,
  code: 'SQLITE_ERROR',
  __augmented: true
}
执行自动恢复...
开始更新新闻...
SQLite数据库连接成功: /home/tian/clawdbot/work/Ainews/server/data/ainews.db
更新新闻时发生严重错误: Error: SQLITE_ERROR: incomplete input
--> in Database#run('\n' +
  '\n' +
  '      -- 清理30天前的请求日志\n' +
  '      CREATE TRIGGER IF NOT EXISTS cleanup_old_logs\n' +
  '      AFTER INSERT ON request_logs\n' +
  '      BEGIN\n' +
  "        DELETE FROM request_logs WHERE request_time < datetime('now', '-30 days')", [], [Function (anonymous)])
    at /home/tian/clawdbot/work/Ainews/server/services/DatabaseService.js:132:15
    at new Promise (<anonymous>)
    at DatabaseService.run (/home/tian/clawdbot/work/Ainews/server/services/DatabaseService.js:131:12)
    at DatabaseService.runMultiple (/home/tian/clawdbot/work/Ainews/server/services/DatabaseService.js:124:20) {
  errno: 1,
  code: 'SQLITE_ERROR',
  __augmented: true
}
调度自动恢复，5分钟后重试...
自动恢复失败: Error: SQLITE_ERROR: incomplete input
--> in Database#run('\n' +
  '\n' +
  '      -- 清理30天前的请求日志\n' +
  '      CREATE TRIGGER IF NOT EXISTS cleanup_old_logs\n' +
  '      AFTER INSERT ON request_logs\n' +
  '      BEGIN\n' +
  "        DELETE FROM request_logs WHERE request_time < datetime('now', '-30 days')", [], [Function (anonymous)])
    at /home/tian/clawdbot/work/Ainews/server/services/DatabaseService.js:132:15
    at new Promise (<anonymous>)
    at DatabaseService.run (/home/tian/clawdbot/work/Ainews/server/services/DatabaseService.js:131:12)
    at DatabaseService.runMultiple (/home/tian/clawdbot/work/Ainews/server/services/DatabaseService.js:124:20) {
  errno: 1,
  code: 'SQLITE_ERROR',
  __augmented: true
}
开始更新新闻...
SQLite数据库连接成功: /home/tian/clawdbot/work/Ainews/server/data/ainews.db
更新新闻时发生严重错误: Error: SQLITE_ERROR: incomplete input
--> in Database#run('\n' +
  '\n' +
  '      -- 清理30天前的请求日志\n' +
  '      CREATE TRIGGER IF NOT EXISTS cleanup_old_logs\n' +
  '      AFTER INSERT ON request_logs\n' +
  '      BEGIN\n' +
  "        DELETE FROM request_logs WHERE request_time < datetime('now', '-30 days')", [], [Function (anonymous)])
    at /home/tian/clawdbot/work/Ainews/server/services/DatabaseService.js:132:15
    at new Promise (<anonymous>)
    at DatabaseService.run (/home/tian/clawdbot/work/Ainews/server/services/DatabaseService.js:131:12)
    at DatabaseService.runMultiple (/home/tian/clawdbot/work/Ainews/server/services/DatabaseService.js:124:20) {
  errno: 1,
  code: 'SQLITE_ERROR',
  __augmented: true
}
调度自动恢复，5分钟后重试...
❌ 恢复初始化失败: Error: SQLITE_ERROR: incomplete input
--> in Database#run('\n' +
  '\n' +
  '      -- 清理30天前的请求日志\n' +
  '      CREATE TRIGGER IF NOT EXISTS cleanup_old_logs\n' +
  '      AFTER INSERT ON request_logs\n' +
  '      BEGIN\n' +
  "        DELETE FROM request_logs WHERE request_time < datetime('now', '-30 days')", [], [Function (anonymous)])
    at /home/tian/clawdbot/work/Ainews/server/services/DatabaseService.js:132:15
    at new Promise (<anonymous>)
    at DatabaseService.run (/home/tian/clawdbot/work/Ainews/server/services/DatabaseService.js:131:12)
    at DatabaseService.runMultiple (/home/tian/clawdbot/work/Ainews/server/services/DatabaseService.js:124:20) {
  errno: 1,
  code: 'SQLITE_ERROR',
  __augmented: true
}
📅 调度初始化恢复，2分钟后重试...
执行自动恢复...
开始更新新闻...
SQLite数据库连接成功: /home/tian/clawdbot/work/Ainews/server/data/ainews.db
更新新闻时发生严重错误: Error: SQLITE_ERROR: incomplete input
--> in Database#run('\n' +
  '\n' +
  '      -- 清理30天前的请求日志\n' +
  '      CREATE TRIGGER IF NOT EXISTS cleanup_old_logs\n' +
  '      AFTER INSERT ON request_logs\n' +
  '      BEGIN\n' +
  "        DELETE FROM request_logs WHERE request_time < datetime('now', '-30 days')", [], [Function (anonymous)])
    at /home/tian/clawdbot/work/Ainews/server/services/DatabaseService.js:132:15
    at new Promise (<anonymous>)
    at DatabaseService.run (/home/tian/clawdbot/work/Ainews/server/services/DatabaseService.js:131:12)
    at DatabaseService.runMultiple (/home/tian/clawdbot/work/Ainews/server/services/DatabaseService.js:124:20) {
  errno: 1,
  code: 'SQLITE_ERROR',
  __augmented: true
}
调度自动恢复，5分钟后重试...
自动恢复失败: Error: SQLITE_ERROR: incomplete input
--> in Database#run('\n' +
  '\n' +
  '      -- 清理30天前的请求日志\n' +
  '      CREATE TRIGGER IF NOT EXISTS cleanup_old_logs\n' +
  '      AFTER INSERT ON request_logs\n' +
  '      BEGIN\n' +
  "        DELETE FROM request_logs WHERE request_time < datetime('now', '-30 days')", [], [Function (anonymous)])
    at /home/tian/clawdbot/work/Ainews/server/services/DatabaseService.js:132:15
    at new Promise (<anonymous>)
    at DatabaseService.run (/home/tian/clawdbot/work/Ainews/server/services/DatabaseService.js:131:12)
    at DatabaseService.runMultiple (/home/tian/clawdbot/work/Ainews/server/services/DatabaseService.js:124:20) {
  errno: 1,
  code: 'SQLITE_ERROR',
  __augmented: true
}
执行自动恢复...
开始更新新闻...
SQLite数据库连接成功: /home/tian/clawdbot/work/Ainews/server/data/ainews.db
更新新闻时发生严重错误: Error: SQLITE_ERROR: incomplete input
--> in Database#run('\n' +
  '\n' +
  '      -- 清理30天前的请求日志\n' +
  '      CREATE TRIGGER IF NOT EXISTS cleanup_old_logs\n' +
  '      AFTER INSERT ON request_logs\n' +
  '      BEGIN\n' +
  "        DELETE FROM request_logs WHERE request_time < datetime('now', '-30 days')", [], [Function (anonymous)])
    at /home/tian/clawdbot/work/Ainews/server/services/DatabaseService.js:132:15
    at new Promise (<anonymous>)
    at DatabaseService.run (/home/tian/clawdbot/work/Ainews/server/services/DatabaseService.js:131:12)
    at DatabaseService.runMultiple (/home/tian/clawdbot/work/Ainews/server/services/DatabaseService.js:124:20) {
  errno: 1,
  code: 'SQLITE_ERROR',
  __augmented: true
}
调度自动恢复，5分钟后重试...
自动恢复失败: Error: SQLITE_ERROR: incomplete input
--> in Database#run('\n' +
  '\n' +
  '      -- 清理30天前的请求日志\n' +
  '      CREATE TRIGGER IF NOT EXISTS cleanup_old_logs\n' +
  '      AFTER INSERT ON request_logs\n' +
  '      BEGIN\n' +
  "        DELETE FROM request_logs WHERE request_time < datetime('now', '-30 days')", [], [Function (anonymous)])
    at /home/tian/clawdbot/work/Ainews/server/services/DatabaseService.js:132:15
    at new Promise (<anonymous>)
    at DatabaseService.run (/home/tian/clawdbot/work/Ainews/server/services/DatabaseService.js:131:12)
    at DatabaseService.runMultiple (/home/tian/clawdbot/work/Ainews/server/services/DatabaseService.js:124:20) {
  errno: 1,
  code: 'SQLITE_ERROR',
  __augmented: true
}
执行自动恢复...
开始更新新闻...
SQLite数据库连接成功: /home/tian/clawdbot/work/Ainews/server/data/ainews.db
更新新闻时发生严重错误: Error: SQLITE_ERROR: incomplete input
--> in Database#run('\n' +
  '\n' +
  '      -- 清理30天前的请求日志\n' +
  '      CREATE TRIGGER IF NOT EXISTS cleanup_old_logs\n' +
  '      AFTER INSERT ON request_logs\n' +
  '      BEGIN\n' +
  "        DELETE FROM request_logs WHERE request_time < datetime('now', '-30 days')", [], [Function (anonymous)])
    at /home/tian/clawdbot/work/Ainews/server/services/DatabaseService.js:132:15
    at new Promise (<anonymous>)
    at DatabaseService.run (/home/tian/clawdbot/work/Ainews/server/services/DatabaseService.js:131:12)
    at DatabaseService.runMultiple (/home/tian/clawdbot/work/Ainews/server/services/DatabaseService.js:124:20) {
  errno: 1,
  code: 'SQLITE_ERROR',
  __augmented: true
}
调度自动恢复，5分钟后重试...
自动恢复失败: Error: SQLITE_ERROR: incomplete input
--> in Database#run('\n' +
  '\n' +
  '      -- 清理30天前的请求日志\n' +
  '      CREATE TRIGGER IF NOT EXISTS cleanup_old_logs\n' +
  '      AFTER INSERT ON request_logs\n' +
  '      BEGIN\n' +
  "        DELETE FROM request_logs WHERE request_time < datetime('now', '-30 days')", [], [Function (anonymous)])
    at /home/tian/clawdbot/work/Ainews/server/services/DatabaseService.js:132:15
    at new Promise (<anonymous>)
    at DatabaseService.run (/home/tian/clawdbot/work/Ainews/server/services/DatabaseService.js:131:12)
    at DatabaseService.runMultiple (/home/tian/clawdbot/work/Ainews/server/services/DatabaseService.js:124:20) {
  errno: 1,
  code: 'SQLITE_ERROR',
  __augmented: true
}
执行自动恢复...
开始更新新闻...
SQLite数据库连接成功: /home/tian/clawdbot/work/Ainews/server/data/ainews.db
更新新闻时发生严重错误: Error: SQLITE_ERROR: incomplete input
--> in Database#run('\n' +
  '\n' +
  '      -- 清理30天前的请求日志\n' +
  '      CREATE TRIGGER IF NOT EXISTS cleanup_old_logs\n' +
  '      AFTER INSERT ON request_logs\n' +
  '      BEGIN\n' +
  "        DELETE FROM request_logs WHERE request_time < datetime('now', '-30 days')", [], [Function (anonymous)])
    at /home/tian/clawdbot/work/Ainews/server/services/DatabaseService.js:132:15
    at new Promise (<anonymous>)
    at DatabaseService.run (/home/tian/clawdbot/work/Ainews/server/services/DatabaseService.js:131:12)
    at DatabaseService.runMultiple (/home/tian/clawdbot/work/Ainews/server/services/DatabaseService.js:124:20) {
  errno: 1,
  code: 'SQLITE_ERROR',
  __augmented: true
}
调度自动恢复，5分钟后重试...
自动恢复失败: Error: SQLITE_ERROR: incomplete input
--> in Database#run('\n' +
  '\n' +
  '      -- 清理30天前的请求日志\n' +
  '      CREATE TRIGGER IF NOT EXISTS cleanup_old_logs\n' +
  '      AFTER INSERT ON request_logs\n' +
  '      BEGIN\n' +
  "        DELETE FROM request_logs WHERE request_time < datetime('now', '-30 days')", [], [Function (anonymous)])
    at /home/tian/clawdbot/work/Ainews/server/services/DatabaseService.js:132:15
    at new Promise (<anonymous>)
    at DatabaseService.run (/home/tian/clawdbot/work/Ainews/server/services/DatabaseService.js:131:12)
    at DatabaseService.runMultiple (/home/tian/clawdbot/work/Ainews/server/services/DatabaseService.js:124:20) {
  errno: 1,
  code: 'SQLITE_ERROR',
  __augmented: true
}
执行自动恢复...
开始更新新闻...
SQLite数据库连接成功: /home/tian/clawdbot/work/Ainews/server/data/ainews.db
更新新闻时发生严重错误: Error: SQLITE_ERROR: incomplete input
--> in Database#run('\n' +
  '\n' +
  '      -- 清理30天前的请求日志\n' +
  '      CREATE TRIGGER IF NOT EXISTS cleanup_old_logs\n' +
  '      AFTER INSERT ON request_logs\n' +
  '      BEGIN\n' +
  "        DELETE FROM request_logs WHERE request_time < datetime('now', '-30 days')", [], [Function (anonymous)])
    at /home/tian/clawdbot/work/Ainews/server/services/DatabaseService.js:132:15
    at new Promise (<anonymous>)
    at DatabaseService.run (/home/tian/clawdbot/work/Ainews/server/services/DatabaseService.js:131:12)
    at DatabaseService.runMultiple (/home/tian/clawdbot/work/Ainews/server/services/DatabaseService.js:124:20) {
  errno: 1,
  code: 'SQLITE_ERROR',
  __augmented: true
}
调度自动恢复，5分钟后重试...
自动恢复失败: Error: SQLITE_ERROR: incomplete input
--> in Database#run('\n' +
  '\n' +
  '      -- 清理30天前的请求日志\n' +
  '      CREATE TRIGGER IF NOT EXISTS cleanup_old_logs\n' +
  '      AFTER INSERT ON request_logs\n' +
  '      BEGIN\n' +
  "        DELETE FROM request_logs WHERE request_time < datetime('now', '-30 days')", [], [Function (anonymous)])
    at /home/tian/clawdbot/work/Ainews/server/services/DatabaseService.js:132:15
    at new Promise (<anonymous>)
    at DatabaseService.run (/home/tian/clawdbot/work/Ainews/server/services/DatabaseService.js:131:12)
    at DatabaseService.runMultiple (/home/tian/clawdbot/work/Ainews/server/services/DatabaseService.js:124:20) {
  errno: 1,
  code: 'SQLITE_ERROR',
  __augmented: true
}
执行自动恢复...
开始更新新闻...
SQLite数据库连接成功: /home/tian/clawdbot/work/Ainews/server/data/ainews.db
更新新闻时发生严重错误: Error: SQLITE_ERROR: incomplete input
--> in Database#run('\n' +
  '\n' +
  '      -- 清理30天前的请求日志\n' +
  '      CREATE TRIGGER IF NOT EXISTS cleanup_old_logs\n' +
  '      AFTER INSERT ON request_logs\n' +
  '      BEGIN\n' +
  "        DELETE FROM request_logs WHERE request_time < datetime('now', '-30 days')", [], [Function (anonymous)])
    at /home/tian/clawdbot/work/Ainews/server/services/DatabaseService.js:132:15
    at new Promise (<anonymous>)
    at DatabaseService.run (/home/tian/clawdbot/work/Ainews/server/services/DatabaseService.js:131:12)
    at DatabaseService.runMultiple (/home/tian/clawdbot/work/Ainews/server/services/DatabaseService.js:124:20) {
  errno: 1,
  code: 'SQLITE_ERROR',
  __augmented: true
}
调度自动恢复，5分钟后重试...
自动恢复失败: Error: SQLITE_ERROR: incomplete input
--> in Database#run('\n' +
  '\n' +
  '      -- 清理30天前的请求日志\n' +
  '      CREATE TRIGGER IF NOT EXISTS cleanup_old_logs\n' +
  '      AFTER INSERT ON request_logs\n' +
  '      BEGIN\n' +
  "        DELETE FROM request_logs WHERE request_time < datetime('now', '-30 days')", [], [Function (anonymous)])
    at /home/tian/clawdbot/work/Ainews/server/services/DatabaseService.js:132:15
    at new Promise (<anonymous>)
    at DatabaseService.run (/home/tian/clawdbot/work/Ainews/server/services/DatabaseService.js:131:12)
    at DatabaseService.runMultiple (/home/tian/clawdbot/work/Ainews/server/services/DatabaseService.js:124:20) {
  errno: 1,
  code: 'SQLITE_ERROR',
  __augmented: true
}
执行自动恢复...
开始更新新闻...
SQLite数据库连接成功: /home/tian/clawdbot/work/Ainews/server/data/ainews.db
更新新闻时发生严重错误: Error: SQLITE_ERROR: incomplete input
--> in Database#run('\n' +
  '\n' +
  '      -- 清理30天前的请求日志\n' +
  '      CREATE TRIGGER IF NOT EXISTS cleanup_old_logs\n' +
  '      AFTER INSERT ON request_logs\n' +
  '      BEGIN\n' +
  "        DELETE FROM request_logs WHERE request_time < datetime('now', '-30 days')", [], [Function (anonymous)])
    at /home/tian/clawdbot/work/Ainews/server/services/DatabaseService.js:132:15
    at new Promise (<anonymous>)
    at DatabaseService.run (/home/tian/clawdbot/work/Ainews/server/services/DatabaseService.js:131:12)
    at DatabaseService.runMultiple (/home/tian/clawdbot/work/Ainews/server/services/DatabaseService.js:124:20) {
  errno: 1,
  code: 'SQLITE_ERROR',
  __augmented: true
}
调度自动恢复，5分钟后重试...
自动恢复失败: Error: SQLITE_ERROR: incomplete input
--> in Database#run('\n' +
  '\n' +
  '      -- 清理30天前的请求日志\n' +
  '      CREATE TRIGGER IF NOT EXISTS cleanup_old_logs\n' +
  '      AFTER INSERT ON request_logs\n' +
  '      BEGIN\n' +
  "        DELETE FROM request_logs WHERE request_time < datetime('now', '-30 days')", [], [Function (anonymous)])
    at /home/tian/clawdbot/work/Ainews/server/services/DatabaseService.js:132:15
    at new Promise (<anonymous>)
    at DatabaseService.run (/home/tian/clawdbot/work/Ainews/server/services/DatabaseService.js:131:12)
    at DatabaseService.runMultiple (/home/tian/clawdbot/work/Ainews/server/services/DatabaseService.js:124:20) {
  errno: 1,
  code: 'SQLITE_ERROR',
  __augmented: true
}
执行自动恢复...
开始更新新闻...
SQLite数据库连接成功: /home/tian/clawdbot/work/Ainews/server/data/ainews.db
更新新闻时发生严重错误: Error: SQLITE_ERROR: incomplete input
--> in Database#run('\n' +
  '\n' +
  '      -- 清理30天前的请求日志\n' +
  '      CREATE TRIGGER IF NOT EXISTS cleanup_old_logs\n' +
  '      AFTER INSERT ON request_logs\n' +
  '      BEGIN\n' +
  "        DELETE FROM request_logs WHERE request_time < datetime('now', '-30 days')", [], [Function (anonymous)])
    at /home/tian/clawdbot/work/Ainews/server/services/DatabaseService.js:132:15
    at new Promise (<anonymous>)
    at DatabaseService.run (/home/tian/clawdbot/work/Ainews/server/services/DatabaseService.js:131:12)
    at DatabaseService.runMultiple (/home/tian/clawdbot/work/Ainews/server/services/DatabaseService.js:124:20) {
  errno: 1,
  code: 'SQLITE_ERROR',
  __augmented: true
}
调度自动恢复，5分钟后重试...
自动恢复失败: Error: SQLITE_ERROR: incomplete input
--> in Database#run('\n' +
  '\n' +
  '      -- 清理30天前的请求日志\n' +
  '      CREATE TRIGGER IF NOT EXISTS cleanup_old_logs\n' +
  '      AFTER INSERT ON request_logs\n' +
  '      BEGIN\n' +
  "        DELETE FROM request_logs WHERE request_time < datetime('now', '-30 days')", [], [Function (anonymous)])
    at /home/tian/clawdbot/work/Ainews/server/services/DatabaseService.js:132:15
    at new Promise (<anonymous>)
    at DatabaseService.run (/home/tian/clawdbot/work/Ainews/server/services/DatabaseService.js:131:12)
    at DatabaseService.runMultiple (/home/tian/clawdbot/work/Ainews/server/services/DatabaseService.js:124:20) {
  errno: 1,
  code: 'SQLITE_ERROR',
  __augmented: true
}
执行自动恢复...
开始更新新闻...
SQLite数据库连接成功: /home/tian/clawdbot/work/Ainews/server/data/ainews.db
更新新闻时发生严重错误: Error: SQLITE_ERROR: incomplete input
--> in Database#run('\n' +
  '\n' +
  '      -- 清理30天前的请求日志\n' +
  '      CREATE TRIGGER IF NOT EXISTS cleanup_old_logs\n' +
  '      AFTER INSERT ON request_logs\n' +
  '      BEGIN\n' +
  "        DELETE FROM request_logs WHERE request_time < datetime('now', '-30 days')", [], [Function (anonymous)])
    at /home/tian/clawdbot/work/Ainews/server/services/DatabaseService.js:132:15
    at new Promise (<anonymous>)
    at DatabaseService.run (/home/tian/clawdbot/work/Ainews/server/services/DatabaseService.js:131:12)
    at DatabaseService.runMultiple (/home/tian/clawdbot/work/Ainews/server/services/DatabaseService.js:124:20) {
  errno: 1,
  code: 'SQLITE_ERROR',
  __augmented: true
}
调度自动恢复，5分钟后重试...
自动恢复失败: Error: SQLITE_ERROR: incomplete input
--> in Database#run('\n' +
  '\n' +
  '      -- 清理30天前的请求日志\n' +
  '      CREATE TRIGGER IF NOT EXISTS cleanup_old_logs\n' +
  '      AFTER INSERT ON request_logs\n' +
  '      BEGIN\n' +
  "        DELETE FROM request_logs WHERE request_time < datetime('now', '-30 days')", [], [Function (anonymous)])
    at /home/tian/clawdbot/work/Ainews/server/services/DatabaseService.js:132:15
    at new Promise (<anonymous>)
    at DatabaseService.run (/home/tian/clawdbot/work/Ainews/server/services/DatabaseService.js:131:12)
    at DatabaseService.runMultiple (/home/tian/clawdbot/work/Ainews/server/services/DatabaseService.js:124:20) {
  errno: 1,
  code: 'SQLITE_ERROR',
  __augmented: true
}
执行自动恢复...
开始更新新闻...
SQLite数据库连接成功: /home/tian/clawdbot/work/Ainews/server/data/ainews.db
更新新闻时发生严重错误: Error: SQLITE_ERROR: incomplete input
--> in Database#run('\n' +
  '\n' +
  '      -- 清理30天前的请求日志\n' +
  '      CREATE TRIGGER IF NOT EXISTS cleanup_old_logs\n' +
  '      AFTER INSERT ON request_logs\n' +
  '      BEGIN\n' +
  "        DELETE FROM request_logs WHERE request_time < datetime('now', '-30 days')", [], [Function (anonymous)])
    at /home/tian/clawdbot/work/Ainews/server/services/DatabaseService.js:132:15
    at new Promise (<anonymous>)
    at DatabaseService.run (/home/tian/clawdbot/work/Ainews/server/services/DatabaseService.js:131:12)
    at DatabaseService.runMultiple (/home/tian/clawdbot/work/Ainews/server/services/DatabaseService.js:124:20) {
  errno: 1,
  code: 'SQLITE_ERROR',
  __augmented: true
}
调度自动恢复，5分钟后重试...
自动恢复失败: Error: SQLITE_ERROR: incomplete input
--> in Database#run('\n' +
  '\n' +
  '      -- 清理30天前的请求日志\n' +
  '      CREATE TRIGGER IF NOT EXISTS cleanup_old_logs\n' +
  '      AFTER INSERT ON request_logs\n' +
  '      BEGIN\n' +
  "        DELETE FROM request_logs WHERE request_time < datetime('now', '-30 days')", [], [Function (anonymous)])
    at /home/tian/clawdbot/work/Ainews/server/services/DatabaseService.js:132:15
    at new Promise (<anonymous>)
    at DatabaseService.run (/home/tian/clawdbot/work/Ainews/server/services/DatabaseService.js:131:12)
    at DatabaseService.runMultiple (/home/tian/clawdbot/work/Ainews/server/services/DatabaseService.js:124:20) {
  errno: 1,
  code: 'SQLITE_ERROR',
  __augmented: true
}
执行自动恢复...
开始更新新闻...
SQLite数据库连接成功: /home/tian/clawdbot/work/Ainews/server/data/ainews.db
更新新闻时发生严重错误: Error: SQLITE_ERROR: incomplete input
--> in Database#run('\n' +
  '\n' +
  '      -- 清理30天前的请求日志\n' +
  '      CREATE TRIGGER IF NOT EXISTS cleanup_old_logs\n' +
  '      AFTER INSERT ON request_logs\n' +
  '      BEGIN\n' +
  "        DELETE FROM request_logs WHERE request_time < datetime('now', '-30 days')", [], [Function (anonymous)])
    at /home/tian/clawdbot/work/Ainews/server/services/DatabaseService.js:132:15
    at new Promise (<anonymous>)
    at DatabaseService.run (/home/tian/clawdbot/work/Ainews/server/services/DatabaseService.js:131:12)
    at DatabaseService.runMultiple (/home/tian/clawdbot/work/Ainews/server/services/DatabaseService.js:124:20) {
  errno: 1,
  code: 'SQLITE_ERROR',
  __augmented: true
}
调度自动恢复，5分钟后重试...
自动恢复失败: Error: SQLITE_ERROR: incomplete input
--> in Database#run('\n' +
  '\n' +
  '      -- 清理30天前的请求日志\n' +
  '      CREATE TRIGGER IF NOT EXISTS cleanup_old_logs\n' +
  '      AFTER INSERT ON request_logs\n' +
  '      BEGIN\n' +
  "        DELETE FROM request_logs WHERE request_time < datetime('now', '-30 days')", [], [Function (anonymous)])
    at /home/tian/clawdbot/work/Ainews/server/services/DatabaseService.js:132:15
    at new Promise (<anonymous>)
    at DatabaseService.run (/home/tian/clawdbot/work/Ainews/server/services/DatabaseService.js:131:12)
    at DatabaseService.runMultiple (/home/tian/clawdbot/work/Ainews/server/services/DatabaseService.js:124:20) {
  errno: 1,
  code: 'SQLITE_ERROR',
  __augmented: true
}
开始更新新闻...
SQLite数据库连接成功: /home/tian/clawdbot/work/Ainews/server/data/ainews.db
更新新闻时发生严重错误: Error: SQLITE_ERROR: incomplete input
--> in Database#run('\n' +
  '\n' +
  '      -- 清理30天前的请求日志\n' +
  '      CREATE TRIGGER IF NOT EXISTS cleanup_old_logs\n' +
  '      AFTER INSERT ON request_logs\n' +
  '      BEGIN\n' +
  "        DELETE FROM request_logs WHERE request_time < datetime('now', '-30 days')", [], [Function (anonymous)])
    at /home/tian/clawdbot/work/Ainews/server/services/DatabaseService.js:132:15
    at new Promise (<anonymous>)
    at DatabaseService.run (/home/tian/clawdbot/work/Ainews/server/services/DatabaseService.js:131:12)
    at DatabaseService.runMultiple (/home/tian/clawdbot/work/Ainews/server/services/DatabaseService.js:124:20) {
  errno: 1,
  code: 'SQLITE_ERROR',
  __augmented: true
}
调度自动恢复，5分钟后重试...
❌ 恢复初始化失败: Error: SQLITE_ERROR: incomplete input
--> in Database#run('\n' +
  '\n' +
  '      -- 清理30天前的请求日志\n' +
  '      CREATE TRIGGER IF NOT EXISTS cleanup_old_logs\n' +
  '      AFTER INSERT ON request_logs\n' +
  '      BEGIN\n' +
  "        DELETE FROM request_logs WHERE request_time < datetime('now', '-30 days')", [], [Function (anonymous)])
    at /home/tian/clawdbot/work/Ainews/server/services/DatabaseService.js:132:15
    at new Promise (<anonymous>)
    at DatabaseService.run (/home/tian/clawdbot/work/Ainews/server/services/DatabaseService.js:131:12)
    at DatabaseService.runMultiple (/home/tian/clawdbot/work/Ainews/server/services/DatabaseService.js:124:20) {
  errno: 1,
  code: 'SQLITE_ERROR',
  __augmented: true
}
📅 调度初始化恢复，2分钟后重试...
执行自动恢复...
开始更新新闻...
SQLite数据库连接成功: /home/tian/clawdbot/work/Ainews/server/data/ainews.db
更新新闻时发生严重错误: Error: SQLITE_ERROR: incomplete input
--> in Database#run('\n' +
  '\n' +
  '      -- 清理30天前的请求日志\n' +
  '      CREATE TRIGGER IF NOT EXISTS cleanup_old_logs\n' +
  '      AFTER INSERT ON request_logs\n' +
  '      BEGIN\n' +
  "        DELETE FROM request_logs WHERE request_time < datetime('now', '-30 days')", [], [Function (anonymous)])
    at /home/tian/clawdbot/work/Ainews/server/services/DatabaseService.js:132:15
    at new Promise (<anonymous>)
    at DatabaseService.run (/home/tian/clawdbot/work/Ainews/server/services/DatabaseService.js:131:12)
    at DatabaseService.runMultiple (/home/tian/clawdbot/work/Ainews/server/services/DatabaseService.js:124:20) {
  errno: 1,
  code: 'SQLITE_ERROR',
  __augmented: true
}
调度自动恢复，5分钟后重试...
自动恢复失败: Error: SQLITE_ERROR: incomplete input
--> in Database#run('\n' +
  '\n' +
  '      -- 清理30天前的请求日志\n' +
  '      CREATE TRIGGER IF NOT EXISTS cleanup_old_logs\n' +
  '      AFTER INSERT ON request_logs\n' +
  '      BEGIN\n' +
  "        DELETE FROM request_logs WHERE request_time < datetime('now', '-30 days')", [], [Function (anonymous)])
    at /home/tian/clawdbot/work/Ainews/server/services/DatabaseService.js:132:15
    at new Promise (<anonymous>)
    at DatabaseService.run (/home/tian/clawdbot/work/Ainews/server/services/DatabaseService.js:131:12)
    at DatabaseService.runMultiple (/home/tian/clawdbot/work/Ainews/server/services/DatabaseService.js:124:20) {
  errno: 1,
  code: 'SQLITE_ERROR',
  __augmented: true
}
执行自动恢复...
开始更新新闻...
SQLite数据库连接成功: /home/tian/clawdbot/work/Ainews/server/data/ainews.db
更新新闻时发生严重错误: Error: SQLITE_ERROR: incomplete input
--> in Database#run('\n' +
  '\n' +
  '      -- 清理30天前的请求日志\n' +
  '      CREATE TRIGGER IF NOT EXISTS cleanup_old_logs\n' +
  '      AFTER INSERT ON request_logs\n' +
  '      BEGIN\n' +
  "        DELETE FROM request_logs WHERE request_time < datetime('now', '-30 days')", [], [Function (anonymous)])
    at /home/tian/clawdbot/work/Ainews/server/services/DatabaseService.js:132:15
    at new Promise (<anonymous>)
    at DatabaseService.run (/home/tian/clawdbot/work/Ainews/server/services/DatabaseService.js:131:12)
    at DatabaseService.runMultiple (/home/tian/clawdbot/work/Ainews/server/services/DatabaseService.js:124:20) {
  errno: 1,
  code: 'SQLITE_ERROR',
  __augmented: true
}
调度自动恢复，5分钟后重试...
自动恢复失败: Error: SQLITE_ERROR: incomplete input
--> in Database#run('\n' +
  '\n' +
  '      -- 清理30天前的请求日志\n' +
  '      CREATE TRIGGER IF NOT EXISTS cleanup_old_logs\n' +
  '      AFTER INSERT ON request_logs\n' +
  '      BEGIN\n' +
  "        DELETE FROM request_logs WHERE request_time < datetime('now', '-30 days')", [], [Function (anonymous)])
    at /home/tian/clawdbot/work/Ainews/server/services/DatabaseService.js:132:15
    at new Promise (<anonymous>)
    at DatabaseService.run (/home/tian/clawdbot/work/Ainews/server/services/DatabaseService.js:131:12)
    at DatabaseService.runMultiple (/home/tian/clawdbot/work/Ainews/server/services/DatabaseService.js:124:20) {
  errno: 1,
  code: 'SQLITE_ERROR',
  __augmented: true
}
执行自动恢复...
开始更新新闻...
SQLite数据库连接成功: /home/tian/clawdbot/work/Ainews/server/data/ainews.db
更新新闻时发生严重错误: Error: SQLITE_ERROR: incomplete input
--> in Database#run('\n' +
  '\n' +
  '      -- 清理30天前的请求日志\n' +
  '      CREATE TRIGGER IF NOT EXISTS cleanup_old_logs\n' +
  '      AFTER INSERT ON request_logs\n' +
  '      BEGIN\n' +
  "        DELETE FROM request_logs WHERE request_time < datetime('now', '-30 days')", [], [Function (anonymous)])
    at /home/tian/clawdbot/work/Ainews/server/services/DatabaseService.js:132:15
    at new Promise (<anonymous>)
    at DatabaseService.run (/home/tian/clawdbot/work/Ainews/server/services/DatabaseService.js:131:12)
    at DatabaseService.runMultiple (/home/tian/clawdbot/work/Ainews/server/services/DatabaseService.js:124:20) {
  errno: 1,
  code: 'SQLITE_ERROR',
  __augmented: true
}
调度自动恢复，5分钟后重试...
自动恢复失败: Error: SQLITE_ERROR: incomplete input
--> in Database#run('\n' +
  '\n' +
  '      -- 清理30天前的请求日志\n' +
  '      CREATE TRIGGER IF NOT EXISTS cleanup_old_logs\n' +
  '      AFTER INSERT ON request_logs\n' +
  '      BEGIN\n' +
  "        DELETE FROM request_logs WHERE request_time < datetime('now', '-30 days')", [], [Function (anonymous)])
    at /home/tian/clawdbot/work/Ainews/server/services/DatabaseService.js:132:15
    at new Promise (<anonymous>)
    at DatabaseService.run (/home/tian/clawdbot/work/Ainews/server/services/DatabaseService.js:131:12)
    at DatabaseService.runMultiple (/home/tian/clawdbot/work/Ainews/server/services/DatabaseService.js:124:20) {
  errno: 1,
  code: 'SQLITE_ERROR',
  __augmented: true
}
执行自动恢复...
开始更新新闻...
SQLite数据库连接成功: /home/tian/clawdbot/work/Ainews/server/data/ainews.db
更新新闻时发生严重错误: Error: SQLITE_ERROR: incomplete input
--> in Database#run('\n' +
  '\n' +
  '      -- 清理30天前的请求日志\n' +
  '      CREATE TRIGGER IF NOT EXISTS cleanup_old_logs\n' +
  '      AFTER INSERT ON request_logs\n' +
  '      BEGIN\n' +
  "        DELETE FROM request_logs WHERE request_time < datetime('now', '-30 days')", [], [Function (anonymous)])
    at /home/tian/clawdbot/work/Ainews/server/services/DatabaseService.js:132:15
    at new Promise (<anonymous>)
    at DatabaseService.run (/home/tian/clawdbot/work/Ainews/server/services/DatabaseService.js:131:12)
    at DatabaseService.runMultiple (/home/tian/clawdbot/work/Ainews/server/services/DatabaseService.js:124:20) {
  errno: 1,
  code: 'SQLITE_ERROR',
  __augmented: true
}
调度自动恢复，5分钟后重试...
自动恢复失败: Error: SQLITE_ERROR: incomplete input
--> in Database#run('\n' +
  '\n' +
  '      -- 清理30天前的请求日志\n' +
  '      CREATE TRIGGER IF NOT EXISTS cleanup_old_logs\n' +
  '      AFTER INSERT ON request_logs\n' +
  '      BEGIN\n' +
  "        DELETE FROM request_logs WHERE request_time < datetime('now', '-30 days')", [], [Function (anonymous)])
    at /home/tian/clawdbot/work/Ainews/server/services/DatabaseService.js:132:15
    at new Promise (<anonymous>)
    at DatabaseService.run (/home/tian/clawdbot/work/Ainews/server/services/DatabaseService.js:131:12)
    at DatabaseService.runMultiple (/home/tian/clawdbot/work/Ainews/server/services/DatabaseService.js:124:20) {
  errno: 1,
  code: 'SQLITE_ERROR',
  __augmented: true
}
执行自动恢复...
开始更新新闻...
SQLite数据库连接成功: /home/tian/clawdbot/work/Ainews/server/data/ainews.db
更新新闻时发生严重错误: Error: SQLITE_ERROR: incomplete input
--> in Database#run('\n' +
  '\n' +
  '      -- 清理30天前的请求日志\n' +
  '      CREATE TRIGGER IF NOT EXISTS cleanup_old_logs\n' +
  '      AFTER INSERT ON request_logs\n' +
  '      BEGIN\n' +
  "        DELETE FROM request_logs WHERE request_time < datetime('now', '-30 days')", [], [Function (anonymous)])
    at /home/tian/clawdbot/work/Ainews/server/services/DatabaseService.js:132:15
    at new Promise (<anonymous>)
    at DatabaseService.run (/home/tian/clawdbot/work/Ainews/server/services/DatabaseService.js:131:12)
    at DatabaseService.runMultiple (/home/tian/clawdbot/work/Ainews/server/services/DatabaseService.js:124:20) {
  errno: 1,
  code: 'SQLITE_ERROR',
  __augmented: true
}
调度自动恢复，5分钟后重试...
自动恢复失败: Error: SQLITE_ERROR: incomplete input
--> in Database#run('\n' +
  '\n' +
  '      -- 清理30天前的请求日志\n' +
  '      CREATE TRIGGER IF NOT EXISTS cleanup_old_logs\n' +
  '      AFTER INSERT ON request_logs\n' +
  '      BEGIN\n' +
  "        DELETE FROM request_logs WHERE request_time < datetime('now', '-30 days')", [], [Function (anonymous)])
    at /home/tian/clawdbot/work/Ainews/server/services/DatabaseService.js:132:15
    at new Promise (<anonymous>)
    at DatabaseService.run (/home/tian/clawdbot/work/Ainews/server/services/DatabaseService.js:131:12)
    at DatabaseService.runMultiple (/home/tian/clawdbot/work/Ainews/server/services/DatabaseService.js:124:20) {
  errno: 1,
  code: 'SQLITE_ERROR',
  __augmented: true
}
执行自动恢复...
开始更新新闻...
SQLite数据库连接成功: /home/tian/clawdbot/work/Ainews/server/data/ainews.db
更新新闻时发生严重错误: Error: SQLITE_ERROR: incomplete input
--> in Database#run('\n' +
  '\n' +
  '      -- 清理30天前的请求日志\n' +
  '      CREATE TRIGGER IF NOT EXISTS cleanup_old_logs\n' +
  '      AFTER INSERT ON request_logs\n' +
  '      BEGIN\n' +
  "        DELETE FROM request_logs WHERE request_time < datetime('now', '-30 days')", [], [Function (anonymous)])
    at /home/tian/clawdbot/work/Ainews/server/services/DatabaseService.js:132:15
    at new Promise (<anonymous>)
    at DatabaseService.run (/home/tian/clawdbot/work/Ainews/server/services/DatabaseService.js:131:12)
    at DatabaseService.runMultiple (/home/tian/clawdbot/work/Ainews/server/services/DatabaseService.js:124:20) {
  errno: 1,
  code: 'SQLITE_ERROR',
  __augmented: true
}
调度自动恢复，5分钟后重试...
自动恢复失败: Error: SQLITE_ERROR: incomplete input
--> in Database#run('\n' +
  '\n' +
  '      -- 清理30天前的请求日志\n' +
  '      CREATE TRIGGER IF NOT EXISTS cleanup_old_logs\n' +
  '      AFTER INSERT ON request_logs\n' +
  '      BEGIN\n' +
  "        DELETE FROM request_logs WHERE request_time < datetime('now', '-30 days')", [], [Function (anonymous)])
    at /home/tian/clawdbot/work/Ainews/server/services/DatabaseService.js:132:15
    at new Promise (<anonymous>)
    at DatabaseService.run (/home/tian/clawdbot/work/Ainews/server/services/DatabaseService.js:131:12)
    at DatabaseService.runMultiple (/home/tian/clawdbot/work/Ainews/server/services/DatabaseService.js:124:20) {
  errno: 1,
  code: 'SQLITE_ERROR',
  __augmented: true
}
执行自动恢复...
开始更新新闻...
SQLite数据库连接成功: /home/tian/clawdbot/work/Ainews/server/data/ainews.db
更新新闻时发生严重错误: Error: SQLITE_ERROR: incomplete input
--> in Database#run('\n' +
  '\n' +
  '      -- 清理30天前的请求日志\n' +
  '      CREATE TRIGGER IF NOT EXISTS cleanup_old_logs\n' +
  '      AFTER INSERT ON request_logs\n' +
  '      BEGIN\n' +
  "        DELETE FROM request_logs WHERE request_time < datetime('now', '-30 days')", [], [Function (anonymous)])
    at /home/tian/clawdbot/work/Ainews/server/services/DatabaseService.js:132:15
    at new Promise (<anonymous>)
    at DatabaseService.run (/home/tian/clawdbot/work/Ainews/server/services/DatabaseService.js:131:12)
    at DatabaseService.runMultiple (/home/tian/clawdbot/work/Ainews/server/services/DatabaseService.js:124:20) {
  errno: 1,
  code: 'SQLITE_ERROR',
  __augmented: true
}
调度自动恢复，5分钟后重试...
自动恢复失败: Error: SQLITE_ERROR: incomplete input
--> in Database#run('\n' +
  '\n' +
  '      -- 清理30天前的请求日志\n' +
  '      CREATE TRIGGER IF NOT EXISTS cleanup_old_logs\n' +
  '      AFTER INSERT ON request_logs\n' +
  '      BEGIN\n' +
  "        DELETE FROM request_logs WHERE request_time < datetime('now', '-30 days')", [], [Function (anonymous)])
    at /home/tian/clawdbot/work/Ainews/server/services/DatabaseService.js:132:15
    at new Promise (<anonymous>)
    at DatabaseService.run (/home/tian/clawdbot/work/Ainews/server/services/DatabaseService.js:131:12)
    at DatabaseService.runMultiple (/home/tian/clawdbot/work/Ainews/server/services/DatabaseService.js:124:20) {
  errno: 1,
  code: 'SQLITE_ERROR',
  __augmented: true
}
执行自动恢复...
开始更新新闻...
SQLite数据库连接成功: /home/tian/clawdbot/work/Ainews/server/data/ainews.db
更新新闻时发生严重错误: Error: SQLITE_ERROR: incomplete input
--> in Database#run('\n' +
  '\n' +
  '      -- 清理30天前的请求日志\n' +
  '      CREATE TRIGGER IF NOT EXISTS cleanup_old_logs\n' +
  '      AFTER INSERT ON request_logs\n' +
  '      BEGIN\n' +
  "        DELETE FROM request_logs WHERE request_time < datetime('now', '-30 days')", [], [Function (anonymous)])
    at /home/tian/clawdbot/work/Ainews/server/services/DatabaseService.js:132:15
    at new Promise (<anonymous>)
    at DatabaseService.run (/home/tian/clawdbot/work/Ainews/server/services/DatabaseService.js:131:12)
    at DatabaseService.runMultiple (/home/tian/clawdbot/work/Ainews/server/services/DatabaseService.js:124:20) {
  errno: 1,
  code: 'SQLITE_ERROR',
  __augmented: true
}
调度自动恢复，5分钟后重试...
自动恢复失败: Error: SQLITE_ERROR: incomplete input
--> in Database#run('\n' +
  '\n' +
  '      -- 清理30天前的请求日志\n' +
  '      CREATE TRIGGER IF NOT EXISTS cleanup_old_logs\n' +
  '      AFTER INSERT ON request_logs\n' +
  '      BEGIN\n' +
  "        DELETE FROM request_logs WHERE request_time < datetime('now', '-30 days')", [], [Function (anonymous)])
    at /home/tian/clawdbot/work/Ainews/server/services/DatabaseService.js:132:15
    at new Promise (<anonymous>)
    at DatabaseService.run (/home/tian/clawdbot/work/Ainews/server/services/DatabaseService.js:131:12)
    at DatabaseService.runMultiple (/home/tian/clawdbot/work/Ainews/server/services/DatabaseService.js:124:20) {
  errno: 1,
  code: 'SQLITE_ERROR',
  __augmented: true
}
执行自动恢复...
开始更新新闻...
SQLite数据库连接成功: /home/tian/clawdbot/work/Ainews/server/data/ainews.db
更新新闻时发生严重错误: Error: SQLITE_ERROR: incomplete input
--> in Database#run('\n' +
  '\n' +
  '      -- 清理30天前的请求日志\n' +
  '      CREATE TRIGGER IF NOT EXISTS cleanup_old_logs\n' +
  '      AFTER INSERT ON request_logs\n' +
  '      BEGIN\n' +
  "        DELETE FROM request_logs WHERE request_time < datetime('now', '-30 days')", [], [Function (anonymous)])
    at /home/tian/clawdbot/work/Ainews/server/services/DatabaseService.js:132:15
    at new Promise (<anonymous>)
    at DatabaseService.run (/home/tian/clawdbot/work/Ainews/server/services/DatabaseService.js:131:12)
    at DatabaseService.runMultiple (/home/tian/clawdbot/work/Ainews/server/services/DatabaseService.js:124:20) {
  errno: 1,
  code: 'SQLITE_ERROR',
  __augmented: true
}
调度自动恢复，5分钟后重试...
自动恢复失败: Error: SQLITE_ERROR: incomplete input
--> in Database#run('\n' +
  '\n' +
  '      -- 清理30天前的请求日志\n' +
  '      CREATE TRIGGER IF NOT EXISTS cleanup_old_logs\n' +
  '      AFTER INSERT ON request_logs\n' +
  '      BEGIN\n' +
  "        DELETE FROM request_logs WHERE request_time < datetime('now', '-30 days')", [], [Function (anonymous)])
    at /home/tian/clawdbot/work/Ainews/server/services/DatabaseService.js:132:15
    at new Promise (<anonymous>)
    at DatabaseService.run (/home/tian/clawdbot/work/Ainews/server/services/DatabaseService.js:131:12)
    at DatabaseService.runMultiple (/home/tian/clawdbot/work/Ainews/server/services/DatabaseService.js:124:20) {
  errno: 1,
  code: 'SQLITE_ERROR',
  __augmented: true
}
执行自动恢复...
开始更新新闻...
SQLite数据库连接成功: /home/tian/clawdbot/work/Ainews/server/data/ainews.db
更新新闻时发生严重错误: Error: SQLITE_ERROR: incomplete input
--> in Database#run('\n' +
  '\n' +
  '      -- 清理30天前的请求日志\n' +
  '      CREATE TRIGGER IF NOT EXISTS cleanup_old_logs\n' +
  '      AFTER INSERT ON request_logs\n' +
  '      BEGIN\n' +
  "        DELETE FROM request_logs WHERE request_time < datetime('now', '-30 days')", [], [Function (anonymous)])
    at /home/tian/clawdbot/work/Ainews/server/services/DatabaseService.js:132:15
    at new Promise (<anonymous>)
    at DatabaseService.run (/home/tian/clawdbot/work/Ainews/server/services/DatabaseService.js:131:12)
    at DatabaseService.runMultiple (/home/tian/clawdbot/work/Ainews/server/services/DatabaseService.js:124:20) {
  errno: 1,
  code: 'SQLITE_ERROR',
  __augmented: true
}
调度自动恢复，5分钟后重试...
自动恢复失败: Error: SQLITE_ERROR: incomplete input
--> in Database#run('\n' +
  '\n' +
  '      -- 清理30天前的请求日志\n' +
  '      CREATE TRIGGER IF NOT EXISTS cleanup_old_logs\n' +
  '      AFTER INSERT ON request_logs\n' +
  '      BEGIN\n' +
  "        DELETE FROM request_logs WHERE request_time < datetime('now', '-30 days')", [], [Function (anonymous)])
    at /home/tian/clawdbot/work/Ainews/server/services/DatabaseService.js:132:15
    at new Promise (<anonymous>)
    at DatabaseService.run (/home/tian/clawdbot/work/Ainews/server/services/DatabaseService.js:131:12)
    at DatabaseService.runMultiple (/home/tian/clawdbot/work/Ainews/server/services/DatabaseService.js:124:20) {
  errno: 1,
  code: 'SQLITE_ERROR',
  __augmented: true
}
开始更新新闻...
SQLite数据库连接成功: /home/tian/clawdbot/work/Ainews/server/data/ainews.db
更新新闻时发生严重错误: Error: SQLITE_ERROR: incomplete input
--> in Database#run('\n' +
  '\n' +
  '      -- 清理30天前的请求日志\n' +
  '      CREATE TRIGGER IF NOT EXISTS cleanup_old_logs\n' +
  '      AFTER INSERT ON request_logs\n' +
  '      BEGIN\n' +
  "        DELETE FROM request_logs WHERE request_time < datetime('now', '-30 days')", [], [Function (anonymous)])
    at /home/tian/clawdbot/work/Ainews/server/services/DatabaseService.js:132:15
    at new Promise (<anonymous>)
    at DatabaseService.run (/home/tian/clawdbot/work/Ainews/server/services/DatabaseService.js:131:12)
    at DatabaseService.runMultiple (/home/tian/clawdbot/work/Ainews/server/services/DatabaseService.js:124:20) {
  errno: 1,
  code: 'SQLITE_ERROR',
  __augmented: true
}
调度自动恢复，5分钟后重试...
❌ 恢复初始化失败: Error: SQLITE_ERROR: incomplete input
--> in Database#run('\n' +
  '\n' +
  '      -- 清理30天前的请求日志\n' +
  '      CREATE TRIGGER IF NOT EXISTS cleanup_old_logs\n' +
  '      AFTER INSERT ON request_logs\n' +
  '      BEGIN\n' +
  "        DELETE FROM request_logs WHERE request_time < datetime('now', '-30 days')", [], [Function (anonymous)])
    at /home/tian/clawdbot/work/Ainews/server/services/DatabaseService.js:132:15
    at new Promise (<anonymous>)
    at DatabaseService.run (/home/tian/clawdbot/work/Ainews/server/services/DatabaseService.js:131:12)
    at DatabaseService.runMultiple (/home/tian/clawdbot/work/Ainews/server/services/DatabaseService.js:124:20) {
  errno: 1,
  code: 'SQLITE_ERROR',
  __augmented: true
}
📅 调度初始化恢复，2分钟后重试...
执行自动恢复...
开始更新新闻...
SQLite数据库连接成功: /home/tian/clawdbot/work/Ainews/server/data/ainews.db
更新新闻时发生严重错误: Error: SQLITE_ERROR: incomplete input
--> in Database#run('\n' +
  '\n' +
  '      -- 清理30天前的请求日志\n' +
  '      CREATE TRIGGER IF NOT EXISTS cleanup_old_logs\n' +
  '      AFTER INSERT ON request_logs\n' +
  '      BEGIN\n' +
  "        DELETE FROM request_logs WHERE request_time < datetime('now', '-30 days')", [], [Function (anonymous)])
    at /home/tian/clawdbot/work/Ainews/server/services/DatabaseService.js:132:15
    at new Promise (<anonymous>)
    at DatabaseService.run (/home/tian/clawdbot/work/Ainews/server/services/DatabaseService.js:131:12)
    at DatabaseService.runMultiple (/home/tian/clawdbot/work/Ainews/server/services/DatabaseService.js:124:20) {
  errno: 1,
  code: 'SQLITE_ERROR',
  __augmented: true
}
调度自动恢复，5分钟后重试...
自动恢复失败: Error: SQLITE_ERROR: incomplete input
--> in Database#run('\n' +
  '\n' +
  '      -- 清理30天前的请求日志\n' +
  '      CREATE TRIGGER IF NOT EXISTS cleanup_old_logs\n' +
  '      AFTER INSERT ON request_logs\n' +
  '      BEGIN\n' +
  "        DELETE FROM request_logs WHERE request_time < datetime('now', '-30 days')", [], [Function (anonymous)])
    at /home/tian/clawdbot/work/Ainews/server/services/DatabaseService.js:132:15
    at new Promise (<anonymous>)
    at DatabaseService.run (/home/tian/clawdbot/work/Ainews/server/services/DatabaseService.js:131:12)
    at DatabaseService.runMultiple (/home/tian/clawdbot/work/Ainews/server/services/DatabaseService.js:124:20) {
  errno: 1,
  code: 'SQLITE_ERROR',
  __augmented: true
}
执行自动恢复...
开始更新新闻...
SQLite数据库连接成功: /home/tian/clawdbot/work/Ainews/server/data/ainews.db
更新新闻时发生严重错误: Error: SQLITE_ERROR: incomplete input
--> in Database#run('\n' +
  '\n' +
  '      -- 清理30天前的请求日志\n' +
  '      CREATE TRIGGER IF NOT EXISTS cleanup_old_logs\n' +
  '      AFTER INSERT ON request_logs\n' +
  '      BEGIN\n' +
  "        DELETE FROM request_logs WHERE request_time < datetime('now', '-30 days')", [], [Function (anonymous)])
    at /home/tian/clawdbot/work/Ainews/server/services/DatabaseService.js:132:15
    at new Promise (<anonymous>)
    at DatabaseService.run (/home/tian/clawdbot/work/Ainews/server/services/DatabaseService.js:131:12)
    at DatabaseService.runMultiple (/home/tian/clawdbot/work/Ainews/server/services/DatabaseService.js:124:20) {
  errno: 1,
  code: 'SQLITE_ERROR',
  __augmented: true
}
调度自动恢复，5分钟后重试...
自动恢复失败: Error: SQLITE_ERROR: incomplete input
--> in Database#run('\n' +
  '\n' +
  '      -- 清理30天前的请求日志\n' +
  '      CREATE TRIGGER IF NOT EXISTS cleanup_old_logs\n' +
  '      AFTER INSERT ON request_logs\n' +
  '      BEGIN\n' +
  "        DELETE FROM request_logs WHERE request_time < datetime('now', '-30 days')", [], [Function (anonymous)])
    at /home/tian/clawdbot/work/Ainews/server/services/DatabaseService.js:132:15
    at new Promise (<anonymous>)
    at DatabaseService.run (/home/tian/clawdbot/work/Ainews/server/services/DatabaseService.js:131:12)
    at DatabaseService.runMultiple (/home/tian/clawdbot/work/Ainews/server/services/DatabaseService.js:124:20) {
  errno: 1,
  code: 'SQLITE_ERROR',
  __augmented: true
}
执行自动恢复...
开始更新新闻...
SQLite数据库连接成功: /home/tian/clawdbot/work/Ainews/server/data/ainews.db
更新新闻时发生严重错误: Error: SQLITE_ERROR: incomplete input
--> in Database#run('\n' +
  '\n' +
  '      -- 清理30天前的请求日志\n' +
  '      CREATE TRIGGER IF NOT EXISTS cleanup_old_logs\n' +
  '      AFTER INSERT ON request_logs\n' +
  '      BEGIN\n' +
  "        DELETE FROM request_logs WHERE request_time < datetime('now', '-30 days')", [], [Function (anonymous)])
    at /home/tian/clawdbot/work/Ainews/server/services/DatabaseService.js:132:15
    at new Promise (<anonymous>)
    at DatabaseService.run (/home/tian/clawdbot/work/Ainews/server/services/DatabaseService.js:131:12)
    at DatabaseService.runMultiple (/home/tian/clawdbot/work/Ainews/server/services/DatabaseService.js:124:20) {
  errno: 1,
  code: 'SQLITE_ERROR',
  __augmented: true
}
调度自动恢复，5分钟后重试...
自动恢复失败: Error: SQLITE_ERROR: incomplete input
--> in Database#run('\n' +
  '\n' +
  '      -- 清理30天前的请求日志\n' +
  '      CREATE TRIGGER IF NOT EXISTS cleanup_old_logs\n' +
  '      AFTER INSERT ON request_logs\n' +
  '      BEGIN\n' +
  "        DELETE FROM request_logs WHERE request_time < datetime('now', '-30 days')", [], [Function (anonymous)])
    at /home/tian/clawdbot/work/Ainews/server/services/DatabaseService.js:132:15
    at new Promise (<anonymous>)
    at DatabaseService.run (/home/tian/clawdbot/work/Ainews/server/services/DatabaseService.js:131:12)
    at DatabaseService.runMultiple (/home/tian/clawdbot/work/Ainews/server/services/DatabaseService.js:124:20) {
  errno: 1,
  code: 'SQLITE_ERROR',
  __augmented: true
}
执行自动恢复...
开始更新新闻...
SQLite数据库连接成功: /home/tian/clawdbot/work/Ainews/server/data/ainews.db
更新新闻时发生严重错误: Error: SQLITE_ERROR: incomplete input
--> in Database#run('\n' +
  '\n' +
  '      -- 清理30天前的请求日志\n' +
  '      CREATE TRIGGER IF NOT EXISTS cleanup_old_logs\n' +
  '      AFTER INSERT ON request_logs\n' +
  '      BEGIN\n' +
  "        DELETE FROM request_logs WHERE request_time < datetime('now', '-30 days')", [], [Function (anonymous)])
    at /home/tian/clawdbot/work/Ainews/server/services/DatabaseService.js:132:15
    at new Promise (<anonymous>)
    at DatabaseService.run (/home/tian/clawdbot/work/Ainews/server/services/DatabaseService.js:131:12)
    at DatabaseService.runMultiple (/home/tian/clawdbot/work/Ainews/server/services/DatabaseService.js:124:20) {
  errno: 1,
  code: 'SQLITE_ERROR',
  __augmented: true
}
调度自动恢复，5分钟后重试...
自动恢复失败: Error: SQLITE_ERROR: incomplete input
--> in Database#run('\n' +
  '\n' +
  '      -- 清理30天前的请求日志\n' +
  '      CREATE TRIGGER IF NOT EXISTS cleanup_old_logs\n' +
  '      AFTER INSERT ON request_logs\n' +
  '      BEGIN\n' +
  "        DELETE FROM request_logs WHERE request_time < datetime('now', '-30 days')", [], [Function (anonymous)])
    at /home/tian/clawdbot/work/Ainews/server/services/DatabaseService.js:132:15
    at new Promise (<anonymous>)
    at DatabaseService.run (/home/tian/clawdbot/work/Ainews/server/services/DatabaseService.js:131:12)
    at DatabaseService.runMultiple (/home/tian/clawdbot/work/Ainews/server/services/DatabaseService.js:124:20) {
  errno: 1,
  code: 'SQLITE_ERROR',
  __augmented: true
}
执行自动恢复...
开始更新新闻...
SQLite数据库连接成功: /home/tian/clawdbot/work/Ainews/server/data/ainews.db
更新新闻时发生严重错误: Error: SQLITE_ERROR: incomplete input
--> in Database#run('\n' +
  '\n' +
  '      -- 清理30天前的请求日志\n' +
  '      CREATE TRIGGER IF NOT EXISTS cleanup_old_logs\n' +
  '      AFTER INSERT ON request_logs\n' +
  '      BEGIN\n' +
  "        DELETE FROM request_logs WHERE request_time < datetime('now', '-30 days')", [], [Function (anonymous)])
    at /home/tian/clawdbot/work/Ainews/server/services/DatabaseService.js:132:15
    at new Promise (<anonymous>)
    at DatabaseService.run (/home/tian/clawdbot/work/Ainews/server/services/DatabaseService.js:131:12)
    at DatabaseService.runMultiple (/home/tian/clawdbot/work/Ainews/server/services/DatabaseService.js:124:20) {
  errno: 1,
  code: 'SQLITE_ERROR',
  __augmented: true
}
调度自动恢复，5分钟后重试...
自动恢复失败: Error: SQLITE_ERROR: incomplete input
--> in Database#run('\n' +
  '\n' +
  '      -- 清理30天前的请求日志\n' +
  '      CREATE TRIGGER IF NOT EXISTS cleanup_old_logs\n' +
  '      AFTER INSERT ON request_logs\n' +
  '      BEGIN\n' +
  "        DELETE FROM request_logs WHERE request_time < datetime('now', '-30 days')", [], [Function (anonymous)])
    at /home/tian/clawdbot/work/Ainews/server/services/DatabaseService.js:132:15
    at new Promise (<anonymous>)
    at DatabaseService.run (/home/tian/clawdbot/work/Ainews/server/services/DatabaseService.js:131:12)
    at DatabaseService.runMultiple (/home/tian/clawdbot/work/Ainews/server/services/DatabaseService.js:124:20) {
  errno: 1,
  code: 'SQLITE_ERROR',
  __augmented: true
}
执行自动恢复...
开始更新新闻...
SQLite数据库连接成功: /home/tian/clawdbot/work/Ainews/server/data/ainews.db
更新新闻时发生严重错误: Error: SQLITE_ERROR: incomplete input
--> in Database#run('\n' +
  '\n' +
  '      -- 清理30天前的请求日志\n' +
  '      CREATE TRIGGER IF NOT EXISTS cleanup_old_logs\n' +
  '      AFTER INSERT ON request_logs\n' +
  '      BEGIN\n' +
  "        DELETE FROM request_logs WHERE request_time < datetime('now', '-30 days')", [], [Function (anonymous)])
    at /home/tian/clawdbot/work/Ainews/server/services/DatabaseService.js:132:15
    at new Promise (<anonymous>)
    at DatabaseService.run (/home/tian/clawdbot/work/Ainews/server/services/DatabaseService.js:131:12)
    at DatabaseService.runMultiple (/home/tian/clawdbot/work/Ainews/server/services/DatabaseService.js:124:20) {
  errno: 1,
  code: 'SQLITE_ERROR',
  __augmented: true
}
调度自动恢复，5分钟后重试...
自动恢复失败: Error: SQLITE_ERROR: incomplete input
--> in Database#run('\n' +
  '\n' +
  '      -- 清理30天前的请求日志\n' +
  '      CREATE TRIGGER IF NOT EXISTS cleanup_old_logs\n' +
  '      AFTER INSERT ON request_logs\n' +
  '      BEGIN\n' +
  "        DELETE FROM request_logs WHERE request_time < datetime('now', '-30 days')", [], [Function (anonymous)])
    at /home/tian/clawdbot/work/Ainews/server/services/DatabaseService.js:132:15
    at new Promise (<anonymous>)
    at DatabaseService.run (/home/tian/clawdbot/work/Ainews/server/services/DatabaseService.js:131:12)
    at DatabaseService.runMultiple (/home/tian/clawdbot/work/Ainews/server/services/DatabaseService.js:124:20) {
  errno: 1,
  code: 'SQLITE_ERROR',
  __augmented: true
}
执行自动恢复...
开始更新新闻...
SQLite数据库连接成功: /home/tian/clawdbot/work/Ainews/server/data/ainews.db
更新新闻时发生严重错误: Error: SQLITE_ERROR: incomplete input
--> in Database#run('\n' +
  '\n' +
  '      -- 清理30天前的请求日志\n' +
  '      CREATE TRIGGER IF NOT EXISTS cleanup_old_logs\n' +
  '      AFTER INSERT ON request_logs\n' +
  '      BEGIN\n' +
  "        DELETE FROM request_logs WHERE request_time < datetime('now', '-30 days')", [], [Function (anonymous)])
    at /home/tian/clawdbot/work/Ainews/server/services/DatabaseService.js:132:15
    at new Promise (<anonymous>)
    at DatabaseService.run (/home/tian/clawdbot/work/Ainews/server/services/DatabaseService.js:131:12)
    at DatabaseService.runMultiple (/home/tian/clawdbot/work/Ainews/server/services/DatabaseService.js:124:20) {
  errno: 1,
  code: 'SQLITE_ERROR',
  __augmented: true
}
调度自动恢复，5分钟后重试...
自动恢复失败: Error: SQLITE_ERROR: incomplete input
--> in Database#run('\n' +
  '\n' +
  '      -- 清理30天前的请求日志\n' +
  '      CREATE TRIGGER IF NOT EXISTS cleanup_old_logs\n' +
  '      AFTER INSERT ON request_logs\n' +
  '      BEGIN\n' +
  "        DELETE FROM request_logs WHERE request_time < datetime('now', '-30 days')", [], [Function (anonymous)])
    at /home/tian/clawdbot/work/Ainews/server/services/DatabaseService.js:132:15
    at new Promise (<anonymous>)
    at DatabaseService.run (/home/tian/clawdbot/work/Ainews/server/services/DatabaseService.js:131:12)
    at DatabaseService.runMultiple (/home/tian/clawdbot/work/Ainews/server/services/DatabaseService.js:124:20) {
  errno: 1,
  code: 'SQLITE_ERROR',
  __augmented: true
}
执行自动恢复...
开始更新新闻...
SQLite数据库连接成功: /home/tian/clawdbot/work/Ainews/server/data/ainews.db
更新新闻时发生严重错误: Error: SQLITE_ERROR: incomplete input
--> in Database#run('\n' +
  '\n' +
  '      -- 清理30天前的请求日志\n' +
  '      CREATE TRIGGER IF NOT EXISTS cleanup_old_logs\n' +
  '      AFTER INSERT ON request_logs\n' +
  '      BEGIN\n' +
  "        DELETE FROM request_logs WHERE request_time < datetime('now', '-30 days')", [], [Function (anonymous)])
    at /home/tian/clawdbot/work/Ainews/server/services/DatabaseService.js:132:15
    at new Promise (<anonymous>)
    at DatabaseService.run (/home/tian/clawdbot/work/Ainews/server/services/DatabaseService.js:131:12)
    at DatabaseService.runMultiple (/home/tian/clawdbot/work/Ainews/server/services/DatabaseService.js:124:20) {
  errno: 1,
  code: 'SQLITE_ERROR',
  __augmented: true
}
调度自动恢复，5分钟后重试...
自动恢复失败: Error: SQLITE_ERROR: incomplete input
--> in Database#run('\n' +
  '\n' +
  '      -- 清理30天前的请求日志\n' +
  '      CREATE TRIGGER IF NOT EXISTS cleanup_old_logs\n' +
  '      AFTER INSERT ON request_logs\n' +
  '      BEGIN\n' +
  "        DELETE FROM request_logs WHERE request_time < datetime('now', '-30 days')", [], [Function (anonymous)])
    at /home/tian/clawdbot/work/Ainews/server/services/DatabaseService.js:132:15
    at new Promise (<anonymous>)
    at DatabaseService.run (/home/tian/clawdbot/work/Ainews/server/services/DatabaseService.js:131:12)
    at DatabaseService.runMultiple (/home/tian/clawdbot/work/Ainews/server/services/DatabaseService.js:124:20) {
  errno: 1,
  code: 'SQLITE_ERROR',
  __augmented: true
}
执行自动恢复...
开始更新新闻...
SQLite数据库连接成功: /home/tian/clawdbot/work/Ainews/server/data/ainews.db
更新新闻时发生严重错误: Error: SQLITE_ERROR: incomplete input
--> in Database#run('\n' +
  '\n' +
  '      -- 清理30天前的请求日志\n' +
  '      CREATE TRIGGER IF NOT EXISTS cleanup_old_logs\n' +
  '      AFTER INSERT ON request_logs\n' +
  '      BEGIN\n' +
  "        DELETE FROM request_logs WHERE request_time < datetime('now', '-30 days')", [], [Function (anonymous)])
    at /home/tian/clawdbot/work/Ainews/server/services/DatabaseService.js:132:15
    at new Promise (<anonymous>)
    at DatabaseService.run (/home/tian/clawdbot/work/Ainews/server/services/DatabaseService.js:131:12)
    at DatabaseService.runMultiple (/home/tian/clawdbot/work/Ainews/server/services/DatabaseService.js:124:20) {
  errno: 1,
  code: 'SQLITE_ERROR',
  __augmented: true
}
调度自动恢复，5分钟后重试...
自动恢复失败: Error: SQLITE_ERROR: incomplete input
--> in Database#run('\n' +
  '\n' +
  '      -- 清理30天前的请求日志\n' +
  '      CREATE TRIGGER IF NOT EXISTS cleanup_old_logs\n' +
  '      AFTER INSERT ON request_logs\n' +
  '      BEGIN\n' +
  "        DELETE FROM request_logs WHERE request_time < datetime('now', '-30 days')", [], [Function (anonymous)])
    at /home/tian/clawdbot/work/Ainews/server/services/DatabaseService.js:132:15
    at new Promise (<anonymous>)
    at DatabaseService.run (/home/tian/clawdbot/work/Ainews/server/services/DatabaseService.js:131:12)
    at DatabaseService.runMultiple (/home/tian/clawdbot/work/Ainews/server/services/DatabaseService.js:124:20) {
  errno: 1,
  code: 'SQLITE_ERROR',
  __augmented: true
}
开始更新新闻...
SQLite数据库连接成功: /home/tian/clawdbot/work/Ainews/server/data/ainews.db
更新新闻时发生严重错误: Error: SQLITE_ERROR: incomplete input
--> in Database#run('\n' +
  '\n' +
  '      -- 清理30天前的请求日志\n' +
  '      CREATE TRIGGER IF NOT EXISTS cleanup_old_logs\n' +
  '      AFTER INSERT ON request_logs\n' +
  '      BEGIN\n' +
  "        DELETE FROM request_logs WHERE request_time < datetime('now', '-30 days')", [], [Function (anonymous)])
    at /home/tian/clawdbot/work/Ainews/server/services/DatabaseService.js:132:15
    at new Promise (<anonymous>)
    at DatabaseService.run (/home/tian/clawdbot/work/Ainews/server/services/DatabaseService.js:131:12)
    at DatabaseService.runMultiple (/home/tian/clawdbot/work/Ainews/server/services/DatabaseService.js:124:20) {
  errno: 1,
  code: 'SQLITE_ERROR',
  __augmented: true
}
调度自动恢复，5分钟后重试...
❌ 恢复初始化失败: Error: SQLITE_ERROR: incomplete input
--> in Database#run('\n' +
  '\n' +
  '      -- 清理30天前的请求日志\n' +
  '      CREATE TRIGGER IF NOT EXISTS cleanup_old_logs\n' +
  '      AFTER INSERT ON request_logs\n' +
  '      BEGIN\n' +
  "        DELETE FROM request_logs WHERE request_time < datetime('now', '-30 days')", [], [Function (anonymous)])
    at /home/tian/clawdbot/work/Ainews/server/services/DatabaseService.js:132:15
    at new Promise (<anonymous>)
    at DatabaseService.run (/home/tian/clawdbot/work/Ainews/server/services/DatabaseService.js:131:12)
    at DatabaseService.runMultiple (/home/tian/clawdbot/work/Ainews/server/services/DatabaseService.js:124:20) {
  errno: 1,
  code: 'SQLITE_ERROR',
  __augmented: true
}
📅 调度初始化恢复，2分钟后重试...
执行自动恢复...
开始更新新闻...
SQLite数据库连接成功: /home/tian/clawdbot/work/Ainews/server/data/ainews.db
更新新闻时发生严重错误: Error: SQLITE_ERROR: incomplete input
--> in Database#run('\n' +
  '\n' +
  '      -- 清理30天前的请求日志\n' +
  '      CREATE TRIGGER IF NOT EXISTS cleanup_old_logs\n' +
  '      AFTER INSERT ON request_logs\n' +
  '      BEGIN\n' +
  "        DELETE FROM request_logs WHERE request_time < datetime('now', '-30 days')", [], [Function (anonymous)])
    at /home/tian/clawdbot/work/Ainews/server/services/DatabaseService.js:132:15
    at new Promise (<anonymous>)
    at DatabaseService.run (/home/tian/clawdbot/work/Ainews/server/services/DatabaseService.js:131:12)
    at DatabaseService.runMultiple (/home/tian/clawdbot/work/Ainews/server/services/DatabaseService.js:124:20) {
  errno: 1,
  code: 'SQLITE_ERROR',
  __augmented: true
}
调度自动恢复，5分钟后重试...
自动恢复失败: Error: SQLITE_ERROR: incomplete input
--> in Database#run('\n' +
  '\n' +
  '      -- 清理30天前的请求日志\n' +
  '      CREATE TRIGGER IF NOT EXISTS cleanup_old_logs\n' +
  '      AFTER INSERT ON request_logs\n' +
  '      BEGIN\n' +
  "        DELETE FROM request_logs WHERE request_time < datetime('now', '-30 days')", [], [Function (anonymous)])
    at /home/tian/clawdbot/work/Ainews/server/services/DatabaseService.js:132:15
    at new Promise (<anonymous>)
    at DatabaseService.run (/home/tian/clawdbot/work/Ainews/server/services/DatabaseService.js:131:12)
    at DatabaseService.runMultiple (/home/tian/clawdbot/work/Ainews/server/services/DatabaseService.js:124:20) {
  errno: 1,
  code: 'SQLITE_ERROR',
  __augmented: true
}
执行自动恢复...
开始更新新闻...
SQLite数据库连接成功: /home/tian/clawdbot/work/Ainews/server/data/ainews.db
更新新闻时发生严重错误: Error: SQLITE_ERROR: incomplete input
--> in Database#run('\n' +
  '\n' +
  '      -- 清理30天前的请求日志\n' +
  '      CREATE TRIGGER IF NOT EXISTS cleanup_old_logs\n' +
  '      AFTER INSERT ON request_logs\n' +
  '      BEGIN\n' +
  "        DELETE FROM request_logs WHERE request_time < datetime('now', '-30 days')", [], [Function (anonymous)])
    at /home/tian/clawdbot/work/Ainews/server/services/DatabaseService.js:132:15
    at new Promise (<anonymous>)
    at DatabaseService.run (/home/tian/clawdbot/work/Ainews/server/services/DatabaseService.js:131:12)
    at DatabaseService.runMultiple (/home/tian/clawdbot/work/Ainews/server/services/DatabaseService.js:124:20) {
  errno: 1,
  code: 'SQLITE_ERROR',
  __augmented: true
}
调度自动恢复，5分钟后重试...
自动恢复失败: Error: SQLITE_ERROR: incomplete input
--> in Database#run('\n' +
  '\n' +
  '      -- 清理30天前的请求日志\n' +
  '      CREATE TRIGGER IF NOT EXISTS cleanup_old_logs\n' +
  '      AFTER INSERT ON request_logs\n' +
  '      BEGIN\n' +
  "        DELETE FROM request_logs WHERE request_time < datetime('now', '-30 days')", [], [Function (anonymous)])
    at /home/tian/clawdbot/work/Ainews/server/services/DatabaseService.js:132:15
    at new Promise (<anonymous>)
    at DatabaseService.run (/home/tian/clawdbot/work/Ainews/server/services/DatabaseService.js:131:12)
    at DatabaseService.runMultiple (/home/tian/clawdbot/work/Ainews/server/services/DatabaseService.js:124:20) {
  errno: 1,
  code: 'SQLITE_ERROR',
  __augmented: true
}
执行自动恢复...
开始更新新闻...
SQLite数据库连接成功: /home/tian/clawdbot/work/Ainews/server/data/ainews.db
更新新闻时发生严重错误: Error: SQLITE_ERROR: incomplete input
--> in Database#run('\n' +
  '\n' +
  '      -- 清理30天前的请求日志\n' +
  '      CREATE TRIGGER IF NOT EXISTS cleanup_old_logs\n' +
  '      AFTER INSERT ON request_logs\n' +
  '      BEGIN\n' +
  "        DELETE FROM request_logs WHERE request_time < datetime('now', '-30 days')", [], [Function (anonymous)])
    at /home/tian/clawdbot/work/Ainews/server/services/DatabaseService.js:132:15
    at new Promise (<anonymous>)
    at DatabaseService.run (/home/tian/clawdbot/work/Ainews/server/services/DatabaseService.js:131:12)
    at DatabaseService.runMultiple (/home/tian/clawdbot/work/Ainews/server/services/DatabaseService.js:124:20) {
  errno: 1,
  code: 'SQLITE_ERROR',
  __augmented: true
}
调度自动恢复，5分钟后重试...
自动恢复失败: Error: SQLITE_ERROR: incomplete input
--> in Database#run('\n' +
  '\n' +
  '      -- 清理30天前的请求日志\n' +
  '      CREATE TRIGGER IF NOT EXISTS cleanup_old_logs\n' +
  '      AFTER INSERT ON request_logs\n' +
  '      BEGIN\n' +
  "        DELETE FROM request_logs WHERE request_time < datetime('now', '-30 days')", [], [Function (anonymous)])
    at /home/tian/clawdbot/work/Ainews/server/services/DatabaseService.js:132:15
    at new Promise (<anonymous>)
    at DatabaseService.run (/home/tian/clawdbot/work/Ainews/server/services/DatabaseService.js:131:12)
    at DatabaseService.runMultiple (/home/tian/clawdbot/work/Ainews/server/services/DatabaseService.js:124:20) {
  errno: 1,
  code: 'SQLITE_ERROR',
  __augmented: true
}
执行自动恢复...
开始更新新闻...
SQLite数据库连接成功: /home/tian/clawdbot/work/Ainews/server/data/ainews.db
更新新闻时发生严重错误: Error: SQLITE_ERROR: incomplete input
--> in Database#run('\n' +
  '\n' +
  '      -- 清理30天前的请求日志\n' +
  '      CREATE TRIGGER IF NOT EXISTS cleanup_old_logs\n' +
  '      AFTER INSERT ON request_logs\n' +
  '      BEGIN\n' +
  "        DELETE FROM request_logs WHERE request_time < datetime('now', '-30 days')", [], [Function (anonymous)])
    at /home/tian/clawdbot/work/Ainews/server/services/DatabaseService.js:132:15
    at new Promise (<anonymous>)
    at DatabaseService.run (/home/tian/clawdbot/work/Ainews/server/services/DatabaseService.js:131:12)
    at DatabaseService.runMultiple (/home/tian/clawdbot/work/Ainews/server/services/DatabaseService.js:124:20) {
  errno: 1,
  code: 'SQLITE_ERROR',
  __augmented: true
}
调度自动恢复，5分钟后重试...
自动恢复失败: Error: SQLITE_ERROR: incomplete input
--> in Database#run('\n' +
  '\n' +
  '      -- 清理30天前的请求日志\n' +
  '      CREATE TRIGGER IF NOT EXISTS cleanup_old_logs\n' +
  '      AFTER INSERT ON request_logs\n' +
  '      BEGIN\n' +
  "        DELETE FROM request_logs WHERE request_time < datetime('now', '-30 days')", [], [Function (anonymous)])
    at /home/tian/clawdbot/work/Ainews/server/services/DatabaseService.js:132:15
    at new Promise (<anonymous>)
    at DatabaseService.run (/home/tian/clawdbot/work/Ainews/server/services/DatabaseService.js:131:12)
    at DatabaseService.runMultiple (/home/tian/clawdbot/work/Ainews/server/services/DatabaseService.js:124:20) {
  errno: 1,
  code: 'SQLITE_ERROR',
  __augmented: true
}
执行自动恢复...
开始更新新闻...
SQLite数据库连接成功: /home/tian/clawdbot/work/Ainews/server/data/ainews.db
更新新闻时发生严重错误: Error: SQLITE_ERROR: incomplete input
--> in Database#run('\n' +
  '\n' +
  '      -- 清理30天前的请求日志\n' +
  '      CREATE TRIGGER IF NOT EXISTS cleanup_old_logs\n' +
  '      AFTER INSERT ON request_logs\n' +
  '      BEGIN\n' +
  "        DELETE FROM request_logs WHERE request_time < datetime('now', '-30 days')", [], [Function (anonymous)])
    at /home/tian/clawdbot/work/Ainews/server/services/DatabaseService.js:132:15
    at new Promise (<anonymous>)
    at DatabaseService.run (/home/tian/clawdbot/work/Ainews/server/services/DatabaseService.js:131:12)
    at DatabaseService.runMultiple (/home/tian/clawdbot/work/Ainews/server/services/DatabaseService.js:124:20) {
  errno: 1,
  code: 'SQLITE_ERROR',
  __augmented: true
}
调度自动恢复，5分钟后重试...
自动恢复失败: Error: SQLITE_ERROR: incomplete input
--> in Database#run('\n' +
  '\n' +
  '      -- 清理30天前的请求日志\n' +
  '      CREATE TRIGGER IF NOT EXISTS cleanup_old_logs\n' +
  '      AFTER INSERT ON request_logs\n' +
  '      BEGIN\n' +
  "        DELETE FROM request_logs WHERE request_time < datetime('now', '-30 days')", [], [Function (anonymous)])
    at /home/tian/clawdbot/work/Ainews/server/services/DatabaseService.js:132:15
    at new Promise (<anonymous>)
    at DatabaseService.run (/home/tian/clawdbot/work/Ainews/server/services/DatabaseService.js:131:12)
    at DatabaseService.runMultiple (/home/tian/clawdbot/work/Ainews/server/services/DatabaseService.js:124:20) {
  errno: 1,
  code: 'SQLITE_ERROR',
  __augmented: true
}
执行自动恢复...
开始更新新闻...
SQLite数据库连接成功: /home/tian/clawdbot/work/Ainews/server/data/ainews.db
更新新闻时发生严重错误: Error: SQLITE_ERROR: incomplete input
--> in Database#run('\n' +
  '\n' +
  '      -- 清理30天前的请求日志\n' +
  '      CREATE TRIGGER IF NOT EXISTS cleanup_old_logs\n' +
  '      AFTER INSERT ON request_logs\n' +
  '      BEGIN\n' +
  "        DELETE FROM request_logs WHERE request_time < datetime('now', '-30 days')", [], [Function (anonymous)])
    at /home/tian/clawdbot/work/Ainews/server/services/DatabaseService.js:132:15
    at new Promise (<anonymous>)
    at DatabaseService.run (/home/tian/clawdbot/work/Ainews/server/services/DatabaseService.js:131:12)
    at DatabaseService.runMultiple (/home/tian/clawdbot/work/Ainews/server/services/DatabaseService.js:124:20) {
  errno: 1,
  code: 'SQLITE_ERROR',
  __augmented: true
}
调度自动恢复，5分钟后重试...
自动恢复失败: Error: SQLITE_ERROR: incomplete input
--> in Database#run('\n' +
  '\n' +
  '      -- 清理30天前的请求日志\n' +
  '      CREATE TRIGGER IF NOT EXISTS cleanup_old_logs\n' +
  '      AFTER INSERT ON request_logs\n' +
  '      BEGIN\n' +
  "        DELETE FROM request_logs WHERE request_time < datetime('now', '-30 days')", [], [Function (anonymous)])
    at /home/tian/clawdbot/work/Ainews/server/services/DatabaseService.js:132:15
    at new Promise (<anonymous>)
    at DatabaseService.run (/home/tian/clawdbot/work/Ainews/server/services/DatabaseService.js:131:12)
    at DatabaseService.runMultiple (/home/tian/clawdbot/work/Ainews/server/services/DatabaseService.js:124:20) {
  errno: 1,
  code: 'SQLITE_ERROR',
  __augmented: true
}
执行自动恢复...
开始更新新闻...
SQLite数据库连接成功: /home/tian/clawdbot/work/Ainews/server/data/ainews.db
更新新闻时发生严重错误: Error: SQLITE_ERROR: incomplete input
--> in Database#run('\n' +
  '\n' +
  '      -- 清理30天前的请求日志\n' +
  '      CREATE TRIGGER IF NOT EXISTS cleanup_old_logs\n' +
  '      AFTER INSERT ON request_logs\n' +
  '      BEGIN\n' +
  "        DELETE FROM request_logs WHERE request_time < datetime('now', '-30 days')", [], [Function (anonymous)])
    at /home/tian/clawdbot/work/Ainews/server/services/DatabaseService.js:132:15
    at new Promise (<anonymous>)
    at DatabaseService.run (/home/tian/clawdbot/work/Ainews/server/services/DatabaseService.js:131:12)
    at DatabaseService.runMultiple (/home/tian/clawdbot/work/Ainews/server/services/DatabaseService.js:124:20) {
  errno: 1,
  code: 'SQLITE_ERROR',
  __augmented: true
}
调度自动恢复，5分钟后重试...
自动恢复失败: Error: SQLITE_ERROR: incomplete input
--> in Database#run('\n' +
  '\n' +
  '      -- 清理30天前的请求日志\n' +
  '      CREATE TRIGGER IF NOT EXISTS cleanup_old_logs\n' +
  '      AFTER INSERT ON request_logs\n' +
  '      BEGIN\n' +
  "        DELETE FROM request_logs WHERE request_time < datetime('now', '-30 days')", [], [Function (anonymous)])
    at /home/tian/clawdbot/work/Ainews/server/services/DatabaseService.js:132:15
    at new Promise (<anonymous>)
    at DatabaseService.run (/home/tian/clawdbot/work/Ainews/server/services/DatabaseService.js:131:12)
    at DatabaseService.runMultiple (/home/tian/clawdbot/work/Ainews/server/services/DatabaseService.js:124:20) {
  errno: 1,
  code: 'SQLITE_ERROR',
  __augmented: true
}
执行自动恢复...
开始更新新闻...
SQLite数据库连接成功: /home/tian/clawdbot/work/Ainews/server/data/ainews.db
执行自动恢复...
执行自动恢复...
执行自动恢复...
更新正在进行中，跳过此次请求
✅ 恢复初始化成功
更新正在进行中，跳过此次请求
更新正在进行中，跳过此次请求
更新正在进行中，跳过此次请求
更新新闻时发生严重错误: Error: SQLITE_ERROR: incomplete input
--> in Database#run('\n' +
  '\n' +
  '      -- 清理30天前的请求日志\n' +
  '      CREATE TRIGGER IF NOT EXISTS cleanup_old_logs\n' +
  '      AFTER INSERT ON request_logs\n' +
  '      BEGIN\n' +
  "        DELETE FROM request_logs WHERE request_time < datetime('now', '-30 days')", [], [Function (anonymous)])
    at /home/tian/clawdbot/work/Ainews/server/services/DatabaseService.js:132:15
    at new Promise (<anonymous>)
    at DatabaseService.run (/home/tian/clawdbot/work/Ainews/server/services/DatabaseService.js:131:12)
    at DatabaseService.runMultiple (/home/tian/clawdbot/work/Ainews/server/services/DatabaseService.js:124:20) {
  errno: 1,
  code: 'SQLITE_ERROR',
  __augmented: true
}
调度自动恢复，5分钟后重试...
自动恢复失败: Error: SQLITE_ERROR: incomplete input
--> in Database#run('\n' +
  '\n' +
  '      -- 清理30天前的请求日志\n' +
  '      CREATE TRIGGER IF NOT EXISTS cleanup_old_logs\n' +
  '      AFTER INSERT ON request_logs\n' +
  '      BEGIN\n' +
  "        DELETE FROM request_logs WHERE request_time < datetime('now', '-30 days')", [], [Function (anonymous)])
    at /home/tian/clawdbot/work/Ainews/server/services/DatabaseService.js:132:15
    at new Promise (<anonymous>)
    at DatabaseService.run (/home/tian/clawdbot/work/Ainews/server/services/DatabaseService.js:131:12)
    at DatabaseService.runMultiple (/home/tian/clawdbot/work/Ainews/server/services/DatabaseService.js:124:20) {
  errno: 1,
  code: 'SQLITE_ERROR',
  __augmented: true
}
执行自动恢复...
开始更新新闻...
SQLite数据库连接成功: /home/tian/clawdbot/work/Ainews/server/data/ainews.db
更新新闻时发生严重错误: Error: SQLITE_ERROR: incomplete input
--> in Database#run('\n' +
  '\n' +
  '      -- 清理30天前的请求日志\n' +
  '      CREATE TRIGGER IF NOT EXISTS cleanup_old_logs\n' +
  '      AFTER INSERT ON request_logs\n' +
  '      BEGIN\n' +
  "        DELETE FROM request_logs WHERE request_time < datetime('now', '-30 days')", [], [Function (anonymous)])
    at /home/tian/clawdbot/work/Ainews/server/services/DatabaseService.js:132:15
    at new Promise (<anonymous>)
    at DatabaseService.run (/home/tian/clawdbot/work/Ainews/server/services/DatabaseService.js:131:12)
    at DatabaseService.runMultiple (/home/tian/clawdbot/work/Ainews/server/services/DatabaseService.js:124:20) {
  errno: 1,
  code: 'SQLITE_ERROR',
  __augmented: true
}
调度自动恢复，5分钟后重试...
自动恢复失败: Error: SQLITE_ERROR: incomplete input
--> in Database#run('\n' +
  '\n' +
  '      -- 清理30天前的请求日志\n' +
  '      CREATE TRIGGER IF NOT EXISTS cleanup_old_logs\n' +
  '      AFTER INSERT ON request_logs\n' +
  '      BEGIN\n' +
  "        DELETE FROM request_logs WHERE request_time < datetime('now', '-30 days')", [], [Function (anonymous)])
    at /home/tian/clawdbot/work/Ainews/server/services/DatabaseService.js:132:15
    at new Promise (<anonymous>)
    at DatabaseService.run (/home/tian/clawdbot/work/Ainews/server/services/DatabaseService.js:131:12)
    at DatabaseService.runMultiple (/home/tian/clawdbot/work/Ainews/server/services/DatabaseService.js:124:20) {
  errno: 1,
  code: 'SQLITE_ERROR',
  __augmented: true
}
执行自动恢复...
开始更新新闻...
SQLite数据库连接成功: /home/tian/clawdbot/work/Ainews/server/data/ainews.db
更新新闻时发生严重错误: Error: SQLITE_ERROR: incomplete input
--> in Database#run('\n' +
  '\n' +
  '      -- 清理30天前的请求日志\n' +
  '      CREATE TRIGGER IF NOT EXISTS cleanup_old_logs\n' +
  '      AFTER INSERT ON request_logs\n' +
  '      BEGIN\n' +
  "        DELETE FROM request_logs WHERE request_time < datetime('now', '-30 days')", [], [Function (anonymous)])
    at /home/tian/clawdbot/work/Ainews/server/services/DatabaseService.js:132:15
    at new Promise (<anonymous>)
    at DatabaseService.run (/home/tian/clawdbot/work/Ainews/server/services/DatabaseService.js:131:12)
    at DatabaseService.runMultiple (/home/tian/clawdbot/work/Ainews/server/services/DatabaseService.js:124:20) {
  errno: 1,
  code: 'SQLITE_ERROR',
  __augmented: true
}
调度自动恢复，5分钟后重试...
自动恢复失败: Error: SQLITE_ERROR: incomplete input
--> in Database#run('\n' +
  '\n' +
  '      -- 清理30天前的请求日志\n' +
  '      CREATE TRIGGER IF NOT EXISTS cleanup_old_logs\n' +
  '      AFTER INSERT ON request_logs\n' +
  '      BEGIN\n' +
  "        DELETE FROM request_logs WHERE request_time < datetime('now', '-30 days')", [], [Function (anonymous)])
    at /home/tian/clawdbot/work/Ainews/server/services/DatabaseService.js:132:15
    at new Promise (<anonymous>)
    at DatabaseService.run (/home/tian/clawdbot/work/Ainews/server/services/DatabaseService.js:131:12)
    at DatabaseService.runMultiple (/home/tian/clawdbot/work/Ainews/server/services/DatabaseService.js:124:20) {
  errno: 1,
  code: 'SQLITE_ERROR',
  __augmented: true
}
执行自动恢复...
开始更新新闻...
SQLite数据库连接成功: /home/tian/clawdbot/work/Ainews/server/data/ainews.db
更新新闻时发生严重错误: Error: SQLITE_ERROR: incomplete input
--> in Database#run('\n' +
  '\n' +
  '      -- 清理30天前的请求日志\n' +
  '      CREATE TRIGGER IF NOT EXISTS cleanup_old_logs\n' +
  '      AFTER INSERT ON request_logs\n' +
  '      BEGIN\n' +
  "        DELETE FROM request_logs WHERE request_time < datetime('now', '-30 days')", [], [Function (anonymous)])
    at /home/tian/clawdbot/work/Ainews/server/services/DatabaseService.js:132:15
    at new Promise (<anonymous>)
    at DatabaseService.run (/home/tian/clawdbot/work/Ainews/server/services/DatabaseService.js:131:12)
    at DatabaseService.runMultiple (/home/tian/clawdbot/work/Ainews/server/services/DatabaseService.js:124:20) {
  errno: 1,
  code: 'SQLITE_ERROR',
  __augmented: true
}
调度自动恢复，5分钟后重试...
自动恢复失败: Error: SQLITE_ERROR: incomplete input
--> in Database#run('\n' +
  '\n' +
  '      -- 清理30天前的请求日志\n' +
  '      CREATE TRIGGER IF NOT EXISTS cleanup_old_logs\n' +
  '      AFTER INSERT ON request_logs\n' +
  '      BEGIN\n' +
  "        DELETE FROM request_logs WHERE request_time < datetime('now', '-30 days')", [], [Function (anonymous)])
    at /home/tian/clawdbot/work/Ainews/server/services/DatabaseService.js:132:15
    at new Promise (<anonymous>)
    at DatabaseService.run (/home/tian/clawdbot/work/Ainews/server/services/DatabaseService.js:131:12)
    at DatabaseService.runMultiple (/home/tian/clawdbot/work/Ainews/server/services/DatabaseService.js:124:20) {
  errno: 1,
  code: 'SQLITE_ERROR',
  __augmented: true
}
执行自动恢复...
开始更新新闻...
SQLite数据库连接成功: /home/tian/clawdbot/work/Ainews/server/data/ainews.db
更新新闻时发生严重错误: Error: SQLITE_ERROR: incomplete input
--> in Database#run('\n' +
  '\n' +
  '      -- 清理30天前的请求日志\n' +
  '      CREATE TRIGGER IF NOT EXISTS cleanup_old_logs\n' +
  '      AFTER INSERT ON request_logs\n' +
  '      BEGIN\n' +
  "        DELETE FROM request_logs WHERE request_time < datetime('now', '-30 days')", [], [Function (anonymous)])
    at /home/tian/clawdbot/work/Ainews/server/services/DatabaseService.js:132:15
    at new Promise (<anonymous>)
    at DatabaseService.run (/home/tian/clawdbot/work/Ainews/server/services/DatabaseService.js:131:12)
    at DatabaseService.runMultiple (/home/tian/clawdbot/work/Ainews/server/services/DatabaseService.js:124:20) {
  errno: 1,
  code: 'SQLITE_ERROR',
  __augmented: true
}
调度自动恢复，5分钟后重试...
自动恢复失败: Error: SQLITE_ERROR: incomplete input
--> in Database#run('\n' +
  '\n' +
  '      -- 清理30天前的请求日志\n' +
  '      CREATE TRIGGER IF NOT EXISTS cleanup_old_logs\n' +
  '      AFTER INSERT ON request_logs\n' +
  '      BEGIN\n' +
  "        DELETE FROM request_logs WHERE request_time < datetime('now', '-30 days')", [], [Function (anonymous)])
    at /home/tian/clawdbot/work/Ainews/server/services/DatabaseService.js:132:15
    at new Promise (<anonymous>)
    at DatabaseService.run (/home/tian/clawdbot/work/Ainews/server/services/DatabaseService.js:131:12)
    at DatabaseService.runMultiple (/home/tian/clawdbot/work/Ainews/server/services/DatabaseService.js:124:20) {
  errno: 1,
  code: 'SQLITE_ERROR',
  __augmented: true
}
执行自动恢复...
开始更新新闻...
SQLite数据库连接成功: /home/tian/clawdbot/work/Ainews/server/data/ainews.db
更新新闻时发生严重错误: Error: SQLITE_ERROR: incomplete input
--> in Database#run('\n' +
  '\n' +
  '      -- 清理30天前的请求日志\n' +
  '      CREATE TRIGGER IF NOT EXISTS cleanup_old_logs\n' +
  '      AFTER INSERT ON request_logs\n' +
  '      BEGIN\n' +
  "        DELETE FROM request_logs WHERE request_time < datetime('now', '-30 days')", [], [Function (anonymous)])
    at /home/tian/clawdbot/work/Ainews/server/services/DatabaseService.js:132:15
    at new Promise (<anonymous>)
    at DatabaseService.run (/home/tian/clawdbot/work/Ainews/server/services/DatabaseService.js:131:12)
    at DatabaseService.runMultiple (/home/tian/clawdbot/work/Ainews/server/services/DatabaseService.js:124:20) {
  errno: 1,
  code: 'SQLITE_ERROR',
  __augmented: true
}
调度自动恢复，5分钟后重试...
自动恢复失败: Error: SQLITE_ERROR: incomplete input
--> in Database#run('\n' +
  '\n' +
  '      -- 清理30天前的请求日志\n' +
  '      CREATE TRIGGER IF NOT EXISTS cleanup_old_logs\n' +
  '      AFTER INSERT ON request_logs\n' +
  '      BEGIN\n' +
  "        DELETE FROM request_logs WHERE request_time < datetime('now', '-30 days')", [], [Function (anonymous)])
    at /home/tian/clawdbot/work/Ainews/server/services/DatabaseService.js:132:15
    at new Promise (<anonymous>)
    at DatabaseService.run (/home/tian/clawdbot/work/Ainews/server/services/DatabaseService.js:131:12)
    at DatabaseService.runMultiple (/home/tian/clawdbot/work/Ainews/server/services/DatabaseService.js:124:20) {
  errno: 1,
  code: 'SQLITE_ERROR',
  __augmented: true
}
执行自动恢复...
开始更新新闻...
SQLite数据库连接成功: /home/tian/clawdbot/work/Ainews/server/data/ainews.db
更新新闻时发生严重错误: Error: SQLITE_ERROR: incomplete input
--> in Database#run('\n' +
  '\n' +
  '      -- 清理30天前的请求日志\n' +
  '      CREATE TRIGGER IF NOT EXISTS cleanup_old_logs\n' +
  '      AFTER INSERT ON request_logs\n' +
  '      BEGIN\n' +
  "        DELETE FROM request_logs WHERE request_time < datetime('now', '-30 days')", [], [Function (anonymous)])
    at /home/tian/clawdbot/work/Ainews/server/services/DatabaseService.js:132:15
    at new Promise (<anonymous>)
    at DatabaseService.run (/home/tian/clawdbot/work/Ainews/server/services/DatabaseService.js:131:12)
    at DatabaseService.runMultiple (/home/tian/clawdbot/work/Ainews/server/services/DatabaseService.js:124:20) {
  errno: 1,
  code: 'SQLITE_ERROR',
  __augmented: true
}
调度自动恢复，5分钟后重试...
自动恢复失败: Error: SQLITE_ERROR: incomplete input
--> in Database#run('\n' +
  '\n' +
  '      -- 清理30天前的请求日志\n' +
  '      CREATE TRIGGER IF NOT EXISTS cleanup_old_logs\n' +
  '      AFTER INSERT ON request_logs\n' +
  '      BEGIN\n' +
  "        DELETE FROM request_logs WHERE request_time < datetime('now', '-30 days')", [], [Function (anonymous)])
    at /home/tian/clawdbot/work/Ainews/server/services/DatabaseService.js:132:15
    at new Promise (<anonymous>)
    at DatabaseService.run (/home/tian/clawdbot/work/Ainews/server/services/DatabaseService.js:131:12)
    at DatabaseService.runMultiple (/home/tian/clawdbot/work/Ainews/server/services/DatabaseService.js:124:20) {
  errno: 1,
  code: 'SQLITE_ERROR',
  __augmented: true
}
执行自动恢复...
开始更新新闻...
SQLite数据库连接成功: /home/tian/clawdbot/work/Ainews/server/data/ainews.db
更新新闻时发生严重错误: Error: SQLITE_ERROR: incomplete input
--> in Database#run('\n' +
  '\n' +
  '      -- 清理30天前的请求日志\n' +
  '      CREATE TRIGGER IF NOT EXISTS cleanup_old_logs\n' +
  '      AFTER INSERT ON request_logs\n' +
  '      BEGIN\n' +
  "        DELETE FROM request_logs WHERE request_time < datetime('now', '-30 days')", [], [Function (anonymous)])
    at /home/tian/clawdbot/work/Ainews/server/services/DatabaseService.js:132:15
    at new Promise (<anonymous>)
    at DatabaseService.run (/home/tian/clawdbot/work/Ainews/server/services/DatabaseService.js:131:12)
    at DatabaseService.runMultiple (/home/tian/clawdbot/work/Ainews/server/services/DatabaseService.js:124:20) {
  errno: 1,
  code: 'SQLITE_ERROR',
  __augmented: true
}
调度自动恢复，5分钟后重试...
自动恢复失败: Error: SQLITE_ERROR: incomplete input
--> in Database#run('\n' +
  '\n' +
  '      -- 清理30天前的请求日志\n' +
  '      CREATE TRIGGER IF NOT EXISTS cleanup_old_logs\n' +
  '      AFTER INSERT ON request_logs\n' +
  '      BEGIN\n' +
  "        DELETE FROM request_logs WHERE request_time < datetime('now', '-30 days')", [], [Function (anonymous)])
    at /home/tian/clawdbot/work/Ainews/server/services/DatabaseService.js:132:15
    at new Promise (<anonymous>)
    at DatabaseService.run (/home/tian/clawdbot/work/Ainews/server/services/DatabaseService.js:131:12)
    at DatabaseService.runMultiple (/home/tian/clawdbot/work/Ainews/server/services/DatabaseService.js:124:20) {
  errno: 1,
  code: 'SQLITE_ERROR',
  __augmented: true
}
执行自动恢复...
开始更新新闻...
SQLite数据库连接成功: /home/tian/clawdbot/work/Ainews/server/data/ainews.db
更新新闻时发生严重错误: Error: SQLITE_ERROR: incomplete input
--> in Database#run('\n' +
  '\n' +
  '      -- 清理30天前的请求日志\n' +
  '      CREATE TRIGGER IF NOT EXISTS cleanup_old_logs\n' +
  '      AFTER INSERT ON request_logs\n' +
  '      BEGIN\n' +
  "        DELETE FROM request_logs WHERE request_time < datetime('now', '-30 days')", [], [Function (anonymous)])
    at /home/tian/clawdbot/work/Ainews/server/services/DatabaseService.js:132:15
    at new Promise (<anonymous>)
    at DatabaseService.run (/home/tian/clawdbot/work/Ainews/server/services/DatabaseService.js:131:12)
    at DatabaseService.runMultiple (/home/tian/clawdbot/work/Ainews/server/services/DatabaseService.js:124:20) {
  errno: 1,
  code: 'SQLITE_ERROR',
  __augmented: true
}
调度自动恢复，5分钟后重试...
自动恢复失败: Error: SQLITE_ERROR: incomplete input
--> in Database#run('\n' +
  '\n' +
  '      -- 清理30天前的请求日志\n' +
  '      CREATE TRIGGER IF NOT EXISTS cleanup_old_logs\n' +
  '      AFTER INSERT ON request_logs\n' +
  '      BEGIN\n' +
  "        DELETE FROM request_logs WHERE request_time < datetime('now', '-30 days')", [], [Function (anonymous)])
    at /home/tian/clawdbot/work/Ainews/server/services/DatabaseService.js:132:15
    at new Promise (<anonymous>)
    at DatabaseService.run (/home/tian/clawdbot/work/Ainews/server/services/DatabaseService.js:131:12)
    at DatabaseService.runMultiple (/home/tian/clawdbot/work/Ainews/server/services/DatabaseService.js:124:20) {
  errno: 1,
  code: 'SQLITE_ERROR',
  __augmented: true
}
收到手动更新请求
开始更新新闻...
SQLite数据库连接成功: /home/tian/clawdbot/work/Ainews/server/data/ainews.db
更新新闻时发生严重错误: Error: SQLITE_ERROR: incomplete input
--> in Database#run('\n' +
  '\n' +
  '      -- 清理30天前的请求日志\n' +
  '      CREATE TRIGGER IF NOT EXISTS cleanup_old_logs\n' +
  '      AFTER INSERT ON request_logs\n' +
  '      BEGIN\n' +
  "        DELETE FROM request_logs WHERE request_time < datetime('now', '-30 days')", [], [Function (anonymous)])
    at /home/tian/clawdbot/work/Ainews/server/services/DatabaseService.js:132:15
    at new Promise (<anonymous>)
    at DatabaseService.run (/home/tian/clawdbot/work/Ainews/server/services/DatabaseService.js:131:12)
    at DatabaseService.runMultiple (/home/tian/clawdbot/work/Ainews/server/services/DatabaseService.js:124:20) {
  errno: 1,
  code: 'SQLITE_ERROR',
  __augmented: true
}
调度自动恢复，5分钟后重试...
更新新闻时发生错误: Error: SQLITE_ERROR: incomplete input
--> in Database#run('\n' +
  '\n' +
  '      -- 清理30天前的请求日志\n' +
  '      CREATE TRIGGER IF NOT EXISTS cleanup_old_logs\n' +
  '      AFTER INSERT ON request_logs\n' +
  '      BEGIN\n' +
  "        DELETE FROM request_logs WHERE request_time < datetime('now', '-30 days')", [], [Function (anonymous)])
    at /home/tian/clawdbot/work/Ainews/server/services/DatabaseService.js:132:15
    at new Promise (<anonymous>)
    at DatabaseService.run (/home/tian/clawdbot/work/Ainews/server/services/DatabaseService.js:131:12)
    at DatabaseService.runMultiple (/home/tian/clawdbot/work/Ainews/server/services/DatabaseService.js:124:20) {
  errno: 1,
  code: 'SQLITE_ERROR',
  __augmented: true
}
SQLite数据库连接成功: /home/tian/clawdbot/work/Ainews/server/data/ainews.db
获取统计信息失败: Error: SQLITE_ERROR: incomplete input
--> in Database#run('\n' +
  '\n' +
  '      -- 清理30天前的请求日志\n' +
  '      CREATE TRIGGER IF NOT EXISTS cleanup_old_logs\n' +
  '      AFTER INSERT ON request_logs\n' +
  '      BEGIN\n' +
  "        DELETE FROM request_logs WHERE request_time < datetime('now', '-30 days')", [], [Function (anonymous)])
    at /home/tian/clawdbot/work/Ainews/server/services/DatabaseService.js:132:15
    at new Promise (<anonymous>)
    at DatabaseService.run (/home/tian/clawdbot/work/Ainews/server/services/DatabaseService.js:131:12)
    at DatabaseService.runMultiple (/home/tian/clawdbot/work/Ainews/server/services/DatabaseService.js:124:20) {
  errno: 1,
  code: 'SQLITE_ERROR',
  __augmented: true
}
执行自动恢复...
开始更新新闻...
SQLite数据库连接成功: /home/tian/clawdbot/work/Ainews/server/data/ainews.db
更新新闻时发生严重错误: Error: SQLITE_ERROR: incomplete input
--> in Database#run('\n' +
  '\n' +
  '      -- 清理30天前的请求日志\n' +
  '      CREATE TRIGGER IF NOT EXISTS cleanup_old_logs\n' +
  '      AFTER INSERT ON request_logs\n' +
  '      BEGIN\n' +
  "        DELETE FROM request_logs WHERE request_time < datetime('now', '-30 days')", [], [Function (anonymous)])
    at /home/tian/clawdbot/work/Ainews/server/services/DatabaseService.js:132:15
    at new Promise (<anonymous>)
    at DatabaseService.run (/home/tian/clawdbot/work/Ainews/server/services/DatabaseService.js:131:12)
    at DatabaseService.runMultiple (/home/tian/clawdbot/work/Ainews/server/services/DatabaseService.js:124:20) {
  errno: 1,
  code: 'SQLITE_ERROR',
  __augmented: true
}
调度自动恢复，5分钟后重试...
自动恢复失败: Error: SQLITE_ERROR: incomplete input
--> in Database#run('\n' +
  '\n' +
  '      -- 清理30天前的请求日志\n' +
  '      CREATE TRIGGER IF NOT EXISTS cleanup_old_logs\n' +
  '      AFTER INSERT ON request_logs\n' +
  '      BEGIN\n' +
  "        DELETE FROM request_logs WHERE request_time < datetime('now', '-30 days')", [], [Function (anonymous)])
    at /home/tian/clawdbot/work/Ainews/server/services/DatabaseService.js:132:15
    at new Promise (<anonymous>)
    at DatabaseService.run (/home/tian/clawdbot/work/Ainews/server/services/DatabaseService.js:131:12)
    at DatabaseService.runMultiple (/home/tian/clawdbot/work/Ainews/server/services/DatabaseService.js:124:20) {
  errno: 1,
  code: 'SQLITE_ERROR',
  __augmented: true
}
执行自动恢复...
开始更新新闻...
SQLite数据库连接成功: /home/tian/clawdbot/work/Ainews/server/data/ainews.db
更新新闻时发生严重错误: Error: SQLITE_ERROR: incomplete input
--> in Database#run('\n' +
  '\n' +
  '      -- 清理30天前的请求日志\n' +
  '      CREATE TRIGGER IF NOT EXISTS cleanup_old_logs\n' +
  '      AFTER INSERT ON request_logs\n' +
  '      BEGIN\n' +
  "        DELETE FROM request_logs WHERE request_time < datetime('now', '-30 days')", [], [Function (anonymous)])
    at /home/tian/clawdbot/work/Ainews/server/services/DatabaseService.js:132:15
    at new Promise (<anonymous>)
    at DatabaseService.run (/home/tian/clawdbot/work/Ainews/server/services/DatabaseService.js:131:12)
    at DatabaseService.runMultiple (/home/tian/clawdbot/work/Ainews/server/services/DatabaseService.js:124:20) {
  errno: 1,
  code: 'SQLITE_ERROR',
  __augmented: true
}
调度自动恢复，5分钟后重试...
自动恢复失败: Error: SQLITE_ERROR: incomplete input
--> in Database#run('\n' +
  '\n' +
  '      -- 清理30天前的请求日志\n' +
  '      CREATE TRIGGER IF NOT EXISTS cleanup_old_logs\n' +
  '      AFTER INSERT ON request_logs\n' +
  '      BEGIN\n' +
  "        DELETE FROM request_logs WHERE request_time < datetime('now', '-30 days')", [], [Function (anonymous)])
    at /home/tian/clawdbot/work/Ainews/server/services/DatabaseService.js:132:15
    at new Promise (<anonymous>)
    at DatabaseService.run (/home/tian/clawdbot/work/Ainews/server/services/DatabaseService.js:131:12)
    at DatabaseService.runMultiple (/home/tian/clawdbot/work/Ainews/server/services/DatabaseService.js:124:20) {
  errno: 1,
  code: 'SQLITE_ERROR',
  __augmented: true
}
SQLite数据库连接成功: /home/tian/clawdbot/work/Ainews/server/data/ainews.db
获取新闻详情失败: Error: SQLITE_ERROR: incomplete input
--> in Database#run('\n' +
  '\n' +
  '      -- 清理30天前的请求日志\n' +
  '      CREATE TRIGGER IF NOT EXISTS cleanup_old_logs\n' +
  '      AFTER INSERT ON request_logs\n' +
  '      BEGIN\n' +
  "        DELETE FROM request_logs WHERE request_time < datetime('now', '-30 days')", [], [Function (anonymous)])
    at /home/tian/clawdbot/work/Ainews/server/services/DatabaseService.js:132:15
    at new Promise (<anonymous>)
    at DatabaseService.run (/home/tian/clawdbot/work/Ainews/server/services/DatabaseService.js:131:12)
    at DatabaseService.runMultiple (/home/tian/clawdbot/work/Ainews/server/services/DatabaseService.js:124:20) {
  errno: 1,
  code: 'SQLITE_ERROR',
  __augmented: true
}
SQLite数据库连接成功: /home/tian/clawdbot/work/Ainews/server/data/ainews.db
获取新闻失败: Error: SQLITE_ERROR: incomplete input
--> in Database#run('\n' +
  '\n' +
  '      -- 清理30天前的请求日志\n' +
  '      CREATE TRIGGER IF NOT EXISTS cleanup_old_logs\n' +
  '      AFTER INSERT ON request_logs\n' +
  '      BEGIN\n' +
  "        DELETE FROM request_logs WHERE request_time < datetime('now', '-30 days')", [], [Function (anonymous)])
    at /home/tian/clawdbot/work/Ainews/server/services/DatabaseService.js:132:15
    at new Promise (<anonymous>)
    at DatabaseService.run (/home/tian/clawdbot/work/Ainews/server/services/DatabaseService.js:131:12)
    at DatabaseService.runMultiple (/home/tian/clawdbot/work/Ainews/server/services/DatabaseService.js:124:20) {
  errno: 1,
  code: 'SQLITE_ERROR',
  __augmented: true
}
收到手动更新请求
开始更新新闻...
SQLite数据库连接成功: /home/tian/clawdbot/work/Ainews/server/data/ainews.db
更新新闻时发生严重错误: Error: SQLITE_ERROR: incomplete input
--> in Database#run('\n' +
  '\n' +
  '      -- 清理30天前的请求日志\n' +
  '      CREATE TRIGGER IF NOT EXISTS cleanup_old_logs\n' +
  '      AFTER INSERT ON request_logs\n' +
  '      BEGIN\n' +
  "        DELETE FROM request_logs WHERE request_time < datetime('now', '-30 days')", [], [Function (anonymous)])
    at /home/tian/clawdbot/work/Ainews/server/services/DatabaseService.js:132:15
    at new Promise (<anonymous>)
    at DatabaseService.run (/home/tian/clawdbot/work/Ainews/server/services/DatabaseService.js:131:12)
    at DatabaseService.runMultiple (/home/tian/clawdbot/work/Ainews/server/services/DatabaseService.js:124:20) {
  errno: 1,
  code: 'SQLITE_ERROR',
  __augmented: true
}
调度自动恢复，5分钟后重试...
更新新闻时发生错误: Error: SQLITE_ERROR: incomplete input
--> in Database#run('\n' +
  '\n' +
  '      -- 清理30天前的请求日志\n' +
  '      CREATE TRIGGER IF NOT EXISTS cleanup_old_logs\n' +
  '      AFTER INSERT ON request_logs\n' +
  '      BEGIN\n' +
  "        DELETE FROM request_logs WHERE request_time < datetime('now', '-30 days')", [], [Function (anonymous)])
    at /home/tian/clawdbot/work/Ainews/server/services/DatabaseService.js:132:15
    at new Promise (<anonymous>)
    at DatabaseService.run (/home/tian/clawdbot/work/Ainews/server/services/DatabaseService.js:131:12)
    at DatabaseService.runMultiple (/home/tian/clawdbot/work/Ainews/server/services/DatabaseService.js:124:20) {
  errno: 1,
  code: 'SQLITE_ERROR',
  __augmented: true
}
执行自动恢复...
开始更新新闻...
SQLite数据库连接成功: /home/tian/clawdbot/work/Ainews/server/data/ainews.db
更新新闻时发生严重错误: Error: SQLITE_ERROR: incomplete input
--> in Database#run('\n' +
  '\n' +
  '      -- 清理30天前的请求日志\n' +
  '      CREATE TRIGGER IF NOT EXISTS cleanup_old_logs\n' +
  '      AFTER INSERT ON request_logs\n' +
  '      BEGIN\n' +
  "        DELETE FROM request_logs WHERE request_time < datetime('now', '-30 days')", [], [Function (anonymous)])
    at /home/tian/clawdbot/work/Ainews/server/services/DatabaseService.js:132:15
    at new Promise (<anonymous>)
    at DatabaseService.run (/home/tian/clawdbot/work/Ainews/server/services/DatabaseService.js:131:12)
    at DatabaseService.runMultiple (/home/tian/clawdbot/work/Ainews/server/services/DatabaseService.js:124:20) {
  errno: 1,
  code: 'SQLITE_ERROR',
  __augmented: true
}
调度自动恢复，5分钟后重试...
自动恢复失败: Error: SQLITE_ERROR: incomplete input
--> in Database#run('\n' +
  '\n' +
  '      -- 清理30天前的请求日志\n' +
  '      CREATE TRIGGER IF NOT EXISTS cleanup_old_logs\n' +
  '      AFTER INSERT ON request_logs\n' +
  '      BEGIN\n' +
  "        DELETE FROM request_logs WHERE request_time < datetime('now', '-30 days')", [], [Function (anonymous)])
    at /home/tian/clawdbot/work/Ainews/server/services/DatabaseService.js:132:15
    at new Promise (<anonymous>)
    at DatabaseService.run (/home/tian/clawdbot/work/Ainews/server/services/DatabaseService.js:131:12)
    at DatabaseService.runMultiple (/home/tian/clawdbot/work/Ainews/server/services/DatabaseService.js:124:20) {
  errno: 1,
  code: 'SQLITE_ERROR',
  __augmented: true
}
执行自动恢复...
开始更新新闻...
SQLite数据库连接成功: /home/tian/clawdbot/work/Ainews/server/data/ainews.db
更新新闻时发生严重错误: Error: SQLITE_ERROR: incomplete input
--> in Database#run('\n' +
  '\n' +
  '      -- 清理30天前的请求日志\n' +
  '      CREATE TRIGGER IF NOT EXISTS cleanup_old_logs\n' +
  '      AFTER INSERT ON request_logs\n' +
  '      BEGIN\n' +
  "        DELETE FROM request_logs WHERE request_time < datetime('now', '-30 days')", [], [Function (anonymous)])
    at /home/tian/clawdbot/work/Ainews/server/services/DatabaseService.js:132:15
    at new Promise (<anonymous>)
    at DatabaseService.run (/home/tian/clawdbot/work/Ainews/server/services/DatabaseService.js:131:12)
    at DatabaseService.runMultiple (/home/tian/clawdbot/work/Ainews/server/services/DatabaseService.js:124:20) {
  errno: 1,
  code: 'SQLITE_ERROR',
  __augmented: true
}
调度自动恢复，5分钟后重试...
自动恢复失败: Error: SQLITE_ERROR: incomplete input
--> in Database#run('\n' +
  '\n' +
  '      -- 清理30天前的请求日志\n' +
  '      CREATE TRIGGER IF NOT EXISTS cleanup_old_logs\n' +
  '      AFTER INSERT ON request_logs\n' +
  '      BEGIN\n' +
  "        DELETE FROM request_logs WHERE request_time < datetime('now', '-30 days')", [], [Function (anonymous)])
    at /home/tian/clawdbot/work/Ainews/server/services/DatabaseService.js:132:15
    at new Promise (<anonymous>)
    at DatabaseService.run (/home/tian/clawdbot/work/Ainews/server/services/DatabaseService.js:131:12)
    at DatabaseService.runMultiple (/home/tian/clawdbot/work/Ainews/server/services/DatabaseService.js:124:20) {
  errno: 1,
  code: 'SQLITE_ERROR',
  __augmented: true
}
执行自动恢复...
开始更新新闻...
SQLite数据库连接成功: /home/tian/clawdbot/work/Ainews/server/data/ainews.db
更新新闻时发生严重错误: Error: SQLITE_ERROR: incomplete input
--> in Database#run('\n' +
  '\n' +
  '      -- 清理30天前的请求日志\n' +
  '      CREATE TRIGGER IF NOT EXISTS cleanup_old_logs\n' +
  '      AFTER INSERT ON request_logs\n' +
  '      BEGIN\n' +
  "        DELETE FROM request_logs WHERE request_time < datetime('now', '-30 days')", [], [Function (anonymous)])
    at /home/tian/clawdbot/work/Ainews/server/services/DatabaseService.js:132:15
    at new Promise (<anonymous>)
    at DatabaseService.run (/home/tian/clawdbot/work/Ainews/server/services/DatabaseService.js:131:12)
    at DatabaseService.runMultiple (/home/tian/clawdbot/work/Ainews/server/services/DatabaseService.js:124:20) {
  errno: 1,
  code: 'SQLITE_ERROR',
  __augmented: true
}
调度自动恢复，5分钟后重试...
自动恢复失败: Error: SQLITE_ERROR: incomplete input
--> in Database#run('\n' +
  '\n' +
  '      -- 清理30天前的请求日志\n' +
  '      CREATE TRIGGER IF NOT EXISTS cleanup_old_logs\n' +
  '      AFTER INSERT ON request_logs\n' +
  '      BEGIN\n' +
  "        DELETE FROM request_logs WHERE request_time < datetime('now', '-30 days')", [], [Function (anonymous)])
    at /home/tian/clawdbot/work/Ainews/server/services/DatabaseService.js:132:15
    at new Promise (<anonymous>)
    at DatabaseService.run (/home/tian/clawdbot/work/Ainews/server/services/DatabaseService.js:131:12)
    at DatabaseService.runMultiple (/home/tian/clawdbot/work/Ainews/server/services/DatabaseService.js:124:20) {
  errno: 1,
  code: 'SQLITE_ERROR',
  __augmented: true
}
执行自动恢复...
开始更新新闻...
SQLite数据库连接成功: /home/tian/clawdbot/work/Ainews/server/data/ainews.db
执行自动恢复...
执行自动恢复...
更新正在进行中，跳过此次请求
更新正在进行中，跳过此次请求
更新新闻时发生严重错误: Error: SQLITE_ERROR: incomplete input
--> in Database#run('\n' +
  '\n' +
  '      -- 清理30天前的请求日志\n' +
  '      CREATE TRIGGER IF NOT EXISTS cleanup_old_logs\n' +
  '      AFTER INSERT ON request_logs\n' +
  '      BEGIN\n' +
  "        DELETE FROM request_logs WHERE request_time < datetime('now', '-30 days')", [], [Function (anonymous)])
    at /home/tian/clawdbot/work/Ainews/server/services/DatabaseService.js:132:15
    at new Promise (<anonymous>)
    at DatabaseService.run (/home/tian/clawdbot/work/Ainews/server/services/DatabaseService.js:131:12)
    at DatabaseService.runMultiple (/home/tian/clawdbot/work/Ainews/server/services/DatabaseService.js:124:20) {
  errno: 1,
  code: 'SQLITE_ERROR',
  __augmented: true
}
调度自动恢复，5分钟后重试...
自动恢复失败: Error: SQLITE_ERROR: incomplete input
--> in Database#run('\n' +
  '\n' +
  '      -- 清理30天前的请求日志\n' +
  '      CREATE TRIGGER IF NOT EXISTS cleanup_old_logs\n' +
  '      AFTER INSERT ON request_logs\n' +
  '      BEGIN\n' +
  "        DELETE FROM request_logs WHERE request_time < datetime('now', '-30 days')", [], [Function (anonymous)])
    at /home/tian/clawdbot/work/Ainews/server/services/DatabaseService.js:132:15
    at new Promise (<anonymous>)
    at DatabaseService.run (/home/tian/clawdbot/work/Ainews/server/services/DatabaseService.js:131:12)
    at DatabaseService.runMultiple (/home/tian/clawdbot/work/Ainews/server/services/DatabaseService.js:124:20) {
  errno: 1,
  code: 'SQLITE_ERROR',
  __augmented: true
}
收到SIGTERM信号，开始优雅关闭...
数据库连接已关闭
服务器已关闭
2026-02-06 17:26:59: [Proxy] 使用代理: http://172.27.128.1:10809
2026-02-06 17:26:59: 🚀 AI资讯服务器 v2.0 运行在端口 3002
2026-02-06 17:26:59: 📱 健康检查: http://localhost:3002/health
2026-02-06 17:26:59: 🔌 WebSocket: ws://localhost:3002
2026-02-06 17:26:59: 📅 定时更新: 每日8:00 + 每30分钟增量
2026-02-06 17:26:59: 🧹 数据清理: 每日2:00
2026-02-06 17:26:59: 🔄 初始化系统...
2026-02-06 17:26:59: SQLite数据库连接成功: /home/tian/clawdbot/work/Ainews/server/data/ainews.db
2026-02-06 17:26:59: ✅ 数据库初始化完成
2026-02-06 17:26:59: WebSocket已连接到NewsService
2026-02-06 17:26:59: 🔄 获取初始新闻数据...
2026-02-06 17:26:59: 开始更新新闻...
2026-02-06 17:26:59: 获取RSS: arXiv AI (第1次尝试)
2026-02-06 17:26:59: 获取RSS: arXiv Computation and Language (第1次尝试)
2026-02-06 17:27:29: arXiv AI 第1次失败: timeout of 30000ms exceeded
2026-02-06 17:27:29: arXiv Computation and Language 第1次失败: timeout of 30000ms exceeded
2026-02-06 17:27:32: 获取RSS: arXiv AI (第2次尝试)
2026-02-06 17:27:32: 获取RSS: arXiv Computation and Language (第2次尝试)
2026-02-06 17:27:38: 跳过 310 条重复文章
2026-02-06 17:27:39: 跳过 10 条重复文章
2026-02-06 17:27:41: 获取RSS: arXiv Computer Vision (第1次尝试)
2026-02-06 17:27:41: 获取RSS: arXiv Machine Learning (第1次尝试)
2026-02-06 17:27:46: arXiv Machine Learning 第1次失败: Client network socket disconnected before secure TLS connection was established
2026-02-06 17:27:49: 获取RSS: arXiv Machine Learning (第2次尝试)
2026-02-06 17:27:54: 跳过 15 条重复文章
2026-02-06 17:27:57: 跳过 100 条重复文章
2026-02-06 17:27:59: 获取RSS: Hugging Face Blog (第1次尝试)
2026-02-06 17:27:59: 获取RSS: OpenAI Blog (第1次尝试)
2026-02-06 17:28:02: 跳过 731 条重复文章
2026-02-06 17:28:02: 跳过 837 条重复文章
2026-02-06 17:28:04: 获取RSS: Google AI Blog (第1次尝试)
2026-02-06 17:28:04: 获取RSS: DeepMind Blog (第1次尝试)
2026-02-06 17:28:07: 主解析器失败，尝试备用: DeepMind Blog
2026-02-06 17:28:07: DeepMind Blog 第1次失败: RSS feed为空
2026-02-06 17:28:10: 获取RSS: DeepMind Blog (第2次尝试)
2026-02-06 17:28:13: 主解析器失败，尝试备用: DeepMind Blog
2026-02-06 17:28:13: DeepMind Blog 第2次失败: RSS feed为空
2026-02-06 17:28:13: RSS源 DeepMind Blog 更新失败: RSS feed为空
2026-02-06 17:28:13: 跳过 20 条重复文章
2026-02-06 17:28:15: 获取RSS: Meta AI Blog (第1次尝试)
2026-02-06 17:28:15: 获取RSS: Microsoft AI Blog (第1次尝试)
2026-02-06 17:28:18: 主解析器失败，尝试备用: Meta AI Blog
2026-02-06 17:28:18: Meta AI Blog 第1次失败: RSS feed为空
2026-02-06 17:28:21: 获取RSS: Meta AI Blog (第2次尝试)
2026-02-06 17:28:23: 主解析器失败，尝试备用: Meta AI Blog
2026-02-06 17:28:23: Meta AI Blog 第2次失败: RSS feed为空
2026-02-06 17:28:23: RSS源 Meta AI Blog 更新失败: RSS feed为空
2026-02-06 17:28:23: 跳过 10 条重复文章
2026-02-06 17:28:25: 获取RSS: NVIDIA Blog (第1次尝试)
2026-02-06 17:28:25: 获取RSS: Amazon AWS AI Blog (第1次尝试)
2026-02-06 17:28:27: 跳过 18 条重复文章
2026-02-06 17:28:27: 跳过 19 条重复文章
2026-02-06 17:28:29: 获取RSS: Anthropic Research (第1次尝试)
2026-02-06 17:28:29: 获取RSS: MIT Tech Review AI (第1次尝试)
2026-02-06 17:28:32: 主解析器失败，尝试备用: Anthropic Research
2026-02-06 17:28:32: Anthropic Research 第1次失败: RSS feed为空
2026-02-06 17:28:35: 获取RSS: Anthropic Research (第2次尝试)
2026-02-06 17:28:39: 主解析器失败，尝试备用: Anthropic Research
2026-02-06 17:28:39: Anthropic Research 第2次失败: RSS feed为空
2026-02-06 17:28:39: RSS源 Anthropic Research 更新失败: RSS feed为空
2026-02-06 17:28:39: 跳过 10 条重复文章
2026-02-06 17:28:41: 获取RSS: WIRED AI (第1次尝试)
2026-02-06 17:28:41: 获取RSS: Ars Technica AI (第1次尝试)
2026-02-06 17:28:42: WIRED AI 第1次失败: Cannot read properties of undefined (reading 'url')
2026-02-06 17:28:45: 获取RSS: WIRED AI (第2次尝试)
2026-02-06 17:28:46: WIRED AI 第2次失败: Cannot read properties of undefined (reading 'url')
2026-02-06 17:28:46: RSS源 WIRED AI 更新失败: Cannot read properties of undefined (reading 'url')
2026-02-06 17:28:46: 跳过 19 条重复文章
2026-02-06 17:28:48: 获取RSS: VentureBeat AI (第1次尝试)
2026-02-06 17:28:48: 获取RSS: TechCrunch AI (第1次尝试)
2026-02-06 17:28:51: 跳过 7 条重复文章
2026-02-06 17:28:51: 跳过 16 条重复文章
2026-02-06 17:28:53: 获取RSS: The Verge AI (第1次尝试)
2026-02-06 17:28:53: 获取RSS: 机器之心 (第1次尝试)
2026-02-06 17:29:13: 机器之心 第1次失败: timeout of 20000ms exceeded
2026-02-06 17:29:16: 获取RSS: 机器之心 (第2次尝试)
2026-02-06 17:29:36: 机器之心 第2次失败: timeout of 20000ms exceeded
2026-02-06 17:29:36: RSS源 机器之心 更新失败: timeout of 20000ms exceeded
2026-02-06 17:29:36: 跳过 10 条重复文章
2026-02-06 17:29:38: 获取RSS: 量子位 (第1次尝试)
2026-02-06 17:29:38: 获取RSS: PaperWeekly (第1次尝试)
2026-02-06 17:29:58: PaperWeekly 第1次失败: timeout of 20000ms exceeded
2026-02-06 17:30:01: 获取RSS: PaperWeekly (第2次尝试)
2026-02-06 17:30:21: PaperWeekly 第2次失败: timeout of 20000ms exceeded
2026-02-06 17:30:21: RSS源 PaperWeekly 更新失败: timeout of 20000ms exceeded
2026-02-06 17:30:23: 获取RSS: PyTorch Blog (第1次尝试)
2026-02-06 17:30:23: 获取RSS: TensorFlow Blog (第1次尝试)
2026-02-06 17:30:25: 跳过 10 条重复文章
2026-02-06 17:30:25: 跳过 25 条重复文章
2026-02-06 17:30:27: 获取RSS: LangChain Blog (第1次尝试)
2026-02-06 17:30:27: 获取RSS: Stanford AI Lab (第1次尝试)
2026-02-06 17:30:32: 跳过 15 条重复文章
2026-02-06 17:30:32: 跳过 15 条重复文章
2026-02-06 17:30:34: 获取RSS: Berkeley AI Research (第1次尝试)
2026-02-06 17:30:34: 获取RSS: CMU Machine Learning (第1次尝试)
2026-02-06 17:30:36: 跳过 10 条重复文章
2026-02-06 17:30:36: 跳过 1 条重复文章
2026-02-06 17:30:38: 获取RSS: Cohere Blog (第1次尝试)
2026-02-06 17:30:38: 获取RSS: Mistral AI Blog (第1次尝试)
2026-02-06 17:30:40: 主解析器失败，尝试备用: Mistral AI Blog
2026-02-06 17:30:40: Mistral AI Blog 第1次失败: RSS feed为空
2026-02-06 17:30:40: 主解析器失败，尝试备用: Cohere Blog
2026-02-06 17:30:41: Cohere Blog 第1次失败: RSS feed为空
2026-02-06 17:30:43: 获取RSS: Mistral AI Blog (第2次尝试)
2026-02-06 17:30:44: 获取RSS: Cohere Blog (第2次尝试)
2026-02-06 17:30:44: 主解析器失败，尝试备用: Mistral AI Blog
2026-02-06 17:30:44: Mistral AI Blog 第2次失败: RSS feed为空
2026-02-06 17:30:44: RSS源 Mistral AI Blog 更新失败: RSS feed为空
2026-02-06 17:30:47: 主解析器失败，尝试备用: Cohere Blog
2026-02-06 17:30:47: Cohere Blog 第2次失败: RSS feed为空
2026-02-06 17:30:47: RSS源 Cohere Blog 更新失败: RSS feed为空
2026-02-06 17:30:49: 获取RSS: Stability AI Blog (第1次尝试)
2026-02-06 17:30:49: 获取RSS: Apple Machine Learning (第1次尝试)
2026-02-06 17:30:50: 主解析器失败，尝试备用: Stability AI Blog
2026-02-06 17:30:50: Stability AI Blog 第1次失败: RSS feed为空
2026-02-06 17:30:50: 主解析器失败，尝试备用: Apple Machine Learning
2026-02-06 17:30:50: Apple Machine Learning 第1次失败: RSS feed为空
2026-02-06 17:30:53: 获取RSS: Stability AI Blog (第2次尝试)
2026-02-06 17:30:53: 获取RSS: Apple Machine Learning (第2次尝试)
2026-02-06 17:30:54: 主解析器失败，尝试备用: Apple Machine Learning
2026-02-06 17:30:54: Apple Machine Learning 第2次失败: RSS feed为空
2026-02-06 17:30:54: RSS源 Apple Machine Learning 更新失败: RSS feed为空
2026-02-06 17:30:55: 主解析器失败，尝试备用: Stability AI Blog
2026-02-06 17:30:55: Stability AI Blog 第2次失败: RSS feed为空
2026-02-06 17:30:55: RSS源 Stability AI Blog 更新失败: RSS feed为空
2026-02-06 17:30:57: 获取RSS: Salesforce AI Research (第1次尝试)
2026-02-06 17:30:57: 获取RSS: AI2 Blog (第1次尝试)
2026-02-06 17:30:59: 主解析器失败，尝试备用: AI2 Blog
2026-02-06 17:30:59: AI2 Blog 第1次失败: RSS feed为空
2026-02-06 17:31:02: 获取RSS: AI2 Blog (第2次尝试)
2026-02-06 17:31:06: 主解析器失败，尝试备用: AI2 Blog
2026-02-06 17:31:06: AI2 Blog 第2次失败: RSS feed为空
2026-02-06 17:31:06: RSS源 AI2 Blog 更新失败: RSS feed为空
2026-02-06 17:31:06: 跳过 10 条重复文章
2026-02-06 17:31:08: 获取RSS: EleutherAI Blog (第1次尝试)
2026-02-06 17:31:08: 获取RSS: Replicate Blog (第1次尝试)
2026-02-06 17:31:09: 主解析器失败，尝试备用: EleutherAI Blog
2026-02-06 17:31:09: EleutherAI Blog 第1次失败: RSS feed为空
2026-02-06 17:31:12: 获取RSS: EleutherAI Blog (第2次尝试)
2026-02-06 17:31:13: 主解析器失败，尝试备用: EleutherAI Blog
2026-02-06 17:31:13: EleutherAI Blog 第2次失败: RSS feed为空
2026-02-06 17:31:13: RSS源 EleutherAI Blog 更新失败: RSS feed为空
2026-02-06 17:31:13: 跳过 118 条重复文章
2026-02-06 17:31:15: 获取RSS: Weights & Biases (第1次尝试)
2026-02-06 17:31:15: 获取RSS: LlamaIndex Blog (第1次尝试)
2026-02-06 17:31:17: 主解析器失败，尝试备用: LlamaIndex Blog
2026-02-06 17:31:17: LlamaIndex Blog 第1次失败: RSS feed为空
2026-02-06 17:31:20: 获取RSS: LlamaIndex Blog (第2次尝试)
2026-02-06 17:31:22: 主解析器失败，尝试备用: Weights & Biases
2026-02-06 17:31:22: Weights & Biases 第1次失败: RSS feed为空
2026-02-06 17:31:22: 主解析器失败，尝试备用: LlamaIndex Blog
2026-02-06 17:31:22: LlamaIndex Blog 第2次失败: RSS feed为空
2026-02-06 17:31:22: RSS源 LlamaIndex Blog 更新失败: RSS feed为空
2026-02-06 17:31:25: 获取RSS: Weights & Biases (第2次尝试)
2026-02-06 17:31:31: 主解析器失败，尝试备用: Weights & Biases
2026-02-06 17:31:31: Weights & Biases 第2次失败: RSS feed为空
2026-02-06 17:31:31: RSS源 Weights & Biases 更新失败: RSS feed为空
2026-02-06 17:31:33: 获取RSS: MIT CSAIL (第1次尝试)
2026-02-06 17:31:33: 获取RSS: Oxford AI Research (第1次尝试)
2026-02-06 17:31:34: 主解析器失败，尝试备用: Oxford AI Research
2026-02-06 17:31:34: Oxford AI Research 第1次失败: RSS feed为空
2026-02-06 17:31:37: 获取RSS: Oxford AI Research (第2次尝试)
2026-02-06 17:31:38: 主解析器失败，尝试备用: MIT CSAIL
2026-02-06 17:31:38: MIT CSAIL 第1次失败: RSS feed为空
2026-02-06 17:31:39: 主解析器失败，尝试备用: Oxford AI Research
2026-02-06 17:31:39: Oxford AI Research 第2次失败: RSS feed为空
2026-02-06 17:31:39: RSS源 Oxford AI Research 更新失败: RSS feed为空
2026-02-06 17:31:41: 获取RSS: MIT CSAIL (第2次尝试)
2026-02-06 17:31:50: 主解析器失败，尝试备用: MIT CSAIL
2026-02-06 17:31:50: MIT CSAIL 第2次失败: RSS feed为空
2026-02-06 17:31:50: RSS源 MIT CSAIL 更新失败: RSS feed为空
2026-02-06 17:31:52: 获取RSS: Google DeepMind Safety (第1次尝试)
2026-02-06 17:31:52: 获取RSS: AI科技大本营 (第1次尝试)
2026-02-06 17:31:55: 主解析器失败，尝试备用: Google DeepMind Safety
2026-02-06 17:31:55: Google DeepMind Safety 第1次失败: RSS feed为空
2026-02-06 17:31:58: 获取RSS: Google DeepMind Safety (第2次尝试)
2026-02-06 17:32:00: 主解析器失败，尝试备用: Google DeepMind Safety
2026-02-06 17:32:00: Google DeepMind Safety 第2次失败: RSS feed为空
2026-02-06 17:32:00: RSS源 Google DeepMind Safety 更新失败: RSS feed为空
2026-02-06 17:32:00: 跳过 19 条重复文章
2026-02-06 17:32:02: 获取RSS: Towards Data Science (第1次尝试)
2026-02-06 17:32:02: 获取RSS: Machine Learning Mastery (第1次尝试)
2026-02-06 17:32:05: 跳过 20 条重复文章
2026-02-06 17:32:05: 跳过 10 条重复文章
2026-02-06 17:32:07: 获取RSS: The Batch (deeplearning.ai) (第1次尝试)
2026-02-06 17:32:07: 获取RSS: Analytics Vidhya (第1次尝试)
2026-02-06 17:32:08: 主解析器失败，尝试备用: The Batch (deeplearning.ai)
2026-02-06 17:32:08: The Batch (deeplearning.ai) 第1次失败: RSS feed为空
2026-02-06 17:32:11: 获取RSS: The Batch (deeplearning.ai) (第2次尝试)
2026-02-06 17:32:13: 主解析器失败，尝试备用: The Batch (deeplearning.ai)
2026-02-06 17:32:13: The Batch (deeplearning.ai) 第2次失败: RSS feed为空
2026-02-06 17:32:13: RSS源 The Batch (deeplearning.ai) 更新失败: RSS feed为空
2026-02-06 17:32:13: 跳过 10 条重复文章
2026-02-06 17:32:15: 获取RSS: KDnuggets (第1次尝试)
2026-02-06 17:32:15: 获取RSS: Distill.pub (第1次尝试)
2026-02-06 17:32:16: 跳过 10 条重复文章
2026-02-06 17:32:16: 跳过 52 条重复文章
2026-02-06 17:32:18: 获取RSS: OpenCV Blog (第1次尝试)
2026-02-06 17:32:18: 获取RSS: Product Hunt AI (第1次尝试)
2026-02-06 17:32:20: 跳过 10 条重复文章
2026-02-06 17:32:20: 跳过 31 条重复文章
2026-02-06 17:32:22: 获取RSS: AI Tools Weekly (第1次尝试)
2026-02-06 17:32:22: 获取RSS: AI Weekly (第1次尝试)
2026-02-06 17:32:24: AI Tools Weekly 第1次失败: Client network socket disconnected before secure TLS connection was established
2026-02-06 17:32:24: 主解析器失败，尝试备用: AI Weekly
2026-02-06 17:32:24: AI Weekly 第1次失败: RSS feed为空
2026-02-06 17:32:27: 获取RSS: AI Tools Weekly (第2次尝试)
2026-02-06 17:32:27: 获取RSS: AI Weekly (第2次尝试)
2026-02-06 17:32:28: AI Tools Weekly 第2次失败: Client network socket disconnected before secure TLS connection was established
2026-02-06 17:32:28: RSS源 AI Tools Weekly 更新失败: Client network socket disconnected before secure TLS connection was established
2026-02-06 17:32:29: 主解析器失败，尝试备用: AI Weekly
2026-02-06 17:32:29: AI Weekly 第2次失败: RSS feed为空
2026-02-06 17:32:29: RSS源 AI Weekly 更新失败: RSS feed为空
2026-02-06 17:32:31: 获取RSS: Last Week in AI (第1次尝试)
2026-02-06 17:32:31: 获取RSS: Import AI (第1次尝试)
2026-02-06 17:32:33: 跳过 19 条重复文章
2026-02-06 17:32:33: 跳过 10 条重复文章
2026-02-06 17:32:35: 获取RSS: Pinecone Blog (第1次尝试)
2026-02-06 17:32:35: 获取RSS: Chroma Blog (第1次尝试)
2026-02-06 17:32:37: 主解析器失败，尝试备用: Chroma Blog
2026-02-06 17:32:37: Chroma Blog 第1次失败: RSS feed为空
2026-02-06 17:32:38: 主解析器失败，尝试备用: Pinecone Blog
2026-02-06 17:32:38: Pinecone Blog 第1次失败: RSS feed为空
2026-02-06 17:32:40: 获取RSS: Chroma Blog (第2次尝试)
2026-02-06 17:32:41: 获取RSS: Pinecone Blog (第2次尝试)
2026-02-06 17:32:42: 主解析器失败，尝试备用: Chroma Blog
2026-02-06 17:32:42: Chroma Blog 第2次失败: RSS feed为空
2026-02-06 17:32:42: RSS源 Chroma Blog 更新失败: RSS feed为空
2026-02-06 17:32:44: 主解析器失败，尝试备用: Pinecone Blog
2026-02-06 17:32:44: Pinecone Blog 第2次失败: RSS feed为空
2026-02-06 17:32:44: RSS源 Pinecone Blog 更新失败: RSS feed为空
2026-02-06 17:32:46: 获取RSS: Ollama Blog (第1次尝试)
2026-02-06 17:32:46: 获取RSS: AI Tool Report (第1次尝试)
2026-02-06 17:32:49: 主解析器失败，尝试备用: Ollama Blog
2026-02-06 17:32:49: Ollama Blog 第1次失败: RSS feed为空
2026-02-06 17:32:52: 获取RSS: Ollama Blog (第2次尝试)
2026-02-06 17:32:53: 主解析器失败，尝试备用: AI Tool Report
2026-02-06 17:32:53: AI Tool Report 第1次失败: RSS feed为空
2026-02-06 17:32:55: 主解析器失败，尝试备用: Ollama Blog
2026-02-06 17:32:55: Ollama Blog 第2次失败: RSS feed为空
2026-02-06 17:32:55: RSS源 Ollama Blog 更新失败: RSS feed为空
2026-02-06 17:32:56: 获取RSS: AI Tool Report (第2次尝试)
2026-02-06 17:33:01: 主解析器失败，尝试备用: AI Tool Report
2026-02-06 17:33:01: AI Tool Report 第2次失败: RSS feed为空
2026-02-06 17:33:01: RSS源 AI Tool Report 更新失败: RSS feed为空
2026-02-06 17:33:03: 获取RSS: Ben’s Bites AI (第1次尝试)
2026-02-06 17:33:03: 获取RSS: FutureTools AI (第1次尝试)
2026-02-06 17:33:05: 主解析器失败，尝试备用: FutureTools AI
2026-02-06 17:33:05: FutureTools AI 第1次失败: RSS feed为空
2026-02-06 17:33:08: 获取RSS: FutureTools AI (第2次尝试)
2026-02-06 17:33:11: 主解析器失败，尝试备用: FutureTools AI
2026-02-06 17:33:11: FutureTools AI 第2次失败: RSS feed为空
2026-02-06 17:33:11: RSS源 FutureTools AI 更新失败: RSS feed为空
2026-02-06 17:33:11: 跳过 20 条重复文章
2026-02-06 17:33:12: 新闻更新完成: 36个源成功, 保存699条, 25个错误
2026-02-06 17:33:12: ✅ 新闻数据初始化完成
2026-02-07 00:00:00: ⏰ 执行定期更新（每12小时）...
2026-02-07 00:00:00: 📅 当前时间: 2026/2/7 00:00:00
2026-02-07 00:00:00: 开始更新新闻...
2026-02-07 00:00:00: 获取RSS: arXiv AI (第1次尝试)
2026-02-07 00:00:00: 获取RSS: arXiv Computation and Language (第1次尝试)
2026-02-07 00:00:05: 跳过 310 条重复文章
2026-02-07 00:00:05: 跳过 156 条重复文章
2026-02-07 00:00:07: 获取RSS: arXiv Computer Vision (第1次尝试)
2026-02-07 00:00:07: 获取RSS: arXiv Machine Learning (第1次尝试)
2026-02-07 00:00:11: 跳过 205 条重复文章
2026-02-07 00:00:12: 跳过 406 条重复文章
2026-02-07 00:00:14: 获取RSS: Hugging Face Blog (第1次尝试)
2026-02-07 00:00:14: 获取RSS: OpenAI Blog (第1次尝试)
2026-02-07 00:00:17: 跳过 731 条重复文章
2026-02-07 00:00:17: 跳过 837 条重复文章
2026-02-07 00:00:19: 获取RSS: Google AI Blog (第1次尝试)
2026-02-07 00:00:19: 获取RSS: DeepMind Blog (第1次尝试)
2026-02-07 00:00:22: 主解析器失败，尝试备用: DeepMind Blog
2026-02-07 00:00:22: DeepMind Blog 第1次失败: RSS feed为空
2026-02-07 00:00:25: 获取RSS: DeepMind Blog (第2次尝试)
2026-02-07 00:00:28: 主解析器失败，尝试备用: DeepMind Blog
2026-02-07 00:00:28: DeepMind Blog 第2次失败: RSS feed为空
2026-02-07 00:00:28: RSS源 DeepMind Blog 更新失败: RSS feed为空
2026-02-07 00:00:28: 跳过 20 条重复文章
2026-02-07 00:00:30: 获取RSS: Meta AI Blog (第1次尝试)
2026-02-07 00:00:30: 获取RSS: Microsoft AI Blog (第1次尝试)
2026-02-07 00:00:33: 主解析器失败，尝试备用: Meta AI Blog
2026-02-07 00:00:33: Meta AI Blog 第1次失败: RSS feed为空
2026-02-07 00:00:36: 获取RSS: Meta AI Blog (第2次尝试)
2026-02-07 00:00:38: 主解析器失败，尝试备用: Meta AI Blog
2026-02-07 00:00:38: Meta AI Blog 第2次失败: RSS feed为空
2026-02-07 00:00:38: RSS源 Meta AI Blog 更新失败: RSS feed为空
2026-02-07 00:00:38: 跳过 10 条重复文章
2026-02-07 00:00:40: 获取RSS: NVIDIA Blog (第1次尝试)
2026-02-07 00:00:40: 获取RSS: Amazon AWS AI Blog (第1次尝试)
2026-02-07 00:00:43: 跳过 18 条重复文章
2026-02-07 00:00:43: 跳过 20 条重复文章
2026-02-07 00:00:45: 获取RSS: Anthropic Research (第1次尝试)
2026-02-07 00:00:45: 获取RSS: MIT Tech Review AI (第1次尝试)
2026-02-07 00:00:50: 主解析器失败，尝试备用: Anthropic Research
2026-02-07 00:00:50: Anthropic Research 第1次失败: RSS feed为空
2026-02-07 00:00:53: 获取RSS: Anthropic Research (第2次尝试)
2026-02-07 00:00:57: 主解析器失败，尝试备用: Anthropic Research
2026-02-07 00:00:57: Anthropic Research 第2次失败: RSS feed为空
2026-02-07 00:00:57: RSS源 Anthropic Research 更新失败: RSS feed为空
2026-02-07 00:00:57: 跳过 10 条重复文章
2026-02-07 00:00:59: 获取RSS: WIRED AI (第1次尝试)
2026-02-07 00:00:59: 获取RSS: Ars Technica AI (第1次尝试)
2026-02-07 00:01:00: WIRED AI 第1次失败: Cannot read properties of undefined (reading 'url')
2026-02-07 00:01:03: 获取RSS: WIRED AI (第2次尝试)
2026-02-07 00:01:05: WIRED AI 第2次失败: Cannot read properties of undefined (reading 'url')
2026-02-07 00:01:05: RSS源 WIRED AI 更新失败: Cannot read properties of undefined (reading 'url')
2026-02-07 00:01:05: 跳过 20 条重复文章
2026-02-07 00:01:07: 获取RSS: VentureBeat AI (第1次尝试)
2026-02-07 00:01:07: 获取RSS: TechCrunch AI (第1次尝试)
2026-02-07 00:01:09: 跳过 7 条重复文章
2026-02-07 00:01:09: 跳过 18 条重复文章
2026-02-07 00:01:11: 获取RSS: The Verge AI (第1次尝试)
2026-02-07 00:01:11: 获取RSS: 机器之心 (第1次尝试)
2026-02-07 00:01:31: 机器之心 第1次失败: timeout of 20000ms exceeded
2026-02-07 00:01:34: 获取RSS: 机器之心 (第2次尝试)
2026-02-07 00:01:54: 机器之心 第2次失败: timeout of 20000ms exceeded
2026-02-07 00:01:54: RSS源 机器之心 更新失败: timeout of 20000ms exceeded
2026-02-07 00:01:54: 跳过 8 条重复文章
2026-02-07 00:01:56: 获取RSS: 量子位 (第1次尝试)
2026-02-07 00:01:56: 获取RSS: PaperWeekly (第1次尝试)
2026-02-07 00:02:16: PaperWeekly 第1次失败: timeout of 20000ms exceeded
2026-02-07 00:02:19: 获取RSS: PaperWeekly (第2次尝试)
2026-02-07 00:02:39: PaperWeekly 第2次失败: timeout of 20000ms exceeded
2026-02-07 00:02:39: RSS源 PaperWeekly 更新失败: timeout of 20000ms exceeded
2026-02-07 00:02:39: 跳过 9 条重复文章
2026-02-07 00:02:41: 获取RSS: PyTorch Blog (第1次尝试)
2026-02-07 00:02:41: 获取RSS: TensorFlow Blog (第1次尝试)
2026-02-07 00:02:44: 跳过 10 条重复文章
2026-02-07 00:02:44: 跳过 25 条重复文章
2026-02-07 00:02:46: 获取RSS: LangChain Blog (第1次尝试)
2026-02-07 00:02:46: 获取RSS: Stanford AI Lab (第1次尝试)
2026-02-07 00:02:51: 跳过 15 条重复文章
2026-02-07 00:02:51: 跳过 15 条重复文章
2026-02-07 00:02:53: 获取RSS: Berkeley AI Research (第1次尝试)
2026-02-07 00:02:53: 获取RSS: CMU Machine Learning (第1次尝试)
2026-02-07 00:02:55: 跳过 10 条重复文章
2026-02-07 00:02:55: 跳过 1 条重复文章
2026-02-07 00:02:57: 获取RSS: Cohere Blog (第1次尝试)
2026-02-07 00:02:57: 获取RSS: Mistral AI Blog (第1次尝试)
2026-02-07 00:02:59: 主解析器失败，尝试备用: Mistral AI Blog
2026-02-07 00:02:59: Mistral AI Blog 第1次失败: RSS feed为空
2026-02-07 00:02:59: 主解析器失败，尝试备用: Cohere Blog
2026-02-07 00:02:59: Cohere Blog 第1次失败: RSS feed为空
2026-02-07 00:03:02: 获取RSS: Mistral AI Blog (第2次尝试)
2026-02-07 00:03:02: 获取RSS: Cohere Blog (第2次尝试)
2026-02-07 00:03:04: 主解析器失败，尝试备用: Mistral AI Blog
2026-02-07 00:03:04: Mistral AI Blog 第2次失败: RSS feed为空
2026-02-07 00:03:04: RSS源 Mistral AI Blog 更新失败: RSS feed为空
2026-02-07 00:03:05: 主解析器失败，尝试备用: Cohere Blog
2026-02-07 00:03:05: Cohere Blog 第2次失败: RSS feed为空
2026-02-07 00:03:05: RSS源 Cohere Blog 更新失败: RSS feed为空
2026-02-07 00:03:07: 获取RSS: Stability AI Blog (第1次尝试)
2026-02-07 00:03:07: 获取RSS: Apple Machine Learning (第1次尝试)
2026-02-07 00:03:09: 主解析器失败，尝试备用: Apple Machine Learning
2026-02-07 00:03:09: Apple Machine Learning 第1次失败: RSS feed为空
2026-02-07 00:03:09: 主解析器失败，尝试备用: Stability AI Blog
2026-02-07 00:03:09: Stability AI Blog 第1次失败: RSS feed为空
2026-02-07 00:03:12: 获取RSS: Apple Machine Learning (第2次尝试)
2026-02-07 00:03:12: 获取RSS: Stability AI Blog (第2次尝试)
2026-02-07 00:03:13: 主解析器失败，尝试备用: Apple Machine Learning
2026-02-07 00:03:13: Apple Machine Learning 第2次失败: RSS feed为空
2026-02-07 00:03:13: RSS源 Apple Machine Learning 更新失败: RSS feed为空
2026-02-07 00:03:13: 主解析器失败，尝试备用: Stability AI Blog
2026-02-07 00:03:13: Stability AI Blog 第2次失败: RSS feed为空
2026-02-07 00:03:13: RSS源 Stability AI Blog 更新失败: RSS feed为空
2026-02-07 00:03:15: 获取RSS: Salesforce AI Research (第1次尝试)
2026-02-07 00:03:15: 获取RSS: AI2 Blog (第1次尝试)
2026-02-07 00:03:18: 主解析器失败，尝试备用: AI2 Blog
2026-02-07 00:03:18: AI2 Blog 第1次失败: RSS feed为空
2026-02-07 00:03:21: 获取RSS: AI2 Blog (第2次尝试)
2026-02-07 00:03:24: 主解析器失败，尝试备用: AI2 Blog
2026-02-07 00:03:24: AI2 Blog 第2次失败: RSS feed为空
2026-02-07 00:03:24: RSS源 AI2 Blog 更新失败: RSS feed为空
2026-02-07 00:03:24: 跳过 8 条重复文章
2026-02-07 00:03:26: 获取RSS: EleutherAI Blog (第1次尝试)
2026-02-07 00:03:26: 获取RSS: Replicate Blog (第1次尝试)
2026-02-07 00:03:28: 主解析器失败，尝试备用: EleutherAI Blog
2026-02-07 00:03:28: EleutherAI Blog 第1次失败: RSS feed为空
2026-02-07 00:03:31: 获取RSS: EleutherAI Blog (第2次尝试)
2026-02-07 00:03:32: 主解析器失败，尝试备用: EleutherAI Blog
2026-02-07 00:03:32: EleutherAI Blog 第2次失败: RSS feed为空
2026-02-07 00:03:32: RSS源 EleutherAI Blog 更新失败: RSS feed为空
2026-02-07 00:03:32: 跳过 118 条重复文章
2026-02-07 00:03:34: 获取RSS: Weights & Biases (第1次尝试)
2026-02-07 00:03:34: 获取RSS: LlamaIndex Blog (第1次尝试)
2026-02-07 00:03:36: 主解析器失败，尝试备用: LlamaIndex Blog
2026-02-07 00:03:36: LlamaIndex Blog 第1次失败: RSS feed为空
2026-02-07 00:03:39: 获取RSS: LlamaIndex Blog (第2次尝试)
2026-02-07 00:03:42: 主解析器失败，尝试备用: LlamaIndex Blog
2026-02-07 00:03:42: LlamaIndex Blog 第2次失败: RSS feed为空
2026-02-07 00:03:42: RSS源 LlamaIndex Blog 更新失败: RSS feed为空
2026-02-07 00:03:42: 主解析器失败，尝试备用: Weights & Biases
2026-02-07 00:03:42: Weights & Biases 第1次失败: RSS feed为空
2026-02-07 00:03:45: 获取RSS: Weights & Biases (第2次尝试)
2026-02-07 00:03:51: 主解析器失败，尝试备用: Weights & Biases
2026-02-07 00:03:51: Weights & Biases 第2次失败: RSS feed为空
2026-02-07 00:03:51: RSS源 Weights & Biases 更新失败: RSS feed为空
2026-02-07 00:03:53: 获取RSS: MIT CSAIL (第1次尝试)
2026-02-07 00:03:53: 获取RSS: Oxford AI Research (第1次尝试)
2026-02-07 00:03:54: 主解析器失败，尝试备用: Oxford AI Research
2026-02-07 00:03:54: Oxford AI Research 第1次失败: RSS feed为空
2026-02-07 00:03:57: 获取RSS: Oxford AI Research (第2次尝试)
2026-02-07 00:03:59: 主解析器失败，尝试备用: Oxford AI Research
2026-02-07 00:03:59: Oxford AI Research 第2次失败: RSS feed为空
2026-02-07 00:03:59: RSS源 Oxford AI Research 更新失败: RSS feed为空
2026-02-07 00:04:01: 主解析器失败，尝试备用: MIT CSAIL
2026-02-07 00:04:01: MIT CSAIL 第1次失败: RSS feed为空
2026-02-07 00:04:04: 获取RSS: MIT CSAIL (第2次尝试)
2026-02-07 00:04:11: 主解析器失败，尝试备用: MIT CSAIL
2026-02-07 00:04:11: MIT CSAIL 第2次失败: RSS feed为空
2026-02-07 00:04:11: RSS源 MIT CSAIL 更新失败: RSS feed为空
2026-02-07 00:04:13: 获取RSS: Google DeepMind Safety (第1次尝试)
2026-02-07 00:04:13: 获取RSS: AI科技大本营 (第1次尝试)
2026-02-07 00:04:15: 主解析器失败，尝试备用: Google DeepMind Safety
2026-02-07 00:04:15: Google DeepMind Safety 第1次失败: RSS feed为空
2026-02-07 00:04:18: 获取RSS: Google DeepMind Safety (第2次尝试)
2026-02-07 00:04:21: 主解析器失败，尝试备用: Google DeepMind Safety
2026-02-07 00:04:21: Google DeepMind Safety 第2次失败: RSS feed为空
2026-02-07 00:04:21: RSS源 Google DeepMind Safety 更新失败: RSS feed为空
2026-02-07 00:04:21: 跳过 20 条重复文章
2026-02-07 00:04:23: 获取RSS: Towards Data Science (第1次尝试)
2026-02-07 00:04:23: 获取RSS: Machine Learning Mastery (第1次尝试)
2026-02-07 00:04:25: 跳过 18 条重复文章
2026-02-07 00:04:25: 跳过 10 条重复文章
2026-02-07 00:04:27: 获取RSS: The Batch (deeplearning.ai) (第1次尝试)
2026-02-07 00:04:27: 获取RSS: Analytics Vidhya (第1次尝试)
2026-02-07 00:04:28: 主解析器失败，尝试备用: The Batch (deeplearning.ai)
2026-02-07 00:04:28: The Batch (deeplearning.ai) 第1次失败: RSS feed为空
2026-02-07 00:04:31: 获取RSS: The Batch (deeplearning.ai) (第2次尝试)
2026-02-07 00:04:32: 主解析器失败，尝试备用: The Batch (deeplearning.ai)
2026-02-07 00:04:32: The Batch (deeplearning.ai) 第2次失败: RSS feed为空
2026-02-07 00:04:32: RSS源 The Batch (deeplearning.ai) 更新失败: RSS feed为空
2026-02-07 00:04:32: 跳过 7 条重复文章
2026-02-07 00:04:34: 获取RSS: KDnuggets (第1次尝试)
2026-02-07 00:04:34: 获取RSS: Distill.pub (第1次尝试)
2026-02-07 00:04:54: KDnuggets 第1次失败: timeout of 20000ms exceeded
2026-02-07 00:04:54: Distill.pub 第1次失败: timeout of 20000ms exceeded
2026-02-07 00:04:57: 获取RSS: KDnuggets (第2次尝试)
2026-02-07 00:04:57: 获取RSS: Distill.pub (第2次尝试)
2026-02-07 00:04:58: 跳过 9 条重复文章
2026-02-07 00:04:58: 跳过 52 条重复文章
2026-02-07 00:05:00: 获取RSS: OpenCV Blog (第1次尝试)
2026-02-07 00:05:00: 获取RSS: Product Hunt AI (第1次尝试)
2026-02-07 00:05:02: 跳过 10 条重复文章
2026-02-07 00:05:02: 跳过 47 条重复文章
2026-02-07 00:05:04: 获取RSS: AI Tools Weekly (第1次尝试)
2026-02-07 00:05:04: 获取RSS: AI Weekly (第1次尝试)
2026-02-07 00:05:06: AI Tools Weekly 第1次失败: Client network socket disconnected before secure TLS connection was established
2026-02-07 00:05:06: 主解析器失败，尝试备用: AI Weekly
2026-02-07 00:05:06: AI Weekly 第1次失败: RSS feed为空
2026-02-07 00:05:09: 获取RSS: AI Tools Weekly (第2次尝试)
2026-02-07 00:05:09: 获取RSS: AI Weekly (第2次尝试)
2026-02-07 00:05:11: AI Tools Weekly 第2次失败: Client network socket disconnected before secure TLS connection was established
2026-02-07 00:05:11: RSS源 AI Tools Weekly 更新失败: Client network socket disconnected before secure TLS connection was established
2026-02-07 00:05:12: 主解析器失败，尝试备用: AI Weekly
2026-02-07 00:05:12: AI Weekly 第2次失败: RSS feed为空
2026-02-07 00:05:12: RSS源 AI Weekly 更新失败: RSS feed为空
2026-02-07 00:05:14: 获取RSS: Last Week in AI (第1次尝试)
2026-02-07 00:05:14: 获取RSS: Import AI (第1次尝试)
2026-02-07 00:05:15: 跳过 20 条重复文章
2026-02-07 00:05:15: 跳过 10 条重复文章
2026-02-07 00:05:17: 获取RSS: Pinecone Blog (第1次尝试)
2026-02-07 00:05:17: 获取RSS: Chroma Blog (第1次尝试)
2026-02-07 00:05:20: 主解析器失败，尝试备用: Chroma Blog
2026-02-07 00:05:20: Chroma Blog 第1次失败: RSS feed为空
2026-02-07 00:05:20: 主解析器失败，尝试备用: Pinecone Blog
2026-02-07 00:05:20: Pinecone Blog 第1次失败: RSS feed为空
2026-02-07 00:05:23: 获取RSS: Chroma Blog (第2次尝试)
2026-02-07 00:05:23: 获取RSS: Pinecone Blog (第2次尝试)
2026-02-07 00:05:25: 主解析器失败，尝试备用: Chroma Blog
2026-02-07 00:05:25: Chroma Blog 第2次失败: RSS feed为空
2026-02-07 00:05:25: RSS源 Chroma Blog 更新失败: RSS feed为空
2026-02-07 00:05:26: 主解析器失败，尝试备用: Pinecone Blog
2026-02-07 00:05:26: Pinecone Blog 第2次失败: RSS feed为空
2026-02-07 00:05:26: RSS源 Pinecone Blog 更新失败: RSS feed为空
2026-02-07 00:05:28: 获取RSS: Ollama Blog (第1次尝试)
2026-02-07 00:05:28: 获取RSS: AI Tool Report (第1次尝试)
2026-02-07 00:05:30: 主解析器失败，尝试备用: Ollama Blog
2026-02-07 00:05:30: Ollama Blog 第1次失败: RSS feed为空
2026-02-07 00:05:33: 获取RSS: Ollama Blog (第2次尝试)
2026-02-07 00:05:33: 主解析器失败，尝试备用: AI Tool Report
2026-02-07 00:05:33: AI Tool Report 第1次失败: RSS feed为空
2026-02-07 00:05:35: 主解析器失败，尝试备用: Ollama Blog
2026-02-07 00:05:35: Ollama Blog 第2次失败: RSS feed为空
2026-02-07 00:05:35: RSS源 Ollama Blog 更新失败: RSS feed为空
2026-02-07 00:05:36: 获取RSS: AI Tool Report (第2次尝试)
2026-02-07 00:05:41: 主解析器失败，尝试备用: AI Tool Report
2026-02-07 00:05:41: AI Tool Report 第2次失败: RSS feed为空
2026-02-07 00:05:41: RSS源 AI Tool Report 更新失败: RSS feed为空
2026-02-07 00:05:43: 获取RSS: Ben’s Bites AI (第1次尝试)
2026-02-07 00:05:43: 获取RSS: FutureTools AI (第1次尝试)
2026-02-07 00:05:46: 主解析器失败，尝试备用: FutureTools AI
2026-02-07 00:05:46: FutureTools AI 第1次失败: RSS feed为空
2026-02-07 00:05:49: 获取RSS: FutureTools AI (第2次尝试)
2026-02-07 00:05:51: 主解析器失败，尝试备用: FutureTools AI
2026-02-07 00:05:51: FutureTools AI 第2次失败: RSS feed为空
2026-02-07 00:05:51: RSS源 FutureTools AI 更新失败: RSS feed为空
2026-02-07 00:05:51: 跳过 20 条重复文章
2026-02-07 00:05:53: 新闻更新完成: 36个源成功, 保存36条, 25个错误
2026-02-07 00:05:53: ✅ 更新完成，新增 36 条新闻
2026-02-07 02:00:00: 🧹 执行数据清理...
2026-02-07 02:00:00: 清理了 1967 条过期新闻
2026-02-07 02:00:00: ✅ 清理完成，删除 1967 条过期新闻
2026-02-07 08:00:00: ⏰ 执行每日定时更新...
2026-02-07 08:00:00: 📅 当前时间: 2026/2/7 08:00:00
2026-02-07 08:00:00: 开始更新新闻...
2026-02-07 08:00:00: 获取RSS: arXiv AI (第1次尝试)
2026-02-07 08:00:00: 获取RSS: arXiv Computation and Language (第1次尝试)
2026-02-07 08:00:04: 跳过 310 条重复文章
2026-02-07 08:00:04: 跳过 156 条重复文章
2026-02-07 08:00:06: 获取RSS: arXiv Computer Vision (第1次尝试)
2026-02-07 08:00:06: 获取RSS: arXiv Machine Learning (第1次尝试)
2026-02-07 08:00:10: 跳过 205 条重复文章
2026-02-07 08:00:10: 跳过 406 条重复文章
2026-02-07 08:00:12: 获取RSS: Hugging Face Blog (第1次尝试)
2026-02-07 08:00:12: 获取RSS: OpenAI Blog (第1次尝试)
2026-02-07 08:00:19: 跳过 6 条重复文章
2026-02-07 08:00:24: 跳过 11 条重复文章
2026-02-07 08:00:26: 获取RSS: Google AI Blog (第1次尝试)
2026-02-07 08:00:26: 获取RSS: DeepMind Blog (第1次尝试)
2026-02-07 08:00:29: 主解析器失败，尝试备用: DeepMind Blog
2026-02-07 08:00:29: DeepMind Blog 第1次失败: RSS feed为空
2026-02-07 08:00:32: 获取RSS: DeepMind Blog (第2次尝试)
2026-02-07 08:00:34: 主解析器失败，尝试备用: DeepMind Blog
2026-02-07 08:00:34: DeepMind Blog 第2次失败: RSS feed为空
2026-02-07 08:00:34: RSS源 DeepMind Blog 更新失败: RSS feed为空
2026-02-07 08:00:34: 跳过 6 条重复文章
2026-02-07 08:00:36: 获取RSS: Meta AI Blog (第1次尝试)
2026-02-07 08:00:36: 获取RSS: Microsoft AI Blog (第1次尝试)
2026-02-07 08:00:38: 主解析器失败，尝试备用: Meta AI Blog
2026-02-07 08:00:38: Meta AI Blog 第1次失败: RSS feed为空
2026-02-07 08:00:41: 获取RSS: Meta AI Blog (第2次尝试)
2026-02-07 08:00:43: 主解析器失败，尝试备用: Meta AI Blog
2026-02-07 08:00:43: Meta AI Blog 第2次失败: RSS feed为空
2026-02-07 08:00:43: RSS源 Meta AI Blog 更新失败: RSS feed为空
2026-02-07 08:00:45: 获取RSS: NVIDIA Blog (第1次尝试)
2026-02-07 08:00:45: 获取RSS: Amazon AWS AI Blog (第1次尝试)
2026-02-07 08:00:48: 跳过 3 条重复文章
2026-02-07 08:00:48: 跳过 11 条重复文章
2026-02-07 08:00:50: 获取RSS: Anthropic Research (第1次尝试)
2026-02-07 08:00:50: 获取RSS: MIT Tech Review AI (第1次尝试)
2026-02-07 08:00:51: 主解析器失败，尝试备用: Anthropic Research
2026-02-07 08:00:51: Anthropic Research 第1次失败: RSS feed为空
2026-02-07 08:00:54: 获取RSS: Anthropic Research (第2次尝试)
2026-02-07 08:00:55: 主解析器失败，尝试备用: Anthropic Research
2026-02-07 08:00:55: Anthropic Research 第2次失败: RSS feed为空
2026-02-07 08:00:55: RSS源 Anthropic Research 更新失败: RSS feed为空
2026-02-07 08:00:55: 跳过 5 条重复文章
2026-02-07 08:00:57: 获取RSS: WIRED AI (第1次尝试)
2026-02-07 08:00:57: 获取RSS: Ars Technica AI (第1次尝试)
2026-02-07 08:00:58: WIRED AI 第1次失败: Cannot read properties of undefined (reading 'url')
2026-02-07 08:01:01: 获取RSS: WIRED AI (第2次尝试)
2026-02-07 08:01:02: WIRED AI 第2次失败: Cannot read properties of undefined (reading 'url')
2026-02-07 08:01:02: RSS源 WIRED AI 更新失败: Cannot read properties of undefined (reading 'url')
2026-02-07 08:01:02: 跳过 11 条重复文章
2026-02-07 08:01:04: 获取RSS: VentureBeat AI (第1次尝试)
2026-02-07 08:01:04: 获取RSS: TechCrunch AI (第1次尝试)
2026-02-07 08:01:06: 跳过 15 条重复文章
2026-02-07 08:01:08: 获取RSS: The Verge AI (第1次尝试)
2026-02-07 08:01:08: 获取RSS: 机器之心 (第1次尝试)
2026-02-07 08:01:28: 机器之心 第1次失败: timeout of 20000ms exceeded
2026-02-07 08:01:31: 获取RSS: 机器之心 (第2次尝试)
2026-02-07 08:01:51: 机器之心 第2次失败: timeout of 20000ms exceeded
2026-02-07 08:01:51: RSS源 机器之心 更新失败: timeout of 20000ms exceeded
2026-02-07 08:01:52: 跳过 8 条重复文章
2026-02-07 08:01:54: 获取RSS: 量子位 (第1次尝试)
2026-02-07 08:01:54: 获取RSS: PaperWeekly (第1次尝试)
2026-02-07 08:02:14: PaperWeekly 第1次失败: timeout of 20000ms exceeded
2026-02-07 08:02:17: 获取RSS: PaperWeekly (第2次尝试)
2026-02-07 08:02:37: PaperWeekly 第2次失败: timeout of 20000ms exceeded
2026-02-07 08:02:37: RSS源 PaperWeekly 更新失败: timeout of 20000ms exceeded
2026-02-07 08:02:37: 跳过 10 条重复文章
2026-02-07 08:02:39: 获取RSS: PyTorch Blog (第1次尝试)
2026-02-07 08:02:39: 获取RSS: TensorFlow Blog (第1次尝试)
2026-02-07 08:02:41: 跳过 3 条重复文章
2026-02-07 08:02:43: 获取RSS: LangChain Blog (第1次尝试)
2026-02-07 08:02:43: 获取RSS: Stanford AI Lab (第1次尝试)
2026-02-07 08:02:48: 跳过 1 条重复文章
2026-02-07 08:02:50: 获取RSS: Berkeley AI Research (第1次尝试)
2026-02-07 08:02:50: 获取RSS: CMU Machine Learning (第1次尝试)
2026-02-07 08:02:58: 获取RSS: Cohere Blog (第1次尝试)
2026-02-07 08:02:58: 获取RSS: Mistral AI Blog (第1次尝试)
2026-02-07 08:03:00: 主解析器失败，尝试备用: Mistral AI Blog
2026-02-07 08:03:00: Mistral AI Blog 第1次失败: RSS feed为空
2026-02-07 08:03:01: 主解析器失败，尝试备用: Cohere Blog
2026-02-07 08:03:01: Cohere Blog 第1次失败: RSS feed为空
2026-02-07 08:03:03: 获取RSS: Mistral AI Blog (第2次尝试)
2026-02-07 08:03:04: 获取RSS: Cohere Blog (第2次尝试)
2026-02-07 08:03:05: 主解析器失败，尝试备用: Mistral AI Blog
2026-02-07 08:03:05: Mistral AI Blog 第2次失败: RSS feed为空
2026-02-07 08:03:05: RSS源 Mistral AI Blog 更新失败: RSS feed为空
2026-02-07 08:03:06: 主解析器失败，尝试备用: Cohere Blog
2026-02-07 08:03:06: Cohere Blog 第2次失败: RSS feed为空
2026-02-07 08:03:06: RSS源 Cohere Blog 更新失败: RSS feed为空
2026-02-07 08:03:08: 获取RSS: Stability AI Blog (第1次尝试)
2026-02-07 08:03:08: 获取RSS: Apple Machine Learning (第1次尝试)
2026-02-07 08:03:09: 主解析器失败，尝试备用: Apple Machine Learning
2026-02-07 08:03:09: Apple Machine Learning 第1次失败: RSS feed为空
2026-02-07 08:03:10: 主解析器失败，尝试备用: Stability AI Blog
2026-02-07 08:03:10: Stability AI Blog 第1次失败: RSS feed为空
2026-02-07 08:03:12: 获取RSS: Apple Machine Learning (第2次尝试)
2026-02-07 08:03:13: 获取RSS: Stability AI Blog (第2次尝试)
2026-02-07 08:03:13: 主解析器失败，尝试备用: Apple Machine Learning
2026-02-07 08:03:13: Apple Machine Learning 第2次失败: RSS feed为空
2026-02-07 08:03:13: RSS源 Apple Machine Learning 更新失败: RSS feed为空
2026-02-07 08:03:14: 主解析器失败，尝试备用: Stability AI Blog
2026-02-07 08:03:14: Stability AI Blog 第2次失败: RSS feed为空
2026-02-07 08:03:14: RSS源 Stability AI Blog 更新失败: RSS feed为空
2026-02-07 08:03:16: 获取RSS: Salesforce AI Research (第1次尝试)
2026-02-07 08:03:16: 获取RSS: AI2 Blog (第1次尝试)
2026-02-07 08:03:19: 主解析器失败，尝试备用: AI2 Blog
2026-02-07 08:03:19: AI2 Blog 第1次失败: RSS feed为空
2026-02-07 08:03:22: 获取RSS: AI2 Blog (第2次尝试)
2026-02-07 08:03:25: 主解析器失败，尝试备用: AI2 Blog
2026-02-07 08:03:25: AI2 Blog 第2次失败: RSS feed为空
2026-02-07 08:03:25: RSS源 AI2 Blog 更新失败: RSS feed为空
2026-02-07 08:03:25: 跳过 8 条重复文章
2026-02-07 08:03:27: 获取RSS: EleutherAI Blog (第1次尝试)
2026-02-07 08:03:27: 获取RSS: Replicate Blog (第1次尝试)
2026-02-07 08:03:28: 主解析器失败，尝试备用: EleutherAI Blog
2026-02-07 08:03:28: EleutherAI Blog 第1次失败: RSS feed为空
2026-02-07 08:03:31: 获取RSS: EleutherAI Blog (第2次尝试)
2026-02-07 08:03:32: 主解析器失败，尝试备用: EleutherAI Blog
2026-02-07 08:03:32: EleutherAI Blog 第2次失败: RSS feed为空
2026-02-07 08:03:32: RSS源 EleutherAI Blog 更新失败: RSS feed为空
2026-02-07 08:03:35: 获取RSS: Weights & Biases (第1次尝试)
2026-02-07 08:03:35: 获取RSS: LlamaIndex Blog (第1次尝试)
2026-02-07 08:03:37: 主解析器失败，尝试备用: LlamaIndex Blog
2026-02-07 08:03:37: LlamaIndex Blog 第1次失败: RSS feed为空
2026-02-07 08:03:40: 获取RSS: LlamaIndex Blog (第2次尝试)
2026-02-07 08:03:42: 主解析器失败，尝试备用: Weights & Biases
2026-02-07 08:03:42: Weights & Biases 第1次失败: RSS feed为空
2026-02-07 08:03:42: 主解析器失败，尝试备用: LlamaIndex Blog
2026-02-07 08:03:42: LlamaIndex Blog 第2次失败: RSS feed为空
2026-02-07 08:03:42: RSS源 LlamaIndex Blog 更新失败: RSS feed为空
2026-02-07 08:03:45: 获取RSS: Weights & Biases (第2次尝试)
2026-02-07 08:03:50: 主解析器失败，尝试备用: Weights & Biases
2026-02-07 08:03:50: Weights & Biases 第2次失败: RSS feed为空
2026-02-07 08:03:50: RSS源 Weights & Biases 更新失败: RSS feed为空
2026-02-07 08:03:52: 获取RSS: MIT CSAIL (第1次尝试)
2026-02-07 08:03:52: 获取RSS: Oxford AI Research (第1次尝试)
2026-02-07 08:03:54: 主解析器失败，尝试备用: Oxford AI Research
2026-02-07 08:03:54: Oxford AI Research 第1次失败: RSS feed为空
2026-02-07 08:03:57: 获取RSS: Oxford AI Research (第2次尝试)
2026-02-07 08:03:58: 主解析器失败，尝试备用: Oxford AI Research
2026-02-07 08:03:58: Oxford AI Research 第2次失败: RSS feed为空
2026-02-07 08:03:58: RSS源 Oxford AI Research 更新失败: RSS feed为空
2026-02-07 08:04:13: 主解析器失败，尝试备用: MIT CSAIL
2026-02-07 08:04:13: MIT CSAIL 第1次失败: RSS feed为空
2026-02-07 08:04:16: 获取RSS: MIT CSAIL (第2次尝试)
2026-02-07 08:04:41: MIT CSAIL 第2次失败: timeout of 25000ms exceeded
2026-02-07 08:04:41: RSS源 MIT CSAIL 更新失败: timeout of 25000ms exceeded
2026-02-07 08:04:43: 获取RSS: Google DeepMind Safety (第1次尝试)
2026-02-07 08:04:43: 获取RSS: AI科技大本营 (第1次尝试)
2026-02-07 08:04:46: 主解析器失败，尝试备用: Google DeepMind Safety
2026-02-07 08:04:46: Google DeepMind Safety 第1次失败: RSS feed为空
2026-02-07 08:04:49: 获取RSS: Google DeepMind Safety (第2次尝试)
2026-02-07 08:04:51: 主解析器失败，尝试备用: Google DeepMind Safety
2026-02-07 08:04:51: Google DeepMind Safety 第2次失败: RSS feed为空
2026-02-07 08:04:52: RSS源 Google DeepMind Safety 更新失败: RSS feed为空
2026-02-07 08:04:52: 跳过 3 条重复文章
2026-02-07 08:04:54: 获取RSS: Towards Data Science (第1次尝试)
2026-02-07 08:04:54: 获取RSS: Machine Learning Mastery (第1次尝试)
2026-02-07 08:04:56: 跳过 20 条重复文章
2026-02-07 08:04:56: 跳过 4 条重复文章
2026-02-07 08:04:58: 获取RSS: The Batch (deeplearning.ai) (第1次尝试)
2026-02-07 08:04:58: 获取RSS: Analytics Vidhya (第1次尝试)
2026-02-07 08:04:59: 主解析器失败，尝试备用: The Batch (deeplearning.ai)
2026-02-07 08:04:59: The Batch (deeplearning.ai) 第1次失败: RSS feed为空
2026-02-07 08:05:02: 获取RSS: The Batch (deeplearning.ai) (第2次尝试)
2026-02-07 08:05:03: 主解析器失败，尝试备用: The Batch (deeplearning.ai)
2026-02-07 08:05:03: The Batch (deeplearning.ai) 第2次失败: RSS feed为空
2026-02-07 08:05:03: RSS源 The Batch (deeplearning.ai) 更新失败: RSS feed为空
2026-02-07 08:05:03: 跳过 10 条重复文章
2026-02-07 08:05:05: 获取RSS: KDnuggets (第1次尝试)
2026-02-07 08:05:05: 获取RSS: Distill.pub (第1次尝试)
2026-02-07 08:05:06: 跳过 10 条重复文章
2026-02-07 08:05:09: 获取RSS: OpenCV Blog (第1次尝试)
2026-02-07 08:05:09: 获取RSS: Product Hunt AI (第1次尝试)
2026-02-07 08:05:10: 跳过 2 条重复文章
2026-02-07 08:05:10: 跳过 37 条重复文章
2026-02-07 08:05:12: 获取RSS: AI Tools Weekly (第1次尝试)
2026-02-07 08:05:12: 获取RSS: AI Weekly (第1次尝试)
2026-02-07 08:05:14: AI Tools Weekly 第1次失败: Client network socket disconnected before secure TLS connection was established
2026-02-07 08:05:14: 主解析器失败，尝试备用: AI Weekly
2026-02-07 08:05:14: AI Weekly 第1次失败: RSS feed为空
2026-02-07 08:05:17: 获取RSS: AI Tools Weekly (第2次尝试)
2026-02-07 08:05:17: 获取RSS: AI Weekly (第2次尝试)
2026-02-07 08:05:19: AI Tools Weekly 第2次失败: Client network socket disconnected before secure TLS connection was established
2026-02-07 08:05:19: RSS源 AI Tools Weekly 更新失败: Client network socket disconnected before secure TLS connection was established
2026-02-07 08:05:20: 主解析器失败，尝试备用: AI Weekly
2026-02-07 08:05:20: AI Weekly 第2次失败: RSS feed为空
2026-02-07 08:05:20: RSS源 AI Weekly 更新失败: RSS feed为空
2026-02-07 08:05:22: 获取RSS: Last Week in AI (第1次尝试)
2026-02-07 08:05:22: 获取RSS: Import AI (第1次尝试)
2026-02-07 08:05:23: 跳过 2 条重复文章
2026-02-07 08:05:23: 跳过 1 条重复文章
2026-02-07 08:05:25: 获取RSS: Pinecone Blog (第1次尝试)
2026-02-07 08:05:25: 获取RSS: Chroma Blog (第1次尝试)
2026-02-07 08:05:28: 主解析器失败，尝试备用: Chroma Blog
2026-02-07 08:05:28: Chroma Blog 第1次失败: RSS feed为空
2026-02-07 08:05:28: 主解析器失败，尝试备用: Pinecone Blog
2026-02-07 08:05:28: Pinecone Blog 第1次失败: RSS feed为空
2026-02-07 08:05:31: 获取RSS: Chroma Blog (第2次尝试)
2026-02-07 08:05:31: 获取RSS: Pinecone Blog (第2次尝试)
2026-02-07 08:05:33: 主解析器失败，尝试备用: Chroma Blog
2026-02-07 08:05:33: Chroma Blog 第2次失败: RSS feed为空
2026-02-07 08:05:33: RSS源 Chroma Blog 更新失败: RSS feed为空
2026-02-07 08:05:34: 主解析器失败，尝试备用: Pinecone Blog
2026-02-07 08:05:34: Pinecone Blog 第2次失败: RSS feed为空
2026-02-07 08:05:34: RSS源 Pinecone Blog 更新失败: RSS feed为空
2026-02-07 08:05:36: 获取RSS: Ollama Blog (第1次尝试)
2026-02-07 08:05:36: 获取RSS: AI Tool Report (第1次尝试)
2026-02-07 08:05:38: 主解析器失败，尝试备用: Ollama Blog
2026-02-07 08:05:38: Ollama Blog 第1次失败: RSS feed为空
2026-02-07 08:05:41: 获取RSS: Ollama Blog (第2次尝试)
2026-02-07 08:05:42: 主解析器失败，尝试备用: AI Tool Report
2026-02-07 08:05:42: AI Tool Report 第1次失败: RSS feed为空
2026-02-07 08:05:43: 主解析器失败，尝试备用: Ollama Blog
2026-02-07 08:05:43: Ollama Blog 第2次失败: RSS feed为空
2026-02-07 08:05:43: RSS源 Ollama Blog 更新失败: RSS feed为空
2026-02-07 08:05:45: 获取RSS: AI Tool Report (第2次尝试)
2026-02-07 08:05:49: 主解析器失败，尝试备用: AI Tool Report
2026-02-07 08:05:49: AI Tool Report 第2次失败: RSS feed为空
2026-02-07 08:05:49: RSS源 AI Tool Report 更新失败: RSS feed为空
2026-02-07 08:05:51: 获取RSS: Ben’s Bites AI (第1次尝试)
2026-02-07 08:05:51: 获取RSS: FutureTools AI (第1次尝试)
2026-02-07 08:05:54: 主解析器失败，尝试备用: FutureTools AI
2026-02-07 08:05:54: FutureTools AI 第1次失败: RSS feed为空
2026-02-07 08:05:57: 获取RSS: FutureTools AI (第2次尝试)
2026-02-07 08:05:59: 主解析器失败，尝试备用: FutureTools AI
2026-02-07 08:05:59: FutureTools AI 第2次失败: RSS feed为空
2026-02-07 08:05:59: RSS源 FutureTools AI 更新失败: RSS feed为空
2026-02-07 08:06:00: 跳过 3 条重复文章
2026-02-07 08:06:01: 新闻更新完成: 36个源成功, 保存1981条, 25个错误
2026-02-07 08:06:01: ✅ 每日更新完成，新增 1981 条新闻
2026-02-07 12:00:00: ⏰ 执行定期更新（每12小时）...
2026-02-07 12:00:00: 📅 当前时间: 2026/2/7 12:00:00
2026-02-07 12:00:00: 开始更新新闻...
2026-02-07 12:00:00: 获取RSS: arXiv AI (第1次尝试)
2026-02-07 12:00:00: 获取RSS: arXiv Computation and Language (第1次尝试)
2026-02-07 12:00:05: 跳过 310 条重复文章
2026-02-07 12:00:05: 跳过 156 条重复文章
2026-02-07 12:00:07: 获取RSS: arXiv Computer Vision (第1次尝试)
2026-02-07 12:00:07: 获取RSS: arXiv Machine Learning (第1次尝试)
2026-02-07 12:00:11: 跳过 205 条重复文章
2026-02-07 12:00:11: 跳过 406 条重复文章
2026-02-07 12:00:13: 获取RSS: Hugging Face Blog (第1次尝试)
2026-02-07 12:00:13: 获取RSS: OpenAI Blog (第1次尝试)
2026-02-07 12:00:16: 跳过 731 条重复文章
2026-02-07 12:00:17: 跳过 839 条重复文章
2026-02-07 12:00:19: 获取RSS: Google AI Blog (第1次尝试)
2026-02-07 12:00:19: 获取RSS: DeepMind Blog (第1次尝试)
2026-02-07 12:00:21: 主解析器失败，尝试备用: DeepMind Blog
2026-02-07 12:00:21: DeepMind Blog 第1次失败: RSS feed为空
2026-02-07 12:00:24: 获取RSS: DeepMind Blog (第2次尝试)
2026-02-07 12:00:27: 主解析器失败，尝试备用: DeepMind Blog
2026-02-07 12:00:27: DeepMind Blog 第2次失败: RSS feed为空
2026-02-07 12:00:27: RSS源 DeepMind Blog 更新失败: RSS feed为空
2026-02-07 12:00:27: 跳过 20 条重复文章
2026-02-07 12:00:29: 获取RSS: Meta AI Blog (第1次尝试)
2026-02-07 12:00:29: 获取RSS: Microsoft AI Blog (第1次尝试)
2026-02-07 12:00:31: 主解析器失败，尝试备用: Meta AI Blog
2026-02-07 12:00:31: Meta AI Blog 第1次失败: RSS feed为空
2026-02-07 12:00:34: 获取RSS: Meta AI Blog (第2次尝试)
2026-02-07 12:00:35: 主解析器失败，尝试备用: Meta AI Blog
2026-02-07 12:00:35: Meta AI Blog 第2次失败: RSS feed为空
2026-02-07 12:00:35: RSS源 Meta AI Blog 更新失败: RSS feed为空
2026-02-07 12:00:35: 跳过 10 条重复文章
2026-02-07 12:00:37: 获取RSS: NVIDIA Blog (第1次尝试)
2026-02-07 12:00:37: 获取RSS: Amazon AWS AI Blog (第1次尝试)
2026-02-07 12:00:40: 跳过 18 条重复文章
2026-02-07 12:00:40: 跳过 20 条重复文章
2026-02-07 12:00:42: 获取RSS: Anthropic Research (第1次尝试)
2026-02-07 12:00:42: 获取RSS: MIT Tech Review AI (第1次尝试)
2026-02-07 12:00:43: 主解析器失败，尝试备用: Anthropic Research
2026-02-07 12:00:43: Anthropic Research 第1次失败: RSS feed为空
2026-02-07 12:00:46: 获取RSS: Anthropic Research (第2次尝试)
2026-02-07 12:00:47: 主解析器失败，尝试备用: Anthropic Research
2026-02-07 12:00:47: Anthropic Research 第2次失败: RSS feed为空
2026-02-07 12:00:47: RSS源 Anthropic Research 更新失败: RSS feed为空
2026-02-07 12:00:47: 跳过 10 条重复文章
2026-02-07 12:00:49: 获取RSS: WIRED AI (第1次尝试)
2026-02-07 12:00:49: 获取RSS: Ars Technica AI (第1次尝试)
2026-02-07 12:00:50: WIRED AI 第1次失败: Cannot read properties of undefined (reading 'url')
2026-02-07 12:00:53: 获取RSS: WIRED AI (第2次尝试)
2026-02-07 12:00:54: WIRED AI 第2次失败: Cannot read properties of undefined (reading 'url')
2026-02-07 12:00:54: RSS源 WIRED AI 更新失败: Cannot read properties of undefined (reading 'url')
2026-02-07 12:00:54: 跳过 19 条重复文章
2026-02-07 12:00:56: 获取RSS: VentureBeat AI (第1次尝试)
2026-02-07 12:00:56: 获取RSS: TechCrunch AI (第1次尝试)
2026-02-07 12:00:58: 跳过 7 条重复文章
2026-02-07 12:00:58: 跳过 19 条重复文章
2026-02-07 12:01:00: 获取RSS: The Verge AI (第1次尝试)
2026-02-07 12:01:00: 获取RSS: 机器之心 (第1次尝试)
2026-02-07 12:01:20: 机器之心 第1次失败: timeout of 20000ms exceeded
2026-02-07 12:01:23: 获取RSS: 机器之心 (第2次尝试)
2026-02-07 12:01:43: 机器之心 第2次失败: timeout of 20000ms exceeded
2026-02-07 12:01:44: RSS源 机器之心 更新失败: timeout of 20000ms exceeded
2026-02-07 12:01:44: 跳过 10 条重复文章
2026-02-07 12:01:46: 获取RSS: 量子位 (第1次尝试)
2026-02-07 12:01:46: 获取RSS: PaperWeekly (第1次尝试)
2026-02-07 12:02:06: PaperWeekly 第1次失败: timeout of 20000ms exceeded
2026-02-07 12:02:09: 获取RSS: PaperWeekly (第2次尝试)
2026-02-07 12:02:29: PaperWeekly 第2次失败: timeout of 20000ms exceeded
2026-02-07 12:02:29: RSS源 PaperWeekly 更新失败: timeout of 20000ms exceeded
2026-02-07 12:02:29: 跳过 10 条重复文章
2026-02-07 12:02:31: 获取RSS: PyTorch Blog (第1次尝试)
2026-02-07 12:02:31: 获取RSS: TensorFlow Blog (第1次尝试)
2026-02-07 12:02:33: 跳过 10 条重复文章
2026-02-07 12:02:33: 跳过 25 条重复文章
2026-02-07 12:02:35: 获取RSS: LangChain Blog (第1次尝试)
2026-02-07 12:02:35: 获取RSS: Stanford AI Lab (第1次尝试)
2026-02-07 12:02:40: 跳过 15 条重复文章
2026-02-07 12:02:40: 跳过 15 条重复文章
2026-02-07 12:02:42: 获取RSS: Berkeley AI Research (第1次尝试)
2026-02-07 12:02:42: 获取RSS: CMU Machine Learning (第1次尝试)
2026-02-07 12:02:43: 跳过 10 条重复文章
2026-02-07 12:02:43: 跳过 1 条重复文章
2026-02-07 12:02:45: 获取RSS: Cohere Blog (第1次尝试)
2026-02-07 12:02:45: 获取RSS: Mistral AI Blog (第1次尝试)
2026-02-07 12:02:47: 主解析器失败，尝试备用: Mistral AI Blog
2026-02-07 12:02:47: Mistral AI Blog 第1次失败: RSS feed为空
2026-02-07 12:02:48: 主解析器失败，尝试备用: Cohere Blog
2026-02-07 12:02:48: Cohere Blog 第1次失败: RSS feed为空
2026-02-07 12:02:50: 获取RSS: Mistral AI Blog (第2次尝试)
2026-02-07 12:02:51: 获取RSS: Cohere Blog (第2次尝试)
2026-02-07 12:02:52: 主解析器失败，尝试备用: Mistral AI Blog
2026-02-07 12:02:52: Mistral AI Blog 第2次失败: RSS feed为空
2026-02-07 12:02:52: RSS源 Mistral AI Blog 更新失败: RSS feed为空
2026-02-07 12:02:54: 主解析器失败，尝试备用: Cohere Blog
2026-02-07 12:02:54: Cohere Blog 第2次失败: RSS feed为空
2026-02-07 12:02:54: RSS源 Cohere Blog 更新失败: RSS feed为空
2026-02-07 12:02:56: 获取RSS: Stability AI Blog (第1次尝试)
2026-02-07 12:02:56: 获取RSS: Apple Machine Learning (第1次尝试)
2026-02-07 12:02:57: 主解析器失败，尝试备用: Apple Machine Learning
2026-02-07 12:02:57: Apple Machine Learning 第1次失败: RSS feed为空
2026-02-07 12:02:57: 主解析器失败，尝试备用: Stability AI Blog
2026-02-07 12:02:57: Stability AI Blog 第1次失败: RSS feed为空
2026-02-07 12:03:00: 获取RSS: Apple Machine Learning (第2次尝试)
2026-02-07 12:03:00: 获取RSS: Stability AI Blog (第2次尝试)
2026-02-07 12:03:01: 主解析器失败，尝试备用: Apple Machine Learning
2026-02-07 12:03:01: Apple Machine Learning 第2次失败: RSS feed为空
2026-02-07 12:03:01: RSS源 Apple Machine Learning 更新失败: RSS feed为空
2026-02-07 12:03:01: 主解析器失败，尝试备用: Stability AI Blog
2026-02-07 12:03:01: Stability AI Blog 第2次失败: RSS feed为空
2026-02-07 12:03:01: RSS源 Stability AI Blog 更新失败: RSS feed为空
2026-02-07 12:03:03: 获取RSS: Salesforce AI Research (第1次尝试)
2026-02-07 12:03:03: 获取RSS: AI2 Blog (第1次尝试)
2026-02-07 12:03:06: 主解析器失败，尝试备用: AI2 Blog
2026-02-07 12:03:06: AI2 Blog 第1次失败: RSS feed为空
2026-02-07 12:03:09: 获取RSS: AI2 Blog (第2次尝试)
2026-02-07 12:03:11: 主解析器失败，尝试备用: AI2 Blog
2026-02-07 12:03:11: AI2 Blog 第2次失败: RSS feed为空
2026-02-07 12:03:11: RSS源 AI2 Blog 更新失败: RSS feed为空
2026-02-07 12:03:11: 跳过 10 条重复文章
2026-02-07 12:03:13: 获取RSS: EleutherAI Blog (第1次尝试)
2026-02-07 12:03:13: 获取RSS: Replicate Blog (第1次尝试)
2026-02-07 12:03:15: 主解析器失败，尝试备用: EleutherAI Blog
2026-02-07 12:03:15: EleutherAI Blog 第1次失败: RSS feed为空
2026-02-07 12:03:18: 获取RSS: EleutherAI Blog (第2次尝试)
2026-02-07 12:03:18: 主解析器失败，尝试备用: EleutherAI Blog
2026-02-07 12:03:18: EleutherAI Blog 第2次失败: RSS feed为空
2026-02-07 12:03:18: RSS源 EleutherAI Blog 更新失败: RSS feed为空
2026-02-07 12:03:19: 跳过 118 条重复文章
2026-02-07 12:03:21: 获取RSS: Weights & Biases (第1次尝试)
2026-02-07 12:03:21: 获取RSS: LlamaIndex Blog (第1次尝试)
2026-02-07 12:03:23: 主解析器失败，尝试备用: LlamaIndex Blog
2026-02-07 12:03:23: LlamaIndex Blog 第1次失败: RSS feed为空
2026-02-07 12:03:26: 获取RSS: LlamaIndex Blog (第2次尝试)
2026-02-07 12:03:28: 主解析器失败，尝试备用: Weights & Biases
2026-02-07 12:03:28: Weights & Biases 第1次失败: RSS feed为空
2026-02-07 12:03:28: 主解析器失败，尝试备用: LlamaIndex Blog
2026-02-07 12:03:28: LlamaIndex Blog 第2次失败: RSS feed为空
2026-02-07 12:03:28: RSS源 LlamaIndex Blog 更新失败: RSS feed为空
2026-02-07 12:03:31: 获取RSS: Weights & Biases (第2次尝试)
2026-02-07 12:03:36: 主解析器失败，尝试备用: Weights & Biases
2026-02-07 12:03:36: Weights & Biases 第2次失败: RSS feed为空
2026-02-07 12:03:36: RSS源 Weights & Biases 更新失败: RSS feed为空
2026-02-07 12:03:38: 获取RSS: MIT CSAIL (第1次尝试)
2026-02-07 12:03:38: 获取RSS: Oxford AI Research (第1次尝试)
2026-02-07 12:03:39: 主解析器失败，尝试备用: Oxford AI Research
2026-02-07 12:03:39: Oxford AI Research 第1次失败: RSS feed为空
2026-02-07 12:03:40: 主解析器失败，尝试备用: MIT CSAIL
2026-02-07 12:03:40: MIT CSAIL 第1次失败: RSS feed为空
2026-02-07 12:03:42: 获取RSS: Oxford AI Research (第2次尝试)
2026-02-07 12:03:43: 获取RSS: MIT CSAIL (第2次尝试)
2026-02-07 12:03:43: 主解析器失败，尝试备用: Oxford AI Research
2026-02-07 12:03:43: Oxford AI Research 第2次失败: RSS feed为空
2026-02-07 12:03:44: RSS源 Oxford AI Research 更新失败: RSS feed为空
2026-02-07 12:03:46: 主解析器失败，尝试备用: MIT CSAIL
2026-02-07 12:03:46: MIT CSAIL 第2次失败: RSS feed为空
2026-02-07 12:03:46: RSS源 MIT CSAIL 更新失败: RSS feed为空
2026-02-07 12:03:48: 获取RSS: Google DeepMind Safety (第1次尝试)
2026-02-07 12:03:48: 获取RSS: AI科技大本营 (第1次尝试)
2026-02-07 12:03:50: 主解析器失败，尝试备用: Google DeepMind Safety
2026-02-07 12:03:50: Google DeepMind Safety 第1次失败: RSS feed为空
2026-02-07 12:03:53: 获取RSS: Google DeepMind Safety (第2次尝试)
2026-02-07 12:03:55: 主解析器失败，尝试备用: Google DeepMind Safety
2026-02-07 12:03:55: Google DeepMind Safety 第2次失败: RSS feed为空
2026-02-07 12:03:55: RSS源 Google DeepMind Safety 更新失败: RSS feed为空
2026-02-07 12:03:55: 跳过 20 条重复文章
2026-02-07 12:03:57: 获取RSS: Towards Data Science (第1次尝试)
2026-02-07 12:03:57: 获取RSS: Machine Learning Mastery (第1次尝试)
2026-02-07 12:03:59: 跳过 20 条重复文章
2026-02-07 12:03:59: 跳过 10 条重复文章
2026-02-07 12:04:01: 获取RSS: The Batch (deeplearning.ai) (第1次尝试)
2026-02-07 12:04:01: 获取RSS: Analytics Vidhya (第1次尝试)
2026-02-07 12:04:02: 主解析器失败，尝试备用: The Batch (deeplearning.ai)
2026-02-07 12:04:02: The Batch (deeplearning.ai) 第1次失败: RSS feed为空
2026-02-07 12:04:05: 获取RSS: The Batch (deeplearning.ai) (第2次尝试)
2026-02-07 12:04:06: 主解析器失败，尝试备用: The Batch (deeplearning.ai)
2026-02-07 12:04:06: The Batch (deeplearning.ai) 第2次失败: RSS feed为空
2026-02-07 12:04:06: RSS源 The Batch (deeplearning.ai) 更新失败: RSS feed为空
2026-02-07 12:04:06: 跳过 10 条重复文章
2026-02-07 12:04:08: 获取RSS: KDnuggets (第1次尝试)
2026-02-07 12:04:08: 获取RSS: Distill.pub (第1次尝试)
2026-02-07 12:04:09: 跳过 10 条重复文章
2026-02-07 12:04:10: 跳过 52 条重复文章
2026-02-07 12:04:12: 获取RSS: OpenCV Blog (第1次尝试)
2026-02-07 12:04:12: 获取RSS: Product Hunt AI (第1次尝试)
2026-02-07 12:04:13: 跳过 10 条重复文章
2026-02-07 12:04:13: 跳过 46 条重复文章
2026-02-07 12:04:15: 获取RSS: AI Tools Weekly (第1次尝试)
2026-02-07 12:04:15: 获取RSS: AI Weekly (第1次尝试)
2026-02-07 12:04:17: AI Tools Weekly 第1次失败: Client network socket disconnected before secure TLS connection was established
2026-02-07 12:04:17: 主解析器失败，尝试备用: AI Weekly
2026-02-07 12:04:17: AI Weekly 第1次失败: RSS feed为空
2026-02-07 12:04:20: 获取RSS: AI Tools Weekly (第2次尝试)
2026-02-07 12:04:20: 获取RSS: AI Weekly (第2次尝试)
2026-02-07 12:04:22: AI Tools Weekly 第2次失败: Client network socket disconnected before secure TLS connection was established
2026-02-07 12:04:22: RSS源 AI Tools Weekly 更新失败: Client network socket disconnected before secure TLS connection was established
2026-02-07 12:04:22: 主解析器失败，尝试备用: AI Weekly
2026-02-07 12:04:22: AI Weekly 第2次失败: RSS feed为空
2026-02-07 12:04:22: RSS源 AI Weekly 更新失败: RSS feed为空
2026-02-07 12:04:24: 获取RSS: Last Week in AI (第1次尝试)
2026-02-07 12:04:24: 获取RSS: Import AI (第1次尝试)
2026-02-07 12:04:26: 跳过 20 条重复文章
2026-02-07 12:04:26: 跳过 10 条重复文章
2026-02-07 12:04:28: 获取RSS: Pinecone Blog (第1次尝试)
2026-02-07 12:04:28: 获取RSS: Chroma Blog (第1次尝试)
2026-02-07 12:04:30: 主解析器失败，尝试备用: Chroma Blog
2026-02-07 12:04:30: Chroma Blog 第1次失败: RSS feed为空
2026-02-07 12:04:33: 主解析器失败，尝试备用: Pinecone Blog
2026-02-07 12:04:33: Pinecone Blog 第1次失败: RSS feed为空
2026-02-07 12:04:33: 获取RSS: Chroma Blog (第2次尝试)
2026-02-07 12:04:35: 主解析器失败，尝试备用: Chroma Blog
2026-02-07 12:04:35: Chroma Blog 第2次失败: RSS feed为空
2026-02-07 12:04:35: RSS源 Chroma Blog 更新失败: RSS feed为空
2026-02-07 12:04:36: 获取RSS: Pinecone Blog (第2次尝试)
2026-02-07 12:04:39: 主解析器失败，尝试备用: Pinecone Blog
2026-02-07 12:04:39: Pinecone Blog 第2次失败: RSS feed为空
2026-02-07 12:04:39: RSS源 Pinecone Blog 更新失败: RSS feed为空
2026-02-07 12:04:41: 获取RSS: Ollama Blog (第1次尝试)
2026-02-07 12:04:41: 获取RSS: AI Tool Report (第1次尝试)
2026-02-07 12:04:44: 主解析器失败，尝试备用: Ollama Blog
2026-02-07 12:04:44: Ollama Blog 第1次失败: RSS feed为空
2026-02-07 12:04:46: 主解析器失败，尝试备用: AI Tool Report
2026-02-07 12:04:46: AI Tool Report 第1次失败: RSS feed为空
2026-02-07 12:04:47: 获取RSS: Ollama Blog (第2次尝试)
2026-02-07 12:04:49: 获取RSS: AI Tool Report (第2次尝试)
2026-02-07 12:04:49: 主解析器失败，尝试备用: Ollama Blog
2026-02-07 12:04:49: Ollama Blog 第2次失败: RSS feed为空
2026-02-07 12:04:49: RSS源 Ollama Blog 更新失败: RSS feed为空
2026-02-07 12:04:54: 主解析器失败，尝试备用: AI Tool Report
2026-02-07 12:04:54: AI Tool Report 第2次失败: RSS feed为空
2026-02-07 12:04:54: RSS源 AI Tool Report 更新失败: RSS feed为空
2026-02-07 12:04:56: 获取RSS: Ben’s Bites AI (第1次尝试)
2026-02-07 12:04:56: 获取RSS: FutureTools AI (第1次尝试)
2026-02-07 12:04:59: 主解析器失败，尝试备用: FutureTools AI
2026-02-07 12:04:59: FutureTools AI 第1次失败: RSS feed为空
2026-02-07 12:05:02: 获取RSS: FutureTools AI (第2次尝试)
2026-02-07 12:05:05: 主解析器失败，尝试备用: FutureTools AI
2026-02-07 12:05:05: FutureTools AI 第2次失败: RSS feed为空
2026-02-07 12:05:05: RSS源 FutureTools AI 更新失败: RSS feed为空
2026-02-07 12:05:05: 跳过 20 条重复文章
2026-02-07 12:05:06: 跳过 5 条重复文章
2026-02-07 12:05:06: 新闻更新完成: 36个源成功, 保存21条, 25个错误
2026-02-07 12:05:06: ✅ 更新完成，新增 21 条新闻
